2026-05-03 14:56:05 | WARNING  | routers.auth_router:request_challenge:34 - Login attempt for non-existent ID: 1
2026-05-03 14:57:07 | WARNING  | routers.auth_router:request_challenge:34 - Login attempt for non-existent ID: 999
2026-05-03 14:58:54 | WARNING  | routers.auth_router:request_challenge:35 - Login attempt for non-existent ID: 999
2026-05-03 14:59:06 | WARNING  | routers.auth_router:request_challenge:35 - Login attempt for non-existent ID: 999
2026-05-03 14:59:23 | INFO     | routers.auth_router:request_challenge:57 - Challenge (reg) for new PK generated
2026-05-03 15:05:46 | WARNING  | routers.auth_router:request_challenge:35 - Login attempt for non-existent ID: 42
2026-05-03 15:07:00 | INFO     | routers.auth_router:request_challenge:41 - Challenge (login) for ID 11 generated
2026-05-03 15:07:05 | INFO     | routers.auth_router:request_challenge:41 - Challenge (login) for ID 11 generated
2026-05-03 15:07:06 | INFO     | routers.auth_router:request_challenge:41 - Challenge (login) for ID 11 generated
2026-05-03 15:07:06 | INFO     | routers.auth_router:request_challenge:41 - Challenge (login) for ID 11 generated
2026-05-03 15:29:16 | INFO     | routers.auth_router:request_challenge:41 - Challenge (login) for ID 11 generated
2026-05-03 18:09:11 | INFO     | routers.auth_router:request_challenge:42 - Challenge (login) for ID 11 generated
2026-05-03 18:09:11 | ERROR    | fastapi.routing:run_endpoint_function:290 - An error has been caught in function 'run_endpoint_function', process 'MainProcess' (23600), thread 'MainThread' (10956):
Traceback (most recent call last):

  File "C:\Users\Chane\AppData\Local\Programs\Python\Python313\Lib\site-packages\redis\asyncio\connection.py", line 669, in send_packed_command
    self._writer.writelines(command)
    │    │                  └ [b'*2\r\n$3\r\nGET\r\n$78\r\nauth:nonce:pk:f45183910a47f7e3c2bc6c0b4eed1c38990a192a2707bcddbd262b66d735f976\r\n']
    │    └ <member '_writer' of 'AbstractConnection' objects>
    └ <redis.asyncio.connection.Connection(host=127.0.0.1,port=6379,db=0)>
  File "C:\Users\Chane\AppData\Local\Programs\Python\Python313\Lib\asyncio\streams.py", line 343, in writelines
    self._transport.writelines(data)
    │    │          │          └ [b'*2\r\n$3\r\nGET\r\n$78\r\nauth:nonce:pk:f45183910a47f7e3c2bc6c0b4eed1c38990a192a2707bcddbd262b66d735f976\r\n']
    │    │          └ <function WriteTransport.writelines at 0x000001B0215756C0>
    │    └ <_ProactorSocketTransport closing fd=808 read=<_OverlappedFuture cancelled>>
    └ <StreamWriter transport=<_ProactorSocketTransport closing fd=808 read=<_OverlappedFuture cancelled>> reader=<StreamReader tra...
  File "C:\Users\Chane\AppData\Local\Programs\Python\Python313\Lib\asyncio\transports.py", line 123, in writelines
    self.write(data)
    │    │     └ b'*2\r\n$3\r\nGET\r\n$78\r\nauth:nonce:pk:f45183910a47f7e3c2bc6c0b4eed1c38990a192a2707bcddbd262b66d735f976\r\n'
    │    └ <function _ProactorBaseWritePipeTransport.write at 0x000001B0215F3600>
    └ <_ProactorSocketTransport closing fd=808 read=<_OverlappedFuture cancelled>>
  File "C:\Users\Chane\AppData\Local\Programs\Python\Python313\Lib\asyncio\proactor_events.py", line 366, in write
    self._loop_writing(data=bytes(data))
    │    │                        └ b'*2\r\n$3\r\nGET\r\n$78\r\nauth:nonce:pk:f45183910a47f7e3c2bc6c0b4eed1c38990a192a2707bcddbd262b66d735f976\r\n'
    │    └ <function _ProactorBaseWritePipeTransport._loop_writing at 0x000001B0215F36A0>
    └ <_ProactorSocketTransport closing fd=808 read=<_OverlappedFuture cancelled>>
  File "C:\Users\Chane\AppData\Local\Programs\Python\Python313\Lib\asyncio\proactor_events.py", line 402, in _loop_writing
    self._write_fut = self._loop._proactor.send(self._sock, data)
    │    │            │    │                    │    │      └ b'*2\r\n$3\r\nGET\r\n$78\r\nauth:nonce:pk:f45183910a47f7e3c2bc6c0b4eed1c38990a192a2707bcddbd262b66d735f976\r\n'
    │    │            │    │                    │    └ <socket.socket fd=808, family=2, type=1, proto=6, laddr=('127.0.0.1', 64579), raddr=('127.0.0.1', 6379)>
    │    │            │    │                    └ <_ProactorSocketTransport closing fd=808 read=<_OverlappedFuture cancelled>>
    │    │            │    └ <member '_loop' of '_FlowControlMixin' objects>
    │    │            └ <_ProactorSocketTransport closing fd=808 read=<_OverlappedFuture cancelled>>
    │    └ None
    └ <_ProactorSocketTransport closing fd=808 read=<_OverlappedFuture cancelled>>

AttributeError: 'NoneType' object has no attribute 'send'


During handling of the above exception, another exception occurred:


Traceback (most recent call last):

  File "<frozen runpy>", line 198, in _run_module_as_main
  File "<frozen runpy>", line 88, in _run_code
  File "C:\Users\Chane\AppData\Local\Programs\Python\Python313\Lib\site-packages\pytest\__main__.py", line 9, in <module>
    raise SystemExit(pytest.console_main())
                     │      └ <function console_main at 0x000001B020D2F880>
                     └ <module 'pytest' from 'C:\\Users\\Chane\\AppData\\Local\\Programs\\Python\\Python313\\Lib\\site-packages\\pytest\\__init__.py'>
  File "C:\Users\Chane\AppData\Local\Programs\Python\Python313\Lib\site-packages\_pytest\config\__init__.py", line 201, in console_main
    code = main()
           └ <function main at 0x000001B020D2F7E0>
  File "C:\Users\Chane\AppData\Local\Programs\Python\Python313\Lib\site-packages\_pytest\config\__init__.py", line 175, in main
    ret: ExitCode | int = config.hook.pytest_cmdline_main(config=config)
         │                │      │    │                          └ <_pytest.config.Config object at 0x000001B020FE23C0>
         │                │      │    └ <HookCaller 'pytest_cmdline_main'>
         │                │      └ <_pytest.config.compat.PathAwareHookProxy object at 0x000001B020FE2900>
         │                └ <_pytest.config.Config object at 0x000001B020FE23C0>
         └ <enum 'ExitCode'>
  File "C:\Users\Chane\AppData\Local\Programs\Python\Python313\Lib\site-packages\pluggy\_hooks.py", line 513, in __call__
    return self._hookexec(self.name, self._hookimpls.copy(), kwargs, firstresult)
           │    │         │    │     │    │                  │       └ True
           │    │         │    │     │    │                  └ {'config': <_pytest.config.Config object at 0x000001B020FE23C0>}
           │    │         │    │     │    └ <member '_hookimpls' of 'HookCaller' objects>
           │    │         │    │     └ <HookCaller 'pytest_cmdline_main'>
           │    │         │    └ <member 'name' of 'HookCaller' objects>
           │    │         └ <HookCaller 'pytest_cmdline_main'>
           │    └ <member '_hookexec' of 'HookCaller' objects>
           └ <HookCaller 'pytest_cmdline_main'>
  File "C:\Users\Chane\AppData\Local\Programs\Python\Python313\Lib\site-packages\pluggy\_manager.py", line 120, in _hookexec
    return self._inner_hookexec(hook_name, methods, kwargs, firstresult)
           │    │               │          │        │       └ True
           │    │               │          │        └ {'config': <_pytest.config.Config object at 0x000001B020FE23C0>}
           │    │               │          └ [<HookImpl plugin_name='main', plugin=<module '_pytest.main' from 'C:\\Users\\Chane\\AppData\\Local\\Programs\\Python\\Python...
           │    │               └ 'pytest_cmdline_main'
           │    └ <function _multicall at 0x000001B0206BF9C0>
           └ <_pytest.config.PytestPluginManager object at 0x000001B020E53E00>
  File "C:\Users\Chane\AppData\Local\Programs\Python\Python313\Lib\site-packages\pluggy\_callers.py", line 103, in _multicall
    res = hook_impl.function(*args)
          │         │         └ [<_pytest.config.Config object at 0x000001B020FE23C0>]
          │         └ <member 'function' of 'HookImpl' objects>
          └ <HookImpl plugin_name='main', plugin=<module '_pytest.main' from 'C:\\Users\\Chane\\AppData\\Local\\Programs\\Python\\Python3...
  File "C:\Users\Chane\AppData\Local\Programs\Python\Python313\Lib\site-packages\_pytest\main.py", line 330, in pytest_cmdline_main
    return wrap_session(config, _main)
           │            │       └ <function _main at 0x000001B020DB8F40>
           │            └ <_pytest.config.Config object at 0x000001B020FE23C0>
           └ <function wrap_session at 0x000001B020DB8E00>
  File "C:\Users\Chane\AppData\Local\Programs\Python\Python313\Lib\site-packages\_pytest\main.py", line 283, in wrap_session
    session.exitstatus = doit(config, session) or 0
    │       │            │    │       └ <Session  exitstatus=<ExitCode.OK: 0> testsfailed=0 testscollected=4>
    │       │            │    └ <_pytest.config.Config object at 0x000001B020FE23C0>
    │       │            └ <function _main at 0x000001B020DB8F40>
    │       └ <ExitCode.OK: 0>
    └ <Session  exitstatus=<ExitCode.OK: 0> testsfailed=0 testscollected=4>
  File "C:\Users\Chane\AppData\Local\Programs\Python\Python313\Lib\site-packages\_pytest\main.py", line 337, in _main
    config.hook.pytest_runtestloop(session=session)
    │      │    │                          └ <Session  exitstatus=<ExitCode.OK: 0> testsfailed=0 testscollected=4>
    │      │    └ <HookCaller 'pytest_runtestloop'>
    │      └ <_pytest.config.compat.PathAwareHookProxy object at 0x000001B020FE2900>
    └ <_pytest.config.Config object at 0x000001B020FE23C0>
  File "C:\Users\Chane\AppData\Local\Programs\Python\Python313\Lib\site-packages\pluggy\_hooks.py", line 513, in __call__
    return self._hookexec(self.name, self._hookimpls.copy(), kwargs, firstresult)
           │    │         │    │     │    │                  │       └ True
           │    │         │    │     │    │                  └ {'session': <Session  exitstatus=<ExitCode.OK: 0> testsfailed=0 testscollected=4>}
           │    │         │    │     │    └ <member '_hookimpls' of 'HookCaller' objects>
           │    │         │    │     └ <HookCaller 'pytest_runtestloop'>
           │    │         │    └ <member 'name' of 'HookCaller' objects>
           │    │         └ <HookCaller 'pytest_runtestloop'>
           │    └ <member '_hookexec' of 'HookCaller' objects>
           └ <HookCaller 'pytest_runtestloop'>
  File "C:\Users\Chane\AppData\Local\Programs\Python\Python313\Lib\site-packages\pluggy\_manager.py", line 120, in _hookexec
    return self._inner_hookexec(hook_name, methods, kwargs, firstresult)
           │    │               │          │        │       └ True
           │    │               │          │        └ {'session': <Session  exitstatus=<ExitCode.OK: 0> testsfailed=0 testscollected=4>}
           │    │               │          └ [<HookImpl plugin_name='main', plugin=<module '_pytest.main' from 'C:\\Users\\Chane\\AppData\\Local\\Programs\\Python\\Python...
           │    │               └ 'pytest_runtestloop'
           │    └ <function _multicall at 0x000001B0206BF9C0>
           └ <_pytest.config.PytestPluginManager object at 0x000001B020E53E00>
  File "C:\Users\Chane\AppData\Local\Programs\Python\Python313\Lib\site-packages\pluggy\_callers.py", line 103, in _multicall
    res = hook_impl.function(*args)
          │         │         └ [<Session  exitstatus=<ExitCode.OK: 0> testsfailed=0 testscollected=4>]
          │         └ <member 'function' of 'HookImpl' objects>
          └ <HookImpl plugin_name='main', plugin=<module '_pytest.main' from 'C:\\Users\\Chane\\AppData\\Local\\Programs\\Python\\Python3...
  File "C:\Users\Chane\AppData\Local\Programs\Python\Python313\Lib\site-packages\_pytest\main.py", line 362, in pytest_runtestloop
    item.config.hook.pytest_runtest_protocol(item=item, nextitem=nextitem)
    │    │                                        │              └ None
    │    │                                        └ <Coroutine test_verify_registration_success>
    │    └ <member 'config' of 'Node' objects>
    └ <Coroutine test_verify_registration_success>
  File "C:\Users\Chane\AppData\Local\Programs\Python\Python313\Lib\site-packages\pluggy\_hooks.py", line 513, in __call__
    return self._hookexec(self.name, self._hookimpls.copy(), kwargs, firstresult)
           │    │         │    │     │    │                  │       └ True
           │    │         │    │     │    │                  └ {'item': <Coroutine test_verify_registration_success>, 'nextitem': None}
           │    │         │    │     │    └ <member '_hookimpls' of 'HookCaller' objects>
           │    │         │    │     └ <HookCaller 'pytest_runtest_protocol'>
           │    │         │    └ <member 'name' of 'HookCaller' objects>
           │    │         └ <HookCaller 'pytest_runtest_protocol'>
           │    └ <member '_hookexec' of 'HookCaller' objects>
           └ <HookCaller 'pytest_runtest_protocol'>
  File "C:\Users\Chane\AppData\Local\Programs\Python\Python313\Lib\site-packages\pluggy\_manager.py", line 120, in _hookexec
    return self._inner_hookexec(hook_name, methods, kwargs, firstresult)
           │    │               │          │        │       └ True
           │    │               │          │        └ {'item': <Coroutine test_verify_registration_success>, 'nextitem': None}
           │    │               │          └ [<HookImpl plugin_name='runner', plugin=<module '_pytest.runner' from 'C:\\Users\\Chane\\AppData\\Local\\Programs\\Python\\Py...
           │    │               └ 'pytest_runtest_protocol'
           │    └ <function _multicall at 0x000001B0206BF9C0>
           └ <_pytest.config.PytestPluginManager object at 0x000001B020E53E00>
  File "C:\Users\Chane\AppData\Local\Programs\Python\Python313\Lib\site-packages\pluggy\_callers.py", line 103, in _multicall
    res = hook_impl.function(*args)
          │         │         └ [<Coroutine test_verify_registration_success>, None]
          │         └ <member 'function' of 'HookImpl' objects>
          └ <HookImpl plugin_name='runner', plugin=<module '_pytest.runner' from 'C:\\Users\\Chane\\AppData\\Local\\Programs\\Python\\Pyt...
  File "C:\Users\Chane\AppData\Local\Programs\Python\Python313\Lib\site-packages\_pytest\runner.py", line 113, in pytest_runtest_protocol
    runtestprotocol(item, nextitem=nextitem)
    │               │              └ None
    │               └ <Coroutine test_verify_registration_success>
    └ <function runtestprotocol at 0x000001B020DB8040>
  File "C:\Users\Chane\AppData\Local\Programs\Python\Python313\Lib\site-packages\_pytest\runner.py", line 132, in runtestprotocol
    reports.append(call_and_report(item, "call", log))
    │       │      │               │             └ True
    │       │      │               └ <Coroutine test_verify_registration_success>
    │       │      └ <function call_and_report at 0x000001B020DB84A0>
    │       └ <method 'append' of 'list' objects>
    └ [<TestReport 'tests/auth_test.py::test_verify_registration_success' when='setup' outcome='passed'>]
  File "C:\Users\Chane\AppData\Local\Programs\Python\Python313\Lib\site-packages\_pytest\runner.py", line 241, in call_and_report
    call = CallInfo.from_call(
           │        └ <classmethod(<function CallInfo.from_call at 0x000001B020DB87C0>)>
           └ <class '_pytest.runner.CallInfo'>
  File "C:\Users\Chane\AppData\Local\Programs\Python\Python313\Lib\site-packages\_pytest\runner.py", line 341, in from_call
    result: TResult | None = func()
            │                └ <function call_and_report.<locals>.<lambda> at 0x000001B02AD6BB00>
            └ +TResult
  File "C:\Users\Chane\AppData\Local\Programs\Python\Python313\Lib\site-packages\_pytest\runner.py", line 242, in <lambda>
    lambda: runtest_hook(item=item, **kwds), when=when, reraise=reraise
            │                 │       └ {}
            │                 └ <Coroutine test_verify_registration_success>
            └ <HookCaller 'pytest_runtest_call'>
  File "C:\Users\Chane\AppData\Local\Programs\Python\Python313\Lib\site-packages\pluggy\_hooks.py", line 513, in __call__
    return self._hookexec(self.name, self._hookimpls.copy(), kwargs, firstresult)
           │    │         │    │     │    │                  │       └ False
           │    │         │    │     │    │                  └ {'item': <Coroutine test_verify_registration_success>}
           │    │         │    │     │    └ <member '_hookimpls' of 'HookCaller' objects>
           │    │         │    │     └ <HookCaller 'pytest_runtest_call'>
           │    │         │    └ <member 'name' of 'HookCaller' objects>
           │    │         └ <HookCaller 'pytest_runtest_call'>
           │    └ <member '_hookexec' of 'HookCaller' objects>
           └ <HookCaller 'pytest_runtest_call'>
  File "C:\Users\Chane\AppData\Local\Programs\Python\Python313\Lib\site-packages\pluggy\_manager.py", line 120, in _hookexec
    return self._inner_hookexec(hook_name, methods, kwargs, firstresult)
           │    │               │          │        │       └ False
           │    │               │          │        └ {'item': <Coroutine test_verify_registration_success>}
           │    │               │          └ [<HookImpl plugin_name='runner', plugin=<module '_pytest.runner' from 'C:\\Users\\Chane\\AppData\\Local\\Programs\\Python\\Py...
           │    │               └ 'pytest_runtest_call'
           │    └ <function _multicall at 0x000001B0206BF9C0>
           └ <_pytest.config.PytestPluginManager object at 0x000001B020E53E00>
  File "C:\Users\Chane\AppData\Local\Programs\Python\Python313\Lib\site-packages\pluggy\_callers.py", line 103, in _multicall
    res = hook_impl.function(*args)
          │         │         └ [<Coroutine test_verify_registration_success>]
          │         └ <member 'function' of 'HookImpl' objects>
          └ <HookImpl plugin_name='runner', plugin=<module '_pytest.runner' from 'C:\\Users\\Chane\\AppData\\Local\\Programs\\Python\\Pyt...
  File "C:\Users\Chane\AppData\Local\Programs\Python\Python313\Lib\site-packages\_pytest\runner.py", line 174, in pytest_runtest_call
    item.runtest()
    │    └ <function PytestAsyncioFunction.runtest at 0x000001B022C20F40>
    └ <Coroutine test_verify_registration_success>
  File "C:\Users\Chane\AppData\Local\Programs\Python\Python313\Lib\site-packages\pytest_asyncio\plugin.py", line 469, in runtest
    super().runtest()
  File "C:\Users\Chane\AppData\Local\Programs\Python\Python313\Lib\site-packages\_pytest\python.py", line 1627, in runtest
    self.ihook.pytest_pyfunc_call(pyfuncitem=self)
    │    │                                   └ <Coroutine test_verify_registration_success>
    │    └ <property object at 0x000001B020D5D530>
    └ <Coroutine test_verify_registration_success>
  File "C:\Users\Chane\AppData\Local\Programs\Python\Python313\Lib\site-packages\pluggy\_hooks.py", line 513, in __call__
    return self._hookexec(self.name, self._hookimpls.copy(), kwargs, firstresult)
           │    │         │    │     │    │                  │       └ True
           │    │         │    │     │    │                  └ {'pyfuncitem': <Coroutine test_verify_registration_success>}
           │    │         │    │     │    └ <member '_hookimpls' of 'HookCaller' objects>
           │    │         │    │     └ <HookCaller 'pytest_pyfunc_call'>
           │    │         │    └ <member 'name' of 'HookCaller' objects>
           │    │         └ <HookCaller 'pytest_pyfunc_call'>
           │    └ <member '_hookexec' of 'HookCaller' objects>
           └ <HookCaller 'pytest_pyfunc_call'>
  File "C:\Users\Chane\AppData\Local\Programs\Python\Python313\Lib\site-packages\pluggy\_manager.py", line 120, in _hookexec
    return self._inner_hookexec(hook_name, methods, kwargs, firstresult)
           │    │               │          │        │       └ True
           │    │               │          │        └ {'pyfuncitem': <Coroutine test_verify_registration_success>}
           │    │               │          └ [<HookImpl plugin_name='python', plugin=<module '_pytest.python' from 'C:\\Users\\Chane\\AppData\\Local\\Programs\\Python\\Py...
           │    │               └ 'pytest_pyfunc_call'
           │    └ <function _multicall at 0x000001B0206BF9C0>
           └ <_pytest.config.PytestPluginManager object at 0x000001B020E53E00>
  File "C:\Users\Chane\AppData\Local\Programs\Python\Python313\Lib\site-packages\pluggy\_callers.py", line 103, in _multicall
    res = hook_impl.function(*args)
          │         │         └ [<Coroutine test_verify_registration_success>]
          │         └ <member 'function' of 'HookImpl' objects>
          └ <HookImpl plugin_name='python', plugin=<module '_pytest.python' from 'C:\\Users\\Chane\\AppData\\Local\\Programs\\Python\\Pyt...
  File "C:\Users\Chane\AppData\Local\Programs\Python\Python313\Lib\site-packages\_pytest\python.py", line 159, in pytest_pyfunc_call
    result = testfunction(**testargs)
             │              └ {'client': <httpx.AsyncClient object at 0x000001B02ACF4690>, 'redis_test_client': <redis.asyncio.client.Redis(<redis.asyncio....
             └ <function test_verify_registration_success at 0x000001B02ADF0220>
  File "C:\Users\Chane\AppData\Local\Programs\Python\Python313\Lib\site-packages\pytest_asyncio\plugin.py", line 716, in inner
    runner.run(coro, context=context)
    │      │   │             └ <_contextvars.Context object at 0x000001B02ABB3A80>
    │      │   └ <coroutine object test_verify_registration_success at 0x000001B02ACB8EE0>
    │      └ <function Runner.run at 0x000001B0215C8860>
    └ <asyncio.runners.Runner object at 0x000001B02AD79950>
  File "C:\Users\Chane\AppData\Local\Programs\Python\Python313\Lib\asyncio\runners.py", line 118, in run
    return self._loop.run_until_complete(task)
           │    │     │                  └ <Task pending name='Task-14' coro=<test_verify_registration_success() running at e:\dev\share_it\back-end\tests\auth_test.py:...
           │    │     └ <function BaseEventLoop.run_until_complete at 0x000001B0215D22A0>
           │    └ <ProactorEventLoop running=True closed=False debug=False>
           └ <asyncio.runners.Runner object at 0x000001B02AD79950>
  File "C:\Users\Chane\AppData\Local\Programs\Python\Python313\Lib\asyncio\base_events.py", line 712, in run_until_complete
    self.run_forever()
    │    └ <function BaseEventLoop.run_forever at 0x000001B0215D2200>
    └ <ProactorEventLoop running=True closed=False debug=False>
  File "C:\Users\Chane\AppData\Local\Programs\Python\Python313\Lib\asyncio\base_events.py", line 683, in run_forever
    self._run_once()
    │    └ <function BaseEventLoop._run_once at 0x000001B0215C8040>
    └ <ProactorEventLoop running=True closed=False debug=False>
  File "C:\Users\Chane\AppData\Local\Programs\Python\Python313\Lib\asyncio\base_events.py", line 2040, in _run_once
    handle._run()
    │      └ <function Handle._run at 0x000001B02155D8A0>
    └ <Handle Task.task_wakeup()>
  File "C:\Users\Chane\AppData\Local\Programs\Python\Python313\Lib\asyncio\events.py", line 89, in _run
    self._context.run(self._callback, *self._args)
    │    │            │    │           │    └ <member '_args' of 'Handle' objects>
    │    │            │    │           └ <Handle Task.task_wakeup()>
    │    │            │    └ <member '_callback' of 'Handle' objects>
    │    │            └ <Handle Task.task_wakeup()>
    │    └ <member '_context' of 'Handle' objects>
    └ <Handle Task.task_wakeup()>
  File "C:\Users\Chane\AppData\Local\Programs\Python\Python313\Lib\site-packages\starlette\middleware\base.py", line 144, in coro
    await self.app(scope, receive_or_disconnect, send_no_error)
          │    │   │      │                      └ <function BaseHTTPMiddleware.__call__.<locals>.call_next.<locals>.send_no_error at 0x000001B02AEF1DA0>
          │    │   │      └ <function BaseHTTPMiddleware.__call__.<locals>.call_next.<locals>.receive_or_disconnect at 0x000001B02ACD3740>
          │    │   └ {'type': 'http', 'asgi': {'version': '3.0'}, 'http_version': '1.1', 'method': 'POST', 'headers': [(b'host', b'test'), (b'acce...
          │    └ <starlette.middleware.exceptions.ExceptionMiddleware object at 0x000001B02ACC2E40>
          └ <slowapi.middleware.SlowAPIMiddleware object at 0x000001B02ACC2F90>
  File "C:\Users\Chane\AppData\Local\Programs\Python\Python313\Lib\site-packages\starlette\middleware\exceptions.py", line 63, in __call__
    await wrap_app_handling_exceptions(self.app, conn)(scope, receive, send)
          │                            │    │    │     │      │        └ <function BaseHTTPMiddleware.__call__.<locals>.call_next.<locals>.send_no_error at 0x000001B02AEF1DA0>
          │                            │    │    │     │      └ <function BaseHTTPMiddleware.__call__.<locals>.call_next.<locals>.receive_or_disconnect at 0x000001B02ACD3740>
          │                            │    │    │     └ {'type': 'http', 'asgi': {'version': '3.0'}, 'http_version': '1.1', 'method': 'POST', 'headers': [(b'host', b'test'), (b'acce...
          │                            │    │    └ <starlette.requests.Request object at 0x000001B02AD7B250>
          │                            │    └ <fastapi.middleware.asyncexitstack.AsyncExitStackMiddleware object at 0x000001B02ACC2CF0>
          │                            └ <starlette.middleware.exceptions.ExceptionMiddleware object at 0x000001B02ACC2E40>
          └ <function wrap_app_handling_exceptions at 0x000001B02666ED40>
  File "C:\Users\Chane\AppData\Local\Programs\Python\Python313\Lib\site-packages\starlette\_exception_handler.py", line 42, in wrapped_app
    await app(scope, receive, sender)
          │   │      │        └ <function wrap_app_handling_exceptions.<locals>.wrapped_app.<locals>.sender at 0x000001B02AEF1A80>
          │   │      └ <function BaseHTTPMiddleware.__call__.<locals>.call_next.<locals>.receive_or_disconnect at 0x000001B02ACD3740>
          │   └ {'type': 'http', 'asgi': {'version': '3.0'}, 'http_version': '1.1', 'method': 'POST', 'headers': [(b'host', b'test'), (b'acce...
          └ <fastapi.middleware.asyncexitstack.AsyncExitStackMiddleware object at 0x000001B02ACC2CF0>
  File "C:\Users\Chane\AppData\Local\Programs\Python\Python313\Lib\site-packages\fastapi\middleware\asyncexitstack.py", line 18, in __call__
    await self.app(scope, receive, send)
          │    │   │      │        └ <function wrap_app_handling_exceptions.<locals>.wrapped_app.<locals>.sender at 0x000001B02AEF1A80>
          │    │   │      └ <function BaseHTTPMiddleware.__call__.<locals>.call_next.<locals>.receive_or_disconnect at 0x000001B02ACD3740>
          │    │   └ {'type': 'http', 'asgi': {'version': '3.0'}, 'http_version': '1.1', 'method': 'POST', 'headers': [(b'host', b'test'), (b'acce...
          │    └ <fastapi.routing.APIRouter object at 0x000001B02AC432F0>
          └ <fastapi.middleware.asyncexitstack.AsyncExitStackMiddleware object at 0x000001B02ACC2CF0>
  File "C:\Users\Chane\AppData\Local\Programs\Python\Python313\Lib\site-packages\starlette\routing.py", line 716, in __call__
    await self.middleware_stack(scope, receive, send)
          │    │                │      │        └ <function wrap_app_handling_exceptions.<locals>.wrapped_app.<locals>.sender at 0x000001B02AEF1A80>
          │    │                │      └ <function BaseHTTPMiddleware.__call__.<locals>.call_next.<locals>.receive_or_disconnect at 0x000001B02ACD3740>
          │    │                └ {'type': 'http', 'asgi': {'version': '3.0'}, 'http_version': '1.1', 'method': 'POST', 'headers': [(b'host', b'test'), (b'acce...
          │    └ <bound method Router.app of <fastapi.routing.APIRouter object at 0x000001B02AC432F0>>
          └ <fastapi.routing.APIRouter object at 0x000001B02AC432F0>
  File "C:\Users\Chane\AppData\Local\Programs\Python\Python313\Lib\site-packages\starlette\routing.py", line 736, in app
    await route.handle(scope, receive, send)
          │     │      │      │        └ <function wrap_app_handling_exceptions.<locals>.wrapped_app.<locals>.sender at 0x000001B02AEF1A80>
          │     │      │      └ <function BaseHTTPMiddleware.__call__.<locals>.call_next.<locals>.receive_or_disconnect at 0x000001B02ACD3740>
          │     │      └ {'type': 'http', 'asgi': {'version': '3.0'}, 'http_version': '1.1', 'method': 'POST', 'headers': [(b'host', b'test'), (b'acce...
          │     └ <function Route.handle at 0x000001B0266985E0>
          └ APIRoute(path='/auth/verify_challenge', name='verify_challenge', methods=['POST'])
  File "C:\Users\Chane\AppData\Local\Programs\Python\Python313\Lib\site-packages\starlette\routing.py", line 290, in handle
    await self.app(scope, receive, send)
          │    │   │      │        └ <function wrap_app_handling_exceptions.<locals>.wrapped_app.<locals>.sender at 0x000001B02AEF1A80>
          │    │   │      └ <function BaseHTTPMiddleware.__call__.<locals>.call_next.<locals>.receive_or_disconnect at 0x000001B02ACD3740>
          │    │   └ {'type': 'http', 'asgi': {'version': '3.0'}, 'http_version': '1.1', 'method': 'POST', 'headers': [(b'host', b'test'), (b'acce...
          │    └ <function request_response.<locals>.app at 0x000001B02AD68C20>
          └ APIRoute(path='/auth/verify_challenge', name='verify_challenge', methods=['POST'])
  File "C:\Users\Chane\AppData\Local\Programs\Python\Python313\Lib\site-packages\fastapi\routing.py", line 125, in app
    await wrap_app_handling_exceptions(app, request)(scope, receive, send)
          │                            │    │        │      │        └ <function wrap_app_handling_exceptions.<locals>.wrapped_app.<locals>.sender at 0x000001B02AEF1A80>
          │                            │    │        │      └ <function BaseHTTPMiddleware.__call__.<locals>.call_next.<locals>.receive_or_disconnect at 0x000001B02ACD3740>
          │                            │    │        └ {'type': 'http', 'asgi': {'version': '3.0'}, 'http_version': '1.1', 'method': 'POST', 'headers': [(b'host', b'test'), (b'acce...
          │                            │    └ <starlette.requests.Request object at 0x000001B02ADF5810>
          │                            └ <function request_response.<locals>.app.<locals>.app at 0x000001B02AEF19E0>
          └ <function wrap_app_handling_exceptions at 0x000001B02666ED40>
  File "C:\Users\Chane\AppData\Local\Programs\Python\Python313\Lib\site-packages\starlette\_exception_handler.py", line 42, in wrapped_app
    await app(scope, receive, sender)
          │   │      │        └ <function wrap_app_handling_exceptions.<locals>.wrapped_app.<locals>.sender at 0x000001B02AEF18A0>
          │   │      └ <function BaseHTTPMiddleware.__call__.<locals>.call_next.<locals>.receive_or_disconnect at 0x000001B02ACD3740>
          │   └ {'type': 'http', 'asgi': {'version': '3.0'}, 'http_version': '1.1', 'method': 'POST', 'headers': [(b'host', b'test'), (b'acce...
          └ <function request_response.<locals>.app.<locals>.app at 0x000001B02AEF19E0>
  File "C:\Users\Chane\AppData\Local\Programs\Python\Python313\Lib\site-packages\fastapi\routing.py", line 111, in app
    response = await f(request)
                     │ └ <starlette.requests.Request object at 0x000001B02ADF5810>
                     └ <function get_request_handler.<locals>.app at 0x000001B02AD68AE0>
  File "C:\Users\Chane\AppData\Local\Programs\Python\Python313\Lib\site-packages\fastapi\routing.py", line 391, in app
    raw_response = await run_endpoint_function(
                         └ <function run_endpoint_function at 0x000001B02669A480>
> File "C:\Users\Chane\AppData\Local\Programs\Python\Python313\Lib\site-packages\fastapi\routing.py", line 290, in run_endpoint_function
    return await dependant.call(**values)
                 │         │      └ {'db': <sqlalchemy.ext.asyncio.session.AsyncSession object at 0x000001B02AE616D0>, 'data': VerifyRequest(user_id=None, public...
                 │         └ <function verify_challenge at 0x000001B02ACD2980>
                 └ Dependant(path_params=[], query_params=[], header_params=[], cookie_params=[], body_params=[ModelField(field_info=Body(Pydant...

  File "E:\dev\share_it\back-end\routers\auth_router.py", line 76, in verify_challenge
    stored_nonce = await redis.get(redis_key)
                         │     │   └ 'auth:nonce:pk:f45183910a47f7e3c2bc6c0b4eed1c38990a192a2707bcddbd262b66d735f976'
                         │     └ <function BasicKeyCommands.get at 0x000001B0260D20C0>
                         └ <redis.asyncio.client.Redis(<redis.asyncio.connection.ConnectionPool(<redis.asyncio.connection.Connection(encoding=utf-8,deco...

  File "C:\Users\Chane\AppData\Local\Programs\Python\Python313\Lib\site-packages\redis\asyncio\client.py", line 781, in execute_command
    result = await conn.retry.call_with_retry(
                   │    │     └ <function Retry.call_with_retry at 0x000001B025FACE00>
                   │    └ <redis.asyncio.retry.Retry object at 0x000001B02AE60E10>
                   └ <redis.asyncio.connection.Connection(host=127.0.0.1,port=6379,db=0)>
  File "C:\Users\Chane\AppData\Local\Programs\Python\Python313\Lib\site-packages\redis\asyncio\retry.py", line 69, in call_with_retry
    return await do()
                 └ <function Redis.execute_command.<locals>.<lambda> at 0x000001B02AEF0AE0>
  File "C:\Users\Chane\AppData\Local\Programs\Python\Python313\Lib\site-packages\redis\asyncio\client.py", line 721, in _send_command_parse_response
    await conn.send_command(*args)
          │    │             └ ('GET', 'auth:nonce:pk:f45183910a47f7e3c2bc6c0b4eed1c38990a192a2707bcddbd262b66d735f976')
          │    └ <function AbstractConnection.send_command at 0x000001B02601D6C0>
          └ <redis.asyncio.connection.Connection(host=127.0.0.1,port=6379,db=0)>
  File "C:\Users\Chane\AppData\Local\Programs\Python\Python313\Lib\site-packages\redis\asyncio\connection.py", line 694, in send_command
    await self.send_packed_command(
          │    └ <function AbstractConnection.send_packed_command at 0x000001B02601D620>
          └ <redis.asyncio.connection.Connection(host=127.0.0.1,port=6379,db=0)>
  File "C:\Users\Chane\AppData\Local\Programs\Python\Python313\Lib\site-packages\redis\asyncio\connection.py", line 689, in send_packed_command
    await self.disconnect(nowait=True)
          │    └ <function AbstractConnection.disconnect at 0x000001B02601D300>
          └ <redis.asyncio.connection.Connection(host=127.0.0.1,port=6379,db=0)>
  File "C:\Users\Chane\AppData\Local\Programs\Python\Python313\Lib\site-packages\redis\asyncio\connection.py", line 585, in disconnect
    self._writer.close()  # type: ignore[union-attr]
    │    └ <member '_writer' of 'AbstractConnection' objects>
    └ <redis.asyncio.connection.Connection(host=127.0.0.1,port=6379,db=0)>
  File "C:\Users\Chane\AppData\Local\Programs\Python\Python313\Lib\asyncio\streams.py", line 352, in close
    return self._transport.close()
           │    │          └ <function _ProactorBasePipeTransport.close at 0x000001B0215F2CA0>
           │    └ <_ProactorSocketTransport closing fd=808 read=<_OverlappedFuture cancelled>>
           └ <StreamWriter transport=<_ProactorSocketTransport closing fd=808 read=<_OverlappedFuture cancelled>> reader=<StreamReader tra...
  File "C:\Users\Chane\AppData\Local\Programs\Python\Python313\Lib\asyncio\proactor_events.py", line 109, in close
    self._loop.call_soon(self._call_connection_lost, None)
    │    │               │    └ <function _ProactorBasePipeTransport._call_connection_lost at 0x000001B0215F2F20>
    │    │               └ <_ProactorSocketTransport closing fd=808 read=<_OverlappedFuture cancelled>>
    │    └ <member '_loop' of '_FlowControlMixin' objects>
    └ <_ProactorSocketTransport closing fd=808 read=<_OverlappedFuture cancelled>>
  File "C:\Users\Chane\AppData\Local\Programs\Python\Python313\Lib\asyncio\base_events.py", line 833, in call_soon
    self._check_closed()
    │    └ <function BaseEventLoop._check_closed at 0x000001B0215D1BC0>
    └ <ProactorEventLoop running=False closed=True debug=False>
  File "C:\Users\Chane\AppData\Local\Programs\Python\Python313\Lib\asyncio\base_events.py", line 556, in _check_closed
    raise RuntimeError('Event loop is closed')

RuntimeError: Event loop is closed
2026-05-03 18:13:03 | INFO     | routers.auth_router:request_challenge:42 - Challenge (login) for ID 11 generated
2026-05-03 18:13:03 | ERROR    | fastapi.routing:run_endpoint_function:290 - An error has been caught in function 'run_endpoint_function', process 'MainProcess' (25708), thread 'MainThread' (9840):
Traceback (most recent call last):

  File "C:\Users\Chane\AppData\Local\Programs\Python\Python313\Lib\site-packages\redis\asyncio\connection.py", line 669, in send_packed_command
    self._writer.writelines(command)
    │    │                  └ [b'*2\r\n$3\r\nGET\r\n$78\r\nauth:nonce:pk:bb67e796fce328ac2afeaf925969512847110104a96ec9d851a371bc036d2dce\r\n']
    │    └ <member '_writer' of 'AbstractConnection' objects>
    └ <redis.asyncio.connection.Connection(host=127.0.0.1,port=6379,db=0)>
  File "C:\Users\Chane\AppData\Local\Programs\Python\Python313\Lib\asyncio\streams.py", line 343, in writelines
    self._transport.writelines(data)
    │    │          │          └ [b'*2\r\n$3\r\nGET\r\n$78\r\nauth:nonce:pk:bb67e796fce328ac2afeaf925969512847110104a96ec9d851a371bc036d2dce\r\n']
    │    │          └ <function WriteTransport.writelines at 0x00000266ACBB56C0>
    │    └ <_ProactorSocketTransport closing fd=584 read=<_OverlappedFuture cancelled>>
    └ <StreamWriter transport=<_ProactorSocketTransport closing fd=584 read=<_OverlappedFuture cancelled>> reader=<StreamReader tra...
  File "C:\Users\Chane\AppData\Local\Programs\Python\Python313\Lib\asyncio\transports.py", line 123, in writelines
    self.write(data)
    │    │     └ b'*2\r\n$3\r\nGET\r\n$78\r\nauth:nonce:pk:bb67e796fce328ac2afeaf925969512847110104a96ec9d851a371bc036d2dce\r\n'
    │    └ <function _ProactorBaseWritePipeTransport.write at 0x00000266ACC33600>
    └ <_ProactorSocketTransport closing fd=584 read=<_OverlappedFuture cancelled>>
  File "C:\Users\Chane\AppData\Local\Programs\Python\Python313\Lib\asyncio\proactor_events.py", line 366, in write
    self._loop_writing(data=bytes(data))
    │    │                        └ b'*2\r\n$3\r\nGET\r\n$78\r\nauth:nonce:pk:bb67e796fce328ac2afeaf925969512847110104a96ec9d851a371bc036d2dce\r\n'
    │    └ <function _ProactorBaseWritePipeTransport._loop_writing at 0x00000266ACC336A0>
    └ <_ProactorSocketTransport closing fd=584 read=<_OverlappedFuture cancelled>>
  File "C:\Users\Chane\AppData\Local\Programs\Python\Python313\Lib\asyncio\proactor_events.py", line 402, in _loop_writing
    self._write_fut = self._loop._proactor.send(self._sock, data)
    │    │            │    │                    │    │      └ b'*2\r\n$3\r\nGET\r\n$78\r\nauth:nonce:pk:bb67e796fce328ac2afeaf925969512847110104a96ec9d851a371bc036d2dce\r\n'
    │    │            │    │                    │    └ <socket.socket fd=584, family=2, type=1, proto=6, laddr=('127.0.0.1', 61943), raddr=('127.0.0.1', 6379)>
    │    │            │    │                    └ <_ProactorSocketTransport closing fd=584 read=<_OverlappedFuture cancelled>>
    │    │            │    └ <member '_loop' of '_FlowControlMixin' objects>
    │    │            └ <_ProactorSocketTransport closing fd=584 read=<_OverlappedFuture cancelled>>
    │    └ None
    └ <_ProactorSocketTransport closing fd=584 read=<_OverlappedFuture cancelled>>

AttributeError: 'NoneType' object has no attribute 'send'


During handling of the above exception, another exception occurred:


Traceback (most recent call last):

  File "<frozen runpy>", line 198, in _run_module_as_main
  File "<frozen runpy>", line 88, in _run_code
  File "C:\Users\Chane\AppData\Local\Programs\Python\Python313\Lib\site-packages\pytest\__main__.py", line 9, in <module>
    raise SystemExit(pytest.console_main())
                     │      └ <function console_main at 0x00000266AC36F880>
                     └ <module 'pytest' from 'C:\\Users\\Chane\\AppData\\Local\\Programs\\Python\\Python313\\Lib\\site-packages\\pytest\\__init__.py'>
  File "C:\Users\Chane\AppData\Local\Programs\Python\Python313\Lib\site-packages\_pytest\config\__init__.py", line 201, in console_main
    code = main()
           └ <function main at 0x00000266AC36F7E0>
  File "C:\Users\Chane\AppData\Local\Programs\Python\Python313\Lib\site-packages\_pytest\config\__init__.py", line 175, in main
    ret: ExitCode | int = config.hook.pytest_cmdline_main(config=config)
         │                │      │    │                          └ <_pytest.config.Config object at 0x00000266AC6223C0>
         │                │      │    └ <HookCaller 'pytest_cmdline_main'>
         │                │      └ <_pytest.config.compat.PathAwareHookProxy object at 0x00000266AC622900>
         │                └ <_pytest.config.Config object at 0x00000266AC6223C0>
         └ <enum 'ExitCode'>
  File "C:\Users\Chane\AppData\Local\Programs\Python\Python313\Lib\site-packages\pluggy\_hooks.py", line 513, in __call__
    return self._hookexec(self.name, self._hookimpls.copy(), kwargs, firstresult)
           │    │         │    │     │    │                  │       └ True
           │    │         │    │     │    │                  └ {'config': <_pytest.config.Config object at 0x00000266AC6223C0>}
           │    │         │    │     │    └ <member '_hookimpls' of 'HookCaller' objects>
           │    │         │    │     └ <HookCaller 'pytest_cmdline_main'>
           │    │         │    └ <member 'name' of 'HookCaller' objects>
           │    │         └ <HookCaller 'pytest_cmdline_main'>
           │    └ <member '_hookexec' of 'HookCaller' objects>
           └ <HookCaller 'pytest_cmdline_main'>
  File "C:\Users\Chane\AppData\Local\Programs\Python\Python313\Lib\site-packages\pluggy\_manager.py", line 120, in _hookexec
    return self._inner_hookexec(hook_name, methods, kwargs, firstresult)
           │    │               │          │        │       └ True
           │    │               │          │        └ {'config': <_pytest.config.Config object at 0x00000266AC6223C0>}
           │    │               │          └ [<HookImpl plugin_name='main', plugin=<module '_pytest.main' from 'C:\\Users\\Chane\\AppData\\Local\\Programs\\Python\\Python...
           │    │               └ 'pytest_cmdline_main'
           │    └ <function _multicall at 0x00000266ABD0F9C0>
           └ <_pytest.config.PytestPluginManager object at 0x00000266AC493E00>
  File "C:\Users\Chane\AppData\Local\Programs\Python\Python313\Lib\site-packages\pluggy\_callers.py", line 103, in _multicall
    res = hook_impl.function(*args)
          │         │         └ [<_pytest.config.Config object at 0x00000266AC6223C0>]
          │         └ <member 'function' of 'HookImpl' objects>
          └ <HookImpl plugin_name='main', plugin=<module '_pytest.main' from 'C:\\Users\\Chane\\AppData\\Local\\Programs\\Python\\Python3...
  File "C:\Users\Chane\AppData\Local\Programs\Python\Python313\Lib\site-packages\_pytest\main.py", line 330, in pytest_cmdline_main
    return wrap_session(config, _main)
           │            │       └ <function _main at 0x00000266AC3F8F40>
           │            └ <_pytest.config.Config object at 0x00000266AC6223C0>
           └ <function wrap_session at 0x00000266AC3F8E00>
  File "C:\Users\Chane\AppData\Local\Programs\Python\Python313\Lib\site-packages\_pytest\main.py", line 283, in wrap_session
    session.exitstatus = doit(config, session) or 0
    │       │            │    │       └ <Session  exitstatus=<ExitCode.OK: 0> testsfailed=0 testscollected=4>
    │       │            │    └ <_pytest.config.Config object at 0x00000266AC6223C0>
    │       │            └ <function _main at 0x00000266AC3F8F40>
    │       └ <ExitCode.OK: 0>
    └ <Session  exitstatus=<ExitCode.OK: 0> testsfailed=0 testscollected=4>
  File "C:\Users\Chane\AppData\Local\Programs\Python\Python313\Lib\site-packages\_pytest\main.py", line 337, in _main
    config.hook.pytest_runtestloop(session=session)
    │      │    │                          └ <Session  exitstatus=<ExitCode.OK: 0> testsfailed=0 testscollected=4>
    │      │    └ <HookCaller 'pytest_runtestloop'>
    │      └ <_pytest.config.compat.PathAwareHookProxy object at 0x00000266AC622900>
    └ <_pytest.config.Config object at 0x00000266AC6223C0>
  File "C:\Users\Chane\AppData\Local\Programs\Python\Python313\Lib\site-packages\pluggy\_hooks.py", line 513, in __call__
    return self._hookexec(self.name, self._hookimpls.copy(), kwargs, firstresult)
           │    │         │    │     │    │                  │       └ True
           │    │         │    │     │    │                  └ {'session': <Session  exitstatus=<ExitCode.OK: 0> testsfailed=0 testscollected=4>}
           │    │         │    │     │    └ <member '_hookimpls' of 'HookCaller' objects>
           │    │         │    │     └ <HookCaller 'pytest_runtestloop'>
           │    │         │    └ <member 'name' of 'HookCaller' objects>
           │    │         └ <HookCaller 'pytest_runtestloop'>
           │    └ <member '_hookexec' of 'HookCaller' objects>
           └ <HookCaller 'pytest_runtestloop'>
  File "C:\Users\Chane\AppData\Local\Programs\Python\Python313\Lib\site-packages\pluggy\_manager.py", line 120, in _hookexec
    return self._inner_hookexec(hook_name, methods, kwargs, firstresult)
           │    │               │          │        │       └ True
           │    │               │          │        └ {'session': <Session  exitstatus=<ExitCode.OK: 0> testsfailed=0 testscollected=4>}
           │    │               │          └ [<HookImpl plugin_name='main', plugin=<module '_pytest.main' from 'C:\\Users\\Chane\\AppData\\Local\\Programs\\Python\\Python...
           │    │               └ 'pytest_runtestloop'
           │    └ <function _multicall at 0x00000266ABD0F9C0>
           └ <_pytest.config.PytestPluginManager object at 0x00000266AC493E00>
  File "C:\Users\Chane\AppData\Local\Programs\Python\Python313\Lib\site-packages\pluggy\_callers.py", line 103, in _multicall
    res = hook_impl.function(*args)
          │         │         └ [<Session  exitstatus=<ExitCode.OK: 0> testsfailed=0 testscollected=4>]
          │         └ <member 'function' of 'HookImpl' objects>
          └ <HookImpl plugin_name='main', plugin=<module '_pytest.main' from 'C:\\Users\\Chane\\AppData\\Local\\Programs\\Python\\Python3...
  File "C:\Users\Chane\AppData\Local\Programs\Python\Python313\Lib\site-packages\_pytest\main.py", line 362, in pytest_runtestloop
    item.config.hook.pytest_runtest_protocol(item=item, nextitem=nextitem)
    │    │                                        │              └ None
    │    │                                        └ <Coroutine test_verify_registration_success>
    │    └ <member 'config' of 'Node' objects>
    └ <Coroutine test_verify_registration_success>
  File "C:\Users\Chane\AppData\Local\Programs\Python\Python313\Lib\site-packages\pluggy\_hooks.py", line 513, in __call__
    return self._hookexec(self.name, self._hookimpls.copy(), kwargs, firstresult)
           │    │         │    │     │    │                  │       └ True
           │    │         │    │     │    │                  └ {'item': <Coroutine test_verify_registration_success>, 'nextitem': None}
           │    │         │    │     │    └ <member '_hookimpls' of 'HookCaller' objects>
           │    │         │    │     └ <HookCaller 'pytest_runtest_protocol'>
           │    │         │    └ <member 'name' of 'HookCaller' objects>
           │    │         └ <HookCaller 'pytest_runtest_protocol'>
           │    └ <member '_hookexec' of 'HookCaller' objects>
           └ <HookCaller 'pytest_runtest_protocol'>
  File "C:\Users\Chane\AppData\Local\Programs\Python\Python313\Lib\site-packages\pluggy\_manager.py", line 120, in _hookexec
    return self._inner_hookexec(hook_name, methods, kwargs, firstresult)
           │    │               │          │        │       └ True
           │    │               │          │        └ {'item': <Coroutine test_verify_registration_success>, 'nextitem': None}
           │    │               │          └ [<HookImpl plugin_name='runner', plugin=<module '_pytest.runner' from 'C:\\Users\\Chane\\AppData\\Local\\Programs\\Python\\Py...
           │    │               └ 'pytest_runtest_protocol'
           │    └ <function _multicall at 0x00000266ABD0F9C0>
           └ <_pytest.config.PytestPluginManager object at 0x00000266AC493E00>
  File "C:\Users\Chane\AppData\Local\Programs\Python\Python313\Lib\site-packages\pluggy\_callers.py", line 103, in _multicall
    res = hook_impl.function(*args)
          │         │         └ [<Coroutine test_verify_registration_success>, None]
          │         └ <member 'function' of 'HookImpl' objects>
          └ <HookImpl plugin_name='runner', plugin=<module '_pytest.runner' from 'C:\\Users\\Chane\\AppData\\Local\\Programs\\Python\\Pyt...
  File "C:\Users\Chane\AppData\Local\Programs\Python\Python313\Lib\site-packages\_pytest\runner.py", line 113, in pytest_runtest_protocol
    runtestprotocol(item, nextitem=nextitem)
    │               │              └ None
    │               └ <Coroutine test_verify_registration_success>
    └ <function runtestprotocol at 0x00000266AC3F8040>
  File "C:\Users\Chane\AppData\Local\Programs\Python\Python313\Lib\site-packages\_pytest\runner.py", line 132, in runtestprotocol
    reports.append(call_and_report(item, "call", log))
    │       │      │               │             └ True
    │       │      │               └ <Coroutine test_verify_registration_success>
    │       │      └ <function call_and_report at 0x00000266AC3F84A0>
    │       └ <method 'append' of 'list' objects>
    └ [<TestReport 'tests/auth_test.py::test_verify_registration_success' when='setup' outcome='passed'>]
  File "C:\Users\Chane\AppData\Local\Programs\Python\Python313\Lib\site-packages\_pytest\runner.py", line 241, in call_and_report
    call = CallInfo.from_call(
           │        └ <classmethod(<function CallInfo.from_call at 0x00000266AC3F87C0>)>
           └ <class '_pytest.runner.CallInfo'>
  File "C:\Users\Chane\AppData\Local\Programs\Python\Python313\Lib\site-packages\_pytest\runner.py", line 341, in from_call
    result: TResult | None = func()
            │                └ <function call_and_report.<locals>.<lambda> at 0x00000266B639BB00>
            └ +TResult
  File "C:\Users\Chane\AppData\Local\Programs\Python\Python313\Lib\site-packages\_pytest\runner.py", line 242, in <lambda>
    lambda: runtest_hook(item=item, **kwds), when=when, reraise=reraise
            │                 │       └ {}
            │                 └ <Coroutine test_verify_registration_success>
            └ <HookCaller 'pytest_runtest_call'>
  File "C:\Users\Chane\AppData\Local\Programs\Python\Python313\Lib\site-packages\pluggy\_hooks.py", line 513, in __call__
    return self._hookexec(self.name, self._hookimpls.copy(), kwargs, firstresult)
           │    │         │    │     │    │                  │       └ False
           │    │         │    │     │    │                  └ {'item': <Coroutine test_verify_registration_success>}
           │    │         │    │     │    └ <member '_hookimpls' of 'HookCaller' objects>
           │    │         │    │     └ <HookCaller 'pytest_runtest_call'>
           │    │         │    └ <member 'name' of 'HookCaller' objects>
           │    │         └ <HookCaller 'pytest_runtest_call'>
           │    └ <member '_hookexec' of 'HookCaller' objects>
           └ <HookCaller 'pytest_runtest_call'>
  File "C:\Users\Chane\AppData\Local\Programs\Python\Python313\Lib\site-packages\pluggy\_manager.py", line 120, in _hookexec
    return self._inner_hookexec(hook_name, methods, kwargs, firstresult)
           │    │               │          │        │       └ False
           │    │               │          │        └ {'item': <Coroutine test_verify_registration_success>}
           │    │               │          └ [<HookImpl plugin_name='runner', plugin=<module '_pytest.runner' from 'C:\\Users\\Chane\\AppData\\Local\\Programs\\Python\\Py...
           │    │               └ 'pytest_runtest_call'
           │    └ <function _multicall at 0x00000266ABD0F9C0>
           └ <_pytest.config.PytestPluginManager object at 0x00000266AC493E00>
  File "C:\Users\Chane\AppData\Local\Programs\Python\Python313\Lib\site-packages\pluggy\_callers.py", line 103, in _multicall
    res = hook_impl.function(*args)
          │         │         └ [<Coroutine test_verify_registration_success>]
          │         └ <member 'function' of 'HookImpl' objects>
          └ <HookImpl plugin_name='runner', plugin=<module '_pytest.runner' from 'C:\\Users\\Chane\\AppData\\Local\\Programs\\Python\\Pyt...
  File "C:\Users\Chane\AppData\Local\Programs\Python\Python313\Lib\site-packages\_pytest\runner.py", line 174, in pytest_runtest_call
    item.runtest()
    │    └ <function PytestAsyncioFunction.runtest at 0x00000266AE250F40>
    └ <Coroutine test_verify_registration_success>
  File "C:\Users\Chane\AppData\Local\Programs\Python\Python313\Lib\site-packages\pytest_asyncio\plugin.py", line 469, in runtest
    super().runtest()
  File "C:\Users\Chane\AppData\Local\Programs\Python\Python313\Lib\site-packages\_pytest\python.py", line 1627, in runtest
    self.ihook.pytest_pyfunc_call(pyfuncitem=self)
    │    │                                   └ <Coroutine test_verify_registration_success>
    │    └ <property object at 0x00000266AC39D530>
    └ <Coroutine test_verify_registration_success>
  File "C:\Users\Chane\AppData\Local\Programs\Python\Python313\Lib\site-packages\pluggy\_hooks.py", line 513, in __call__
    return self._hookexec(self.name, self._hookimpls.copy(), kwargs, firstresult)
           │    │         │    │     │    │                  │       └ True
           │    │         │    │     │    │                  └ {'pyfuncitem': <Coroutine test_verify_registration_success>}
           │    │         │    │     │    └ <member '_hookimpls' of 'HookCaller' objects>
           │    │         │    │     └ <HookCaller 'pytest_pyfunc_call'>
           │    │         │    └ <member 'name' of 'HookCaller' objects>
           │    │         └ <HookCaller 'pytest_pyfunc_call'>
           │    └ <member '_hookexec' of 'HookCaller' objects>
           └ <HookCaller 'pytest_pyfunc_call'>
  File "C:\Users\Chane\AppData\Local\Programs\Python\Python313\Lib\site-packages\pluggy\_manager.py", line 120, in _hookexec
    return self._inner_hookexec(hook_name, methods, kwargs, firstresult)
           │    │               │          │        │       └ True
           │    │               │          │        └ {'pyfuncitem': <Coroutine test_verify_registration_success>}
           │    │               │          └ [<HookImpl plugin_name='python', plugin=<module '_pytest.python' from 'C:\\Users\\Chane\\AppData\\Local\\Programs\\Python\\Py...
           │    │               └ 'pytest_pyfunc_call'
           │    └ <function _multicall at 0x00000266ABD0F9C0>
           └ <_pytest.config.PytestPluginManager object at 0x00000266AC493E00>
  File "C:\Users\Chane\AppData\Local\Programs\Python\Python313\Lib\site-packages\pluggy\_callers.py", line 103, in _multicall
    res = hook_impl.function(*args)
          │         │         └ [<Coroutine test_verify_registration_success>]
          │         └ <member 'function' of 'HookImpl' objects>
          └ <HookImpl plugin_name='python', plugin=<module '_pytest.python' from 'C:\\Users\\Chane\\AppData\\Local\\Programs\\Python\\Pyt...
  File "C:\Users\Chane\AppData\Local\Programs\Python\Python313\Lib\site-packages\_pytest\python.py", line 159, in pytest_pyfunc_call
    result = testfunction(**testargs)
             │              └ {'client': <httpx.AsyncClient object at 0x00000266B6324690>, 'redis_test_client': <redis.asyncio.client.Redis(<redis.asyncio....
             └ <function test_verify_registration_success at 0x00000266B641C220>
  File "C:\Users\Chane\AppData\Local\Programs\Python\Python313\Lib\site-packages\pytest_asyncio\plugin.py", line 716, in inner
    runner.run(coro, context=context)
    │      │   │             └ <_contextvars.Context object at 0x00000266B633F480>
    │      │   └ <coroutine object test_verify_registration_success at 0x00000266B62E8EE0>
    │      └ <function Runner.run at 0x00000266ACC08860>
    └ <asyncio.runners.Runner object at 0x00000266B63A9950>
  File "C:\Users\Chane\AppData\Local\Programs\Python\Python313\Lib\asyncio\runners.py", line 118, in run
    return self._loop.run_until_complete(task)
           │    │     │                  └ <Task pending name='Task-14' coro=<test_verify_registration_success() running at e:\dev\share_it\back-end\tests\auth_test.py:...
           │    │     └ <function BaseEventLoop.run_until_complete at 0x00000266ACC122A0>
           │    └ <ProactorEventLoop running=True closed=False debug=False>
           └ <asyncio.runners.Runner object at 0x00000266B63A9950>
  File "C:\Users\Chane\AppData\Local\Programs\Python\Python313\Lib\asyncio\base_events.py", line 712, in run_until_complete
    self.run_forever()
    │    └ <function BaseEventLoop.run_forever at 0x00000266ACC12200>
    └ <ProactorEventLoop running=True closed=False debug=False>
  File "C:\Users\Chane\AppData\Local\Programs\Python\Python313\Lib\asyncio\base_events.py", line 683, in run_forever
    self._run_once()
    │    └ <function BaseEventLoop._run_once at 0x00000266ACC08040>
    └ <ProactorEventLoop running=True closed=False debug=False>
  File "C:\Users\Chane\AppData\Local\Programs\Python\Python313\Lib\asyncio\base_events.py", line 2040, in _run_once
    handle._run()
    │      └ <function Handle._run at 0x00000266ACB9D8A0>
    └ <Handle Task.task_wakeup()>
  File "C:\Users\Chane\AppData\Local\Programs\Python\Python313\Lib\asyncio\events.py", line 89, in _run
    self._context.run(self._callback, *self._args)
    │    │            │    │           │    └ <member '_args' of 'Handle' objects>
    │    │            │    │           └ <Handle Task.task_wakeup()>
    │    │            │    └ <member '_callback' of 'Handle' objects>
    │    │            └ <Handle Task.task_wakeup()>
    │    └ <member '_context' of 'Handle' objects>
    └ <Handle Task.task_wakeup()>
  File "C:\Users\Chane\AppData\Local\Programs\Python\Python313\Lib\site-packages\starlette\middleware\base.py", line 144, in coro
    await self.app(scope, receive_or_disconnect, send_no_error)
          │    │   │      │                      └ <function BaseHTTPMiddleware.__call__.<locals>.call_next.<locals>.send_no_error at 0x00000266B651DDA0>
          │    │   │      └ <function BaseHTTPMiddleware.__call__.<locals>.call_next.<locals>.receive_or_disconnect at 0x00000266B6303740>
          │    │   └ {'type': 'http', 'asgi': {'version': '3.0'}, 'http_version': '1.1', 'method': 'POST', 'headers': [(b'host', b'test'), (b'acce...
          │    └ <starlette.middleware.exceptions.ExceptionMiddleware object at 0x00000266B62F2E40>
          └ <slowapi.middleware.SlowAPIMiddleware object at 0x00000266B62F2F90>
  File "C:\Users\Chane\AppData\Local\Programs\Python\Python313\Lib\site-packages\starlette\middleware\exceptions.py", line 63, in __call__
    await wrap_app_handling_exceptions(self.app, conn)(scope, receive, send)
          │                            │    │    │     │      │        └ <function BaseHTTPMiddleware.__call__.<locals>.call_next.<locals>.send_no_error at 0x00000266B651DDA0>
          │                            │    │    │     │      └ <function BaseHTTPMiddleware.__call__.<locals>.call_next.<locals>.receive_or_disconnect at 0x00000266B6303740>
          │                            │    │    │     └ {'type': 'http', 'asgi': {'version': '3.0'}, 'http_version': '1.1', 'method': 'POST', 'headers': [(b'host', b'test'), (b'acce...
          │                            │    │    └ <starlette.requests.Request object at 0x00000266B63AB250>
          │                            │    └ <fastapi.middleware.asyncexitstack.AsyncExitStackMiddleware object at 0x00000266B62F2CF0>
          │                            └ <starlette.middleware.exceptions.ExceptionMiddleware object at 0x00000266B62F2E40>
          └ <function wrap_app_handling_exceptions at 0x00000266B1CAED40>
  File "C:\Users\Chane\AppData\Local\Programs\Python\Python313\Lib\site-packages\starlette\_exception_handler.py", line 42, in wrapped_app
    await app(scope, receive, sender)
          │   │      │        └ <function wrap_app_handling_exceptions.<locals>.wrapped_app.<locals>.sender at 0x00000266B651DA80>
          │   │      └ <function BaseHTTPMiddleware.__call__.<locals>.call_next.<locals>.receive_or_disconnect at 0x00000266B6303740>
          │   └ {'type': 'http', 'asgi': {'version': '3.0'}, 'http_version': '1.1', 'method': 'POST', 'headers': [(b'host', b'test'), (b'acce...
          └ <fastapi.middleware.asyncexitstack.AsyncExitStackMiddleware object at 0x00000266B62F2CF0>
  File "C:\Users\Chane\AppData\Local\Programs\Python\Python313\Lib\site-packages\fastapi\middleware\asyncexitstack.py", line 18, in __call__
    await self.app(scope, receive, send)
          │    │   │      │        └ <function wrap_app_handling_exceptions.<locals>.wrapped_app.<locals>.sender at 0x00000266B651DA80>
          │    │   │      └ <function BaseHTTPMiddleware.__call__.<locals>.call_next.<locals>.receive_or_disconnect at 0x00000266B6303740>
          │    │   └ {'type': 'http', 'asgi': {'version': '3.0'}, 'http_version': '1.1', 'method': 'POST', 'headers': [(b'host', b'test'), (b'acce...
          │    └ <fastapi.routing.APIRouter object at 0x00000266B626F2F0>
          └ <fastapi.middleware.asyncexitstack.AsyncExitStackMiddleware object at 0x00000266B62F2CF0>
  File "C:\Users\Chane\AppData\Local\Programs\Python\Python313\Lib\site-packages\starlette\routing.py", line 716, in __call__
    await self.middleware_stack(scope, receive, send)
          │    │                │      │        └ <function wrap_app_handling_exceptions.<locals>.wrapped_app.<locals>.sender at 0x00000266B651DA80>
          │    │                │      └ <function BaseHTTPMiddleware.__call__.<locals>.call_next.<locals>.receive_or_disconnect at 0x00000266B6303740>
          │    │                └ {'type': 'http', 'asgi': {'version': '3.0'}, 'http_version': '1.1', 'method': 'POST', 'headers': [(b'host', b'test'), (b'acce...
          │    └ <bound method Router.app of <fastapi.routing.APIRouter object at 0x00000266B626F2F0>>
          └ <fastapi.routing.APIRouter object at 0x00000266B626F2F0>
  File "C:\Users\Chane\AppData\Local\Programs\Python\Python313\Lib\site-packages\starlette\routing.py", line 736, in app
    await route.handle(scope, receive, send)
          │     │      │      │        └ <function wrap_app_handling_exceptions.<locals>.wrapped_app.<locals>.sender at 0x00000266B651DA80>
          │     │      │      └ <function BaseHTTPMiddleware.__call__.<locals>.call_next.<locals>.receive_or_disconnect at 0x00000266B6303740>
          │     │      └ {'type': 'http', 'asgi': {'version': '3.0'}, 'http_version': '1.1', 'method': 'POST', 'headers': [(b'host', b'test'), (b'acce...
          │     └ <function Route.handle at 0x00000266B1CD85E0>
          └ APIRoute(path='/auth/verify_challenge', name='verify_challenge', methods=['POST'])
  File "C:\Users\Chane\AppData\Local\Programs\Python\Python313\Lib\site-packages\starlette\routing.py", line 290, in handle
    await self.app(scope, receive, send)
          │    │   │      │        └ <function wrap_app_handling_exceptions.<locals>.wrapped_app.<locals>.sender at 0x00000266B651DA80>
          │    │   │      └ <function BaseHTTPMiddleware.__call__.<locals>.call_next.<locals>.receive_or_disconnect at 0x00000266B6303740>
          │    │   └ {'type': 'http', 'asgi': {'version': '3.0'}, 'http_version': '1.1', 'method': 'POST', 'headers': [(b'host', b'test'), (b'acce...
          │    └ <function request_response.<locals>.app at 0x00000266B6398C20>
          └ APIRoute(path='/auth/verify_challenge', name='verify_challenge', methods=['POST'])
  File "C:\Users\Chane\AppData\Local\Programs\Python\Python313\Lib\site-packages\fastapi\routing.py", line 125, in app
    await wrap_app_handling_exceptions(app, request)(scope, receive, send)
          │                            │    │        │      │        └ <function wrap_app_handling_exceptions.<locals>.wrapped_app.<locals>.sender at 0x00000266B651DA80>
          │                            │    │        │      └ <function BaseHTTPMiddleware.__call__.<locals>.call_next.<locals>.receive_or_disconnect at 0x00000266B6303740>
          │                            │    │        └ {'type': 'http', 'asgi': {'version': '3.0'}, 'http_version': '1.1', 'method': 'POST', 'headers': [(b'host', b'test'), (b'acce...
          │                            │    └ <starlette.requests.Request object at 0x00000266B6425810>
          │                            └ <function request_response.<locals>.app.<locals>.app at 0x00000266B651D9E0>
          └ <function wrap_app_handling_exceptions at 0x00000266B1CAED40>
  File "C:\Users\Chane\AppData\Local\Programs\Python\Python313\Lib\site-packages\starlette\_exception_handler.py", line 42, in wrapped_app
    await app(scope, receive, sender)
          │   │      │        └ <function wrap_app_handling_exceptions.<locals>.wrapped_app.<locals>.sender at 0x00000266B651D8A0>
          │   │      └ <function BaseHTTPMiddleware.__call__.<locals>.call_next.<locals>.receive_or_disconnect at 0x00000266B6303740>
          │   └ {'type': 'http', 'asgi': {'version': '3.0'}, 'http_version': '1.1', 'method': 'POST', 'headers': [(b'host', b'test'), (b'acce...
          └ <function request_response.<locals>.app.<locals>.app at 0x00000266B651D9E0>
  File "C:\Users\Chane\AppData\Local\Programs\Python\Python313\Lib\site-packages\fastapi\routing.py", line 111, in app
    response = await f(request)
                     │ └ <starlette.requests.Request object at 0x00000266B6425810>
                     └ <function get_request_handler.<locals>.app at 0x00000266B6398AE0>
  File "C:\Users\Chane\AppData\Local\Programs\Python\Python313\Lib\site-packages\fastapi\routing.py", line 391, in app
    raw_response = await run_endpoint_function(
                         └ <function run_endpoint_function at 0x00000266B1CDA480>
> File "C:\Users\Chane\AppData\Local\Programs\Python\Python313\Lib\site-packages\fastapi\routing.py", line 290, in run_endpoint_function
    return await dependant.call(**values)
                 │         │      └ {'db': <sqlalchemy.ext.asyncio.session.AsyncSession object at 0x00000266B64916D0>, 'data': VerifyRequest(user_id=None, public...
                 │         └ <function verify_challenge at 0x00000266B6302980>
                 └ Dependant(path_params=[], query_params=[], header_params=[], cookie_params=[], body_params=[ModelField(field_info=Body(Pydant...

  File "E:\dev\share_it\back-end\routers\auth_router.py", line 76, in verify_challenge
    stored_nonce = await redis.get(redis_key)
                         │     │   └ 'auth:nonce:pk:bb67e796fce328ac2afeaf925969512847110104a96ec9d851a371bc036d2dce'
                         │     └ <function BasicKeyCommands.get at 0x00000266B17120C0>
                         └ <redis.asyncio.client.Redis(<redis.asyncio.connection.ConnectionPool(<redis.asyncio.connection.Connection(encoding=utf-8,deco...

  File "C:\Users\Chane\AppData\Local\Programs\Python\Python313\Lib\site-packages\redis\asyncio\client.py", line 781, in execute_command
    result = await conn.retry.call_with_retry(
                   │    │     └ <function Retry.call_with_retry at 0x00000266B15ECE00>
                   │    └ <redis.asyncio.retry.Retry object at 0x00000266B6490E10>
                   └ <redis.asyncio.connection.Connection(host=127.0.0.1,port=6379,db=0)>
  File "C:\Users\Chane\AppData\Local\Programs\Python\Python313\Lib\site-packages\redis\asyncio\retry.py", line 69, in call_with_retry
    return await do()
                 └ <function Redis.execute_command.<locals>.<lambda> at 0x00000266B651CAE0>
  File "C:\Users\Chane\AppData\Local\Programs\Python\Python313\Lib\site-packages\redis\asyncio\client.py", line 721, in _send_command_parse_response
    await conn.send_command(*args)
          │    │             └ ('GET', 'auth:nonce:pk:bb67e796fce328ac2afeaf925969512847110104a96ec9d851a371bc036d2dce')
          │    └ <function AbstractConnection.send_command at 0x00000266B165D6C0>
          └ <redis.asyncio.connection.Connection(host=127.0.0.1,port=6379,db=0)>
  File "C:\Users\Chane\AppData\Local\Programs\Python\Python313\Lib\site-packages\redis\asyncio\connection.py", line 694, in send_command
    await self.send_packed_command(
          │    └ <function AbstractConnection.send_packed_command at 0x00000266B165D620>
          └ <redis.asyncio.connection.Connection(host=127.0.0.1,port=6379,db=0)>
  File "C:\Users\Chane\AppData\Local\Programs\Python\Python313\Lib\site-packages\redis\asyncio\connection.py", line 689, in send_packed_command
    await self.disconnect(nowait=True)
          │    └ <function AbstractConnection.disconnect at 0x00000266B165D300>
          └ <redis.asyncio.connection.Connection(host=127.0.0.1,port=6379,db=0)>
  File "C:\Users\Chane\AppData\Local\Programs\Python\Python313\Lib\site-packages\redis\asyncio\connection.py", line 585, in disconnect
    self._writer.close()  # type: ignore[union-attr]
    │    └ <member '_writer' of 'AbstractConnection' objects>
    └ <redis.asyncio.connection.Connection(host=127.0.0.1,port=6379,db=0)>
  File "C:\Users\Chane\AppData\Local\Programs\Python\Python313\Lib\asyncio\streams.py", line 352, in close
    return self._transport.close()
           │    │          └ <function _ProactorBasePipeTransport.close at 0x00000266ACC32CA0>
           │    └ <_ProactorSocketTransport closing fd=584 read=<_OverlappedFuture cancelled>>
           └ <StreamWriter transport=<_ProactorSocketTransport closing fd=584 read=<_OverlappedFuture cancelled>> reader=<StreamReader tra...
  File "C:\Users\Chane\AppData\Local\Programs\Python\Python313\Lib\asyncio\proactor_events.py", line 109, in close
    self._loop.call_soon(self._call_connection_lost, None)
    │    │               │    └ <function _ProactorBasePipeTransport._call_connection_lost at 0x00000266ACC32F20>
    │    │               └ <_ProactorSocketTransport closing fd=584 read=<_OverlappedFuture cancelled>>
    │    └ <member '_loop' of '_FlowControlMixin' objects>
    └ <_ProactorSocketTransport closing fd=584 read=<_OverlappedFuture cancelled>>
  File "C:\Users\Chane\AppData\Local\Programs\Python\Python313\Lib\asyncio\base_events.py", line 833, in call_soon
    self._check_closed()
    │    └ <function BaseEventLoop._check_closed at 0x00000266ACC11BC0>
    └ <ProactorEventLoop running=False closed=True debug=False>
  File "C:\Users\Chane\AppData\Local\Programs\Python\Python313\Lib\asyncio\base_events.py", line 556, in _check_closed
    raise RuntimeError('Event loop is closed')

RuntimeError: Event loop is closed
2026-05-03 18:13:17 | INFO     | routers.auth_router:request_challenge:42 - Challenge (login) for ID 11 generated
2026-05-03 18:13:17 | ERROR    | fastapi.routing:run_endpoint_function:290 - An error has been caught in function 'run_endpoint_function', process 'MainProcess' (11848), thread 'MainThread' (25688):
Traceback (most recent call last):

  File "C:\Users\Chane\AppData\Local\Programs\Python\Python313\Lib\site-packages\redis\asyncio\connection.py", line 669, in send_packed_command
    self._writer.writelines(command)
    │    │                  └ [b'*2\r\n$3\r\nGET\r\n$78\r\nauth:nonce:pk:82f31464c5f5bf04b1e41de9469ecfec76456e488600c6f385b49d7a2f6ccc7c\r\n']
    │    └ <member '_writer' of 'AbstractConnection' objects>
    └ <redis.asyncio.connection.Connection(host=127.0.0.1,port=6379,db=0)>
  File "C:\Users\Chane\AppData\Local\Programs\Python\Python313\Lib\asyncio\streams.py", line 343, in writelines
    self._transport.writelines(data)
    │    │          │          └ [b'*2\r\n$3\r\nGET\r\n$78\r\nauth:nonce:pk:82f31464c5f5bf04b1e41de9469ecfec76456e488600c6f385b49d7a2f6ccc7c\r\n']
    │    │          └ <function WriteTransport.writelines at 0x000002488AED56C0>
    │    └ <_ProactorSocketTransport closing fd=1048 read=<_OverlappedFuture cancelled>>
    └ <StreamWriter transport=<_ProactorSocketTransport closing fd=1048 read=<_OverlappedFuture cancelled>> reader=<StreamReader tr...
  File "C:\Users\Chane\AppData\Local\Programs\Python\Python313\Lib\asyncio\transports.py", line 123, in writelines
    self.write(data)
    │    │     └ b'*2\r\n$3\r\nGET\r\n$78\r\nauth:nonce:pk:82f31464c5f5bf04b1e41de9469ecfec76456e488600c6f385b49d7a2f6ccc7c\r\n'
    │    └ <function _ProactorBaseWritePipeTransport.write at 0x000002488AF53600>
    └ <_ProactorSocketTransport closing fd=1048 read=<_OverlappedFuture cancelled>>
  File "C:\Users\Chane\AppData\Local\Programs\Python\Python313\Lib\asyncio\proactor_events.py", line 366, in write
    self._loop_writing(data=bytes(data))
    │    │                        └ b'*2\r\n$3\r\nGET\r\n$78\r\nauth:nonce:pk:82f31464c5f5bf04b1e41de9469ecfec76456e488600c6f385b49d7a2f6ccc7c\r\n'
    │    └ <function _ProactorBaseWritePipeTransport._loop_writing at 0x000002488AF536A0>
    └ <_ProactorSocketTransport closing fd=1048 read=<_OverlappedFuture cancelled>>
  File "C:\Users\Chane\AppData\Local\Programs\Python\Python313\Lib\asyncio\proactor_events.py", line 402, in _loop_writing
    self._write_fut = self._loop._proactor.send(self._sock, data)
    │    │            │    │                    │    │      └ b'*2\r\n$3\r\nGET\r\n$78\r\nauth:nonce:pk:82f31464c5f5bf04b1e41de9469ecfec76456e488600c6f385b49d7a2f6ccc7c\r\n'
    │    │            │    │                    │    └ <socket.socket fd=1048, family=2, type=1, proto=6, laddr=('127.0.0.1', 61968), raddr=('127.0.0.1', 6379)>
    │    │            │    │                    └ <_ProactorSocketTransport closing fd=1048 read=<_OverlappedFuture cancelled>>
    │    │            │    └ <member '_loop' of '_FlowControlMixin' objects>
    │    │            └ <_ProactorSocketTransport closing fd=1048 read=<_OverlappedFuture cancelled>>
    │    └ None
    └ <_ProactorSocketTransport closing fd=1048 read=<_OverlappedFuture cancelled>>

AttributeError: 'NoneType' object has no attribute 'send'


During handling of the above exception, another exception occurred:


Traceback (most recent call last):

  File "<frozen runpy>", line 198, in _run_module_as_main
  File "<frozen runpy>", line 88, in _run_code
  File "C:\Users\Chane\AppData\Local\Programs\Python\Python313\Lib\site-packages\pytest\__main__.py", line 9, in <module>
    raise SystemExit(pytest.console_main())
                     │      └ <function console_main at 0x0000024888FFF880>
                     └ <module 'pytest' from 'C:\\Users\\Chane\\AppData\\Local\\Programs\\Python\\Python313\\Lib\\site-packages\\pytest\\__init__.py'>
  File "C:\Users\Chane\AppData\Local\Programs\Python\Python313\Lib\site-packages\_pytest\config\__init__.py", line 201, in console_main
    code = main()
           └ <function main at 0x0000024888FFF7E0>
  File "C:\Users\Chane\AppData\Local\Programs\Python\Python313\Lib\site-packages\_pytest\config\__init__.py", line 175, in main
    ret: ExitCode | int = config.hook.pytest_cmdline_main(config=config)
         │                │      │    │                          └ <_pytest.config.Config object at 0x00000248892B23C0>
         │                │      │    └ <HookCaller 'pytest_cmdline_main'>
         │                │      └ <_pytest.config.compat.PathAwareHookProxy object at 0x00000248892B2900>
         │                └ <_pytest.config.Config object at 0x00000248892B23C0>
         └ <enum 'ExitCode'>
  File "C:\Users\Chane\AppData\Local\Programs\Python\Python313\Lib\site-packages\pluggy\_hooks.py", line 513, in __call__
    return self._hookexec(self.name, self._hookimpls.copy(), kwargs, firstresult)
           │    │         │    │     │    │                  │       └ True
           │    │         │    │     │    │                  └ {'config': <_pytest.config.Config object at 0x00000248892B23C0>}
           │    │         │    │     │    └ <member '_hookimpls' of 'HookCaller' objects>
           │    │         │    │     └ <HookCaller 'pytest_cmdline_main'>
           │    │         │    └ <member 'name' of 'HookCaller' objects>
           │    │         └ <HookCaller 'pytest_cmdline_main'>
           │    └ <member '_hookexec' of 'HookCaller' objects>
           └ <HookCaller 'pytest_cmdline_main'>
  File "C:\Users\Chane\AppData\Local\Programs\Python\Python313\Lib\site-packages\pluggy\_manager.py", line 120, in _hookexec
    return self._inner_hookexec(hook_name, methods, kwargs, firstresult)
           │    │               │          │        │       └ True
           │    │               │          │        └ {'config': <_pytest.config.Config object at 0x00000248892B23C0>}
           │    │               │          └ [<HookImpl plugin_name='main', plugin=<module '_pytest.main' from 'C:\\Users\\Chane\\AppData\\Local\\Programs\\Python\\Python...
           │    │               └ 'pytest_cmdline_main'
           │    └ <function _multicall at 0x00000248889AF9C0>
           └ <_pytest.config.PytestPluginManager object at 0x0000024889123E00>
  File "C:\Users\Chane\AppData\Local\Programs\Python\Python313\Lib\site-packages\pluggy\_callers.py", line 103, in _multicall
    res = hook_impl.function(*args)
          │         │         └ [<_pytest.config.Config object at 0x00000248892B23C0>]
          │         └ <member 'function' of 'HookImpl' objects>
          └ <HookImpl plugin_name='main', plugin=<module '_pytest.main' from 'C:\\Users\\Chane\\AppData\\Local\\Programs\\Python\\Python3...
  File "C:\Users\Chane\AppData\Local\Programs\Python\Python313\Lib\site-packages\_pytest\main.py", line 330, in pytest_cmdline_main
    return wrap_session(config, _main)
           │            │       └ <function _main at 0x0000024889088F40>
           │            └ <_pytest.config.Config object at 0x00000248892B23C0>
           └ <function wrap_session at 0x0000024889088E00>
  File "C:\Users\Chane\AppData\Local\Programs\Python\Python313\Lib\site-packages\_pytest\main.py", line 283, in wrap_session
    session.exitstatus = doit(config, session) or 0
    │       │            │    │       └ <Session  exitstatus=<ExitCode.OK: 0> testsfailed=0 testscollected=4>
    │       │            │    └ <_pytest.config.Config object at 0x00000248892B23C0>
    │       │            └ <function _main at 0x0000024889088F40>
    │       └ <ExitCode.OK: 0>
    └ <Session  exitstatus=<ExitCode.OK: 0> testsfailed=0 testscollected=4>
  File "C:\Users\Chane\AppData\Local\Programs\Python\Python313\Lib\site-packages\_pytest\main.py", line 337, in _main
    config.hook.pytest_runtestloop(session=session)
    │      │    │                          └ <Session  exitstatus=<ExitCode.OK: 0> testsfailed=0 testscollected=4>
    │      │    └ <HookCaller 'pytest_runtestloop'>
    │      └ <_pytest.config.compat.PathAwareHookProxy object at 0x00000248892B2900>
    └ <_pytest.config.Config object at 0x00000248892B23C0>
  File "C:\Users\Chane\AppData\Local\Programs\Python\Python313\Lib\site-packages\pluggy\_hooks.py", line 513, in __call__
    return self._hookexec(self.name, self._hookimpls.copy(), kwargs, firstresult)
           │    │         │    │     │    │                  │       └ True
           │    │         │    │     │    │                  └ {'session': <Session  exitstatus=<ExitCode.OK: 0> testsfailed=0 testscollected=4>}
           │    │         │    │     │    └ <member '_hookimpls' of 'HookCaller' objects>
           │    │         │    │     └ <HookCaller 'pytest_runtestloop'>
           │    │         │    └ <member 'name' of 'HookCaller' objects>
           │    │         └ <HookCaller 'pytest_runtestloop'>
           │    └ <member '_hookexec' of 'HookCaller' objects>
           └ <HookCaller 'pytest_runtestloop'>
  File "C:\Users\Chane\AppData\Local\Programs\Python\Python313\Lib\site-packages\pluggy\_manager.py", line 120, in _hookexec
    return self._inner_hookexec(hook_name, methods, kwargs, firstresult)
           │    │               │          │        │       └ True
           │    │               │          │        └ {'session': <Session  exitstatus=<ExitCode.OK: 0> testsfailed=0 testscollected=4>}
           │    │               │          └ [<HookImpl plugin_name='main', plugin=<module '_pytest.main' from 'C:\\Users\\Chane\\AppData\\Local\\Programs\\Python\\Python...
           │    │               └ 'pytest_runtestloop'
           │    └ <function _multicall at 0x00000248889AF9C0>
           └ <_pytest.config.PytestPluginManager object at 0x0000024889123E00>
  File "C:\Users\Chane\AppData\Local\Programs\Python\Python313\Lib\site-packages\pluggy\_callers.py", line 103, in _multicall
    res = hook_impl.function(*args)
          │         │         └ [<Session  exitstatus=<ExitCode.OK: 0> testsfailed=0 testscollected=4>]
          │         └ <member 'function' of 'HookImpl' objects>
          └ <HookImpl plugin_name='main', plugin=<module '_pytest.main' from 'C:\\Users\\Chane\\AppData\\Local\\Programs\\Python\\Python3...
  File "C:\Users\Chane\AppData\Local\Programs\Python\Python313\Lib\site-packages\_pytest\main.py", line 362, in pytest_runtestloop
    item.config.hook.pytest_runtest_protocol(item=item, nextitem=nextitem)
    │    │                                        │              └ None
    │    │                                        └ <Coroutine test_verify_registration_success>
    │    └ <member 'config' of 'Node' objects>
    └ <Coroutine test_verify_registration_success>
  File "C:\Users\Chane\AppData\Local\Programs\Python\Python313\Lib\site-packages\pluggy\_hooks.py", line 513, in __call__
    return self._hookexec(self.name, self._hookimpls.copy(), kwargs, firstresult)
           │    │         │    │     │    │                  │       └ True
           │    │         │    │     │    │                  └ {'item': <Coroutine test_verify_registration_success>, 'nextitem': None}
           │    │         │    │     │    └ <member '_hookimpls' of 'HookCaller' objects>
           │    │         │    │     └ <HookCaller 'pytest_runtest_protocol'>
           │    │         │    └ <member 'name' of 'HookCaller' objects>
           │    │         └ <HookCaller 'pytest_runtest_protocol'>
           │    └ <member '_hookexec' of 'HookCaller' objects>
           └ <HookCaller 'pytest_runtest_protocol'>
  File "C:\Users\Chane\AppData\Local\Programs\Python\Python313\Lib\site-packages\pluggy\_manager.py", line 120, in _hookexec
    return self._inner_hookexec(hook_name, methods, kwargs, firstresult)
           │    │               │          │        │       └ True
           │    │               │          │        └ {'item': <Coroutine test_verify_registration_success>, 'nextitem': None}
           │    │               │          └ [<HookImpl plugin_name='runner', plugin=<module '_pytest.runner' from 'C:\\Users\\Chane\\AppData\\Local\\Programs\\Python\\Py...
           │    │               └ 'pytest_runtest_protocol'
           │    └ <function _multicall at 0x00000248889AF9C0>
           └ <_pytest.config.PytestPluginManager object at 0x0000024889123E00>
  File "C:\Users\Chane\AppData\Local\Programs\Python\Python313\Lib\site-packages\pluggy\_callers.py", line 103, in _multicall
    res = hook_impl.function(*args)
          │         │         └ [<Coroutine test_verify_registration_success>, None]
          │         └ <member 'function' of 'HookImpl' objects>
          └ <HookImpl plugin_name='runner', plugin=<module '_pytest.runner' from 'C:\\Users\\Chane\\AppData\\Local\\Programs\\Python\\Pyt...
  File "C:\Users\Chane\AppData\Local\Programs\Python\Python313\Lib\site-packages\_pytest\runner.py", line 113, in pytest_runtest_protocol
    runtestprotocol(item, nextitem=nextitem)
    │               │              └ None
    │               └ <Coroutine test_verify_registration_success>
    └ <function runtestprotocol at 0x0000024889088040>
  File "C:\Users\Chane\AppData\Local\Programs\Python\Python313\Lib\site-packages\_pytest\runner.py", line 132, in runtestprotocol
    reports.append(call_and_report(item, "call", log))
    │       │      │               │             └ True
    │       │      │               └ <Coroutine test_verify_registration_success>
    │       │      └ <function call_and_report at 0x00000248890884A0>
    │       └ <method 'append' of 'list' objects>
    └ [<TestReport 'tests/auth_test.py::test_verify_registration_success' when='setup' outcome='passed'>]
  File "C:\Users\Chane\AppData\Local\Programs\Python\Python313\Lib\site-packages\_pytest\runner.py", line 241, in call_and_report
    call = CallInfo.from_call(
           │        └ <classmethod(<function CallInfo.from_call at 0x00000248890887C0>)>
           └ <class '_pytest.runner.CallInfo'>
  File "C:\Users\Chane\AppData\Local\Programs\Python\Python313\Lib\site-packages\_pytest\runner.py", line 341, in from_call
    result: TResult | None = func()
            │                └ <function call_and_report.<locals>.<lambda> at 0x000002489303BB00>
            └ +TResult
  File "C:\Users\Chane\AppData\Local\Programs\Python\Python313\Lib\site-packages\_pytest\runner.py", line 242, in <lambda>
    lambda: runtest_hook(item=item, **kwds), when=when, reraise=reraise
            │                 │       └ {}
            │                 └ <Coroutine test_verify_registration_success>
            └ <HookCaller 'pytest_runtest_call'>
  File "C:\Users\Chane\AppData\Local\Programs\Python\Python313\Lib\site-packages\pluggy\_hooks.py", line 513, in __call__
    return self._hookexec(self.name, self._hookimpls.copy(), kwargs, firstresult)
           │    │         │    │     │    │                  │       └ False
           │    │         │    │     │    │                  └ {'item': <Coroutine test_verify_registration_success>}
           │    │         │    │     │    └ <member '_hookimpls' of 'HookCaller' objects>
           │    │         │    │     └ <HookCaller 'pytest_runtest_call'>
           │    │         │    └ <member 'name' of 'HookCaller' objects>
           │    │         └ <HookCaller 'pytest_runtest_call'>
           │    └ <member '_hookexec' of 'HookCaller' objects>
           └ <HookCaller 'pytest_runtest_call'>
  File "C:\Users\Chane\AppData\Local\Programs\Python\Python313\Lib\site-packages\pluggy\_manager.py", line 120, in _hookexec
    return self._inner_hookexec(hook_name, methods, kwargs, firstresult)
           │    │               │          │        │       └ False
           │    │               │          │        └ {'item': <Coroutine test_verify_registration_success>}
           │    │               │          └ [<HookImpl plugin_name='runner', plugin=<module '_pytest.runner' from 'C:\\Users\\Chane\\AppData\\Local\\Programs\\Python\\Py...
           │    │               └ 'pytest_runtest_call'
           │    └ <function _multicall at 0x00000248889AF9C0>
           └ <_pytest.config.PytestPluginManager object at 0x0000024889123E00>
  File "C:\Users\Chane\AppData\Local\Programs\Python\Python313\Lib\site-packages\pluggy\_callers.py", line 103, in _multicall
    res = hook_impl.function(*args)
          │         │         └ [<Coroutine test_verify_registration_success>]
          │         └ <member 'function' of 'HookImpl' objects>
          └ <HookImpl plugin_name='runner', plugin=<module '_pytest.runner' from 'C:\\Users\\Chane\\AppData\\Local\\Programs\\Python\\Pyt...
  File "C:\Users\Chane\AppData\Local\Programs\Python\Python313\Lib\site-packages\_pytest\runner.py", line 174, in pytest_runtest_call
    item.runtest()
    │    └ <function PytestAsyncioFunction.runtest at 0x000002488AFA0F40>
    └ <Coroutine test_verify_registration_success>
  File "C:\Users\Chane\AppData\Local\Programs\Python\Python313\Lib\site-packages\pytest_asyncio\plugin.py", line 469, in runtest
    super().runtest()
  File "C:\Users\Chane\AppData\Local\Programs\Python\Python313\Lib\site-packages\_pytest\python.py", line 1627, in runtest
    self.ihook.pytest_pyfunc_call(pyfuncitem=self)
    │    │                                   └ <Coroutine test_verify_registration_success>
    │    └ <property object at 0x000002488902D530>
    └ <Coroutine test_verify_registration_success>
  File "C:\Users\Chane\AppData\Local\Programs\Python\Python313\Lib\site-packages\pluggy\_hooks.py", line 513, in __call__
    return self._hookexec(self.name, self._hookimpls.copy(), kwargs, firstresult)
           │    │         │    │     │    │                  │       └ True
           │    │         │    │     │    │                  └ {'pyfuncitem': <Coroutine test_verify_registration_success>}
           │    │         │    │     │    └ <member '_hookimpls' of 'HookCaller' objects>
           │    │         │    │     └ <HookCaller 'pytest_pyfunc_call'>
           │    │         │    └ <member 'name' of 'HookCaller' objects>
           │    │         └ <HookCaller 'pytest_pyfunc_call'>
           │    └ <member '_hookexec' of 'HookCaller' objects>
           └ <HookCaller 'pytest_pyfunc_call'>
  File "C:\Users\Chane\AppData\Local\Programs\Python\Python313\Lib\site-packages\pluggy\_manager.py", line 120, in _hookexec
    return self._inner_hookexec(hook_name, methods, kwargs, firstresult)
           │    │               │          │        │       └ True
           │    │               │          │        └ {'pyfuncitem': <Coroutine test_verify_registration_success>}
           │    │               │          └ [<HookImpl plugin_name='python', plugin=<module '_pytest.python' from 'C:\\Users\\Chane\\AppData\\Local\\Programs\\Python\\Py...
           │    │               └ 'pytest_pyfunc_call'
           │    └ <function _multicall at 0x00000248889AF9C0>
           └ <_pytest.config.PytestPluginManager object at 0x0000024889123E00>
  File "C:\Users\Chane\AppData\Local\Programs\Python\Python313\Lib\site-packages\pluggy\_callers.py", line 103, in _multicall
    res = hook_impl.function(*args)
          │         │         └ [<Coroutine test_verify_registration_success>]
          │         └ <member 'function' of 'HookImpl' objects>
          └ <HookImpl plugin_name='python', plugin=<module '_pytest.python' from 'C:\\Users\\Chane\\AppData\\Local\\Programs\\Python\\Pyt...
  File "C:\Users\Chane\AppData\Local\Programs\Python\Python313\Lib\site-packages\_pytest\python.py", line 159, in pytest_pyfunc_call
    result = testfunction(**testargs)
             │              └ {'client': <httpx.AsyncClient object at 0x0000024892FC4690>, 'redis_test_client': <redis.asyncio.client.Redis(<redis.asyncio....
             └ <function test_verify_registration_success at 0x00000248930C0220>
  File "C:\Users\Chane\AppData\Local\Programs\Python\Python313\Lib\site-packages\pytest_asyncio\plugin.py", line 716, in inner
    runner.run(coro, context=context)
    │      │   │             └ <_contextvars.Context object at 0x00000248930DEF80>
    │      │   └ <coroutine object test_verify_registration_success at 0x0000024892F88EE0>
    │      └ <function Runner.run at 0x000002488AF30860>
    └ <asyncio.runners.Runner object at 0x0000024893049950>
  File "C:\Users\Chane\AppData\Local\Programs\Python\Python313\Lib\asyncio\runners.py", line 118, in run
    return self._loop.run_until_complete(task)
           │    │     │                  └ <Task pending name='Task-14' coro=<test_verify_registration_success() running at e:\dev\share_it\back-end\tests\auth_test.py:...
           │    │     └ <function BaseEventLoop.run_until_complete at 0x000002488AF2A2A0>
           │    └ <ProactorEventLoop running=True closed=False debug=False>
           └ <asyncio.runners.Runner object at 0x0000024893049950>
  File "C:\Users\Chane\AppData\Local\Programs\Python\Python313\Lib\asyncio\base_events.py", line 712, in run_until_complete
    self.run_forever()
    │    └ <function BaseEventLoop.run_forever at 0x000002488AF2A200>
    └ <ProactorEventLoop running=True closed=False debug=False>
  File "C:\Users\Chane\AppData\Local\Programs\Python\Python313\Lib\asyncio\base_events.py", line 683, in run_forever
    self._run_once()
    │    └ <function BaseEventLoop._run_once at 0x000002488AF30040>
    └ <ProactorEventLoop running=True closed=False debug=False>
  File "C:\Users\Chane\AppData\Local\Programs\Python\Python313\Lib\asyncio\base_events.py", line 2040, in _run_once
    handle._run()
    │      └ <function Handle._run at 0x000002488AEBD8A0>
    └ <Handle Task.task_wakeup()>
  File "C:\Users\Chane\AppData\Local\Programs\Python\Python313\Lib\asyncio\events.py", line 89, in _run
    self._context.run(self._callback, *self._args)
    │    │            │    │           │    └ <member '_args' of 'Handle' objects>
    │    │            │    │           └ <Handle Task.task_wakeup()>
    │    │            │    └ <member '_callback' of 'Handle' objects>
    │    │            └ <Handle Task.task_wakeup()>
    │    └ <member '_context' of 'Handle' objects>
    └ <Handle Task.task_wakeup()>
  File "C:\Users\Chane\AppData\Local\Programs\Python\Python313\Lib\site-packages\starlette\middleware\base.py", line 144, in coro
    await self.app(scope, receive_or_disconnect, send_no_error)
          │    │   │      │                      └ <function BaseHTTPMiddleware.__call__.<locals>.call_next.<locals>.send_no_error at 0x00000248931C1DA0>
          │    │   │      └ <function BaseHTTPMiddleware.__call__.<locals>.call_next.<locals>.receive_or_disconnect at 0x0000024892FA3740>
          │    │   └ {'type': 'http', 'asgi': {'version': '3.0'}, 'http_version': '1.1', 'method': 'POST', 'headers': [(b'host', b'test'), (b'acce...
          │    └ <starlette.middleware.exceptions.ExceptionMiddleware object at 0x0000024892F92E40>
          └ <slowapi.middleware.SlowAPIMiddleware object at 0x0000024892F92F90>
  File "C:\Users\Chane\AppData\Local\Programs\Python\Python313\Lib\site-packages\starlette\middleware\exceptions.py", line 63, in __call__
    await wrap_app_handling_exceptions(self.app, conn)(scope, receive, send)
          │                            │    │    │     │      │        └ <function BaseHTTPMiddleware.__call__.<locals>.call_next.<locals>.send_no_error at 0x00000248931C1DA0>
          │                            │    │    │     │      └ <function BaseHTTPMiddleware.__call__.<locals>.call_next.<locals>.receive_or_disconnect at 0x0000024892FA3740>
          │                            │    │    │     └ {'type': 'http', 'asgi': {'version': '3.0'}, 'http_version': '1.1', 'method': 'POST', 'headers': [(b'host', b'test'), (b'acce...
          │                            │    │    └ <starlette.requests.Request object at 0x000002489304B250>
          │                            │    └ <fastapi.middleware.asyncexitstack.AsyncExitStackMiddleware object at 0x0000024892F92CF0>
          │                            └ <starlette.middleware.exceptions.ExceptionMiddleware object at 0x0000024892F92E40>
          └ <function wrap_app_handling_exceptions at 0x000002488E93ED40>
  File "C:\Users\Chane\AppData\Local\Programs\Python\Python313\Lib\site-packages\starlette\_exception_handler.py", line 42, in wrapped_app
    await app(scope, receive, sender)
          │   │      │        └ <function wrap_app_handling_exceptions.<locals>.wrapped_app.<locals>.sender at 0x00000248931C1A80>
          │   │      └ <function BaseHTTPMiddleware.__call__.<locals>.call_next.<locals>.receive_or_disconnect at 0x0000024892FA3740>
          │   └ {'type': 'http', 'asgi': {'version': '3.0'}, 'http_version': '1.1', 'method': 'POST', 'headers': [(b'host', b'test'), (b'acce...
          └ <fastapi.middleware.asyncexitstack.AsyncExitStackMiddleware object at 0x0000024892F92CF0>
  File "C:\Users\Chane\AppData\Local\Programs\Python\Python313\Lib\site-packages\fastapi\middleware\asyncexitstack.py", line 18, in __call__
    await self.app(scope, receive, send)
          │    │   │      │        └ <function wrap_app_handling_exceptions.<locals>.wrapped_app.<locals>.sender at 0x00000248931C1A80>
          │    │   │      └ <function BaseHTTPMiddleware.__call__.<locals>.call_next.<locals>.receive_or_disconnect at 0x0000024892FA3740>
          │    │   └ {'type': 'http', 'asgi': {'version': '3.0'}, 'http_version': '1.1', 'method': 'POST', 'headers': [(b'host', b'test'), (b'acce...
          │    └ <fastapi.routing.APIRouter object at 0x0000024892F0F2F0>
          └ <fastapi.middleware.asyncexitstack.AsyncExitStackMiddleware object at 0x0000024892F92CF0>
  File "C:\Users\Chane\AppData\Local\Programs\Python\Python313\Lib\site-packages\starlette\routing.py", line 716, in __call__
    await self.middleware_stack(scope, receive, send)
          │    │                │      │        └ <function wrap_app_handling_exceptions.<locals>.wrapped_app.<locals>.sender at 0x00000248931C1A80>
          │    │                │      └ <function BaseHTTPMiddleware.__call__.<locals>.call_next.<locals>.receive_or_disconnect at 0x0000024892FA3740>
          │    │                └ {'type': 'http', 'asgi': {'version': '3.0'}, 'http_version': '1.1', 'method': 'POST', 'headers': [(b'host', b'test'), (b'acce...
          │    └ <bound method Router.app of <fastapi.routing.APIRouter object at 0x0000024892F0F2F0>>
          └ <fastapi.routing.APIRouter object at 0x0000024892F0F2F0>
  File "C:\Users\Chane\AppData\Local\Programs\Python\Python313\Lib\site-packages\starlette\routing.py", line 736, in app
    await route.handle(scope, receive, send)
          │     │      │      │        └ <function wrap_app_handling_exceptions.<locals>.wrapped_app.<locals>.sender at 0x00000248931C1A80>
          │     │      │      └ <function BaseHTTPMiddleware.__call__.<locals>.call_next.<locals>.receive_or_disconnect at 0x0000024892FA3740>
          │     │      └ {'type': 'http', 'asgi': {'version': '3.0'}, 'http_version': '1.1', 'method': 'POST', 'headers': [(b'host', b'test'), (b'acce...
          │     └ <function Route.handle at 0x000002488E9685E0>
          └ APIRoute(path='/auth/verify_challenge', name='verify_challenge', methods=['POST'])
  File "C:\Users\Chane\AppData\Local\Programs\Python\Python313\Lib\site-packages\starlette\routing.py", line 290, in handle
    await self.app(scope, receive, send)
          │    │   │      │        └ <function wrap_app_handling_exceptions.<locals>.wrapped_app.<locals>.sender at 0x00000248931C1A80>
          │    │   │      └ <function BaseHTTPMiddleware.__call__.<locals>.call_next.<locals>.receive_or_disconnect at 0x0000024892FA3740>
          │    │   └ {'type': 'http', 'asgi': {'version': '3.0'}, 'http_version': '1.1', 'method': 'POST', 'headers': [(b'host', b'test'), (b'acce...
          │    └ <function request_response.<locals>.app at 0x0000024893038C20>
          └ APIRoute(path='/auth/verify_challenge', name='verify_challenge', methods=['POST'])
  File "C:\Users\Chane\AppData\Local\Programs\Python\Python313\Lib\site-packages\fastapi\routing.py", line 125, in app
    await wrap_app_handling_exceptions(app, request)(scope, receive, send)
          │                            │    │        │      │        └ <function wrap_app_handling_exceptions.<locals>.wrapped_app.<locals>.sender at 0x00000248931C1A80>
          │                            │    │        │      └ <function BaseHTTPMiddleware.__call__.<locals>.call_next.<locals>.receive_or_disconnect at 0x0000024892FA3740>
          │                            │    │        └ {'type': 'http', 'asgi': {'version': '3.0'}, 'http_version': '1.1', 'method': 'POST', 'headers': [(b'host', b'test'), (b'acce...
          │                            │    └ <starlette.requests.Request object at 0x00000248930C5810>
          │                            └ <function request_response.<locals>.app.<locals>.app at 0x00000248931C19E0>
          └ <function wrap_app_handling_exceptions at 0x000002488E93ED40>
  File "C:\Users\Chane\AppData\Local\Programs\Python\Python313\Lib\site-packages\starlette\_exception_handler.py", line 42, in wrapped_app
    await app(scope, receive, sender)
          │   │      │        └ <function wrap_app_handling_exceptions.<locals>.wrapped_app.<locals>.sender at 0x00000248931C18A0>
          │   │      └ <function BaseHTTPMiddleware.__call__.<locals>.call_next.<locals>.receive_or_disconnect at 0x0000024892FA3740>
          │   └ {'type': 'http', 'asgi': {'version': '3.0'}, 'http_version': '1.1', 'method': 'POST', 'headers': [(b'host', b'test'), (b'acce...
          └ <function request_response.<locals>.app.<locals>.app at 0x00000248931C19E0>
  File "C:\Users\Chane\AppData\Local\Programs\Python\Python313\Lib\site-packages\fastapi\routing.py", line 111, in app
    response = await f(request)
                     │ └ <starlette.requests.Request object at 0x00000248930C5810>
                     └ <function get_request_handler.<locals>.app at 0x0000024893038AE0>
  File "C:\Users\Chane\AppData\Local\Programs\Python\Python313\Lib\site-packages\fastapi\routing.py", line 391, in app
    raw_response = await run_endpoint_function(
                         └ <function run_endpoint_function at 0x000002488E96A480>
> File "C:\Users\Chane\AppData\Local\Programs\Python\Python313\Lib\site-packages\fastapi\routing.py", line 290, in run_endpoint_function
    return await dependant.call(**values)
                 │         │      └ {'db': <sqlalchemy.ext.asyncio.session.AsyncSession object at 0x00000248931316D0>, 'data': VerifyRequest(user_id=None, public...
                 │         └ <function verify_challenge at 0x0000024892FA2980>
                 └ Dependant(path_params=[], query_params=[], header_params=[], cookie_params=[], body_params=[ModelField(field_info=Body(Pydant...

  File "E:\dev\share_it\back-end\routers\auth_router.py", line 76, in verify_challenge
    stored_nonce = await redis.get(redis_key)
                         │     │   └ 'auth:nonce:pk:82f31464c5f5bf04b1e41de9469ecfec76456e488600c6f385b49d7a2f6ccc7c'
                         │     └ <function BasicKeyCommands.get at 0x000002488E3A20C0>
                         └ <redis.asyncio.client.Redis(<redis.asyncio.connection.ConnectionPool(<redis.asyncio.connection.Connection(encoding=utf-8,deco...

  File "C:\Users\Chane\AppData\Local\Programs\Python\Python313\Lib\site-packages\redis\asyncio\client.py", line 781, in execute_command
    result = await conn.retry.call_with_retry(
                   │    │     └ <function Retry.call_with_retry at 0x000002488E278E00>
                   │    └ <redis.asyncio.retry.Retry object at 0x0000024893130E10>
                   └ <redis.asyncio.connection.Connection(host=127.0.0.1,port=6379,db=0)>
  File "C:\Users\Chane\AppData\Local\Programs\Python\Python313\Lib\site-packages\redis\asyncio\retry.py", line 69, in call_with_retry
    return await do()
                 └ <function Redis.execute_command.<locals>.<lambda> at 0x00000248931C0AE0>
  File "C:\Users\Chane\AppData\Local\Programs\Python\Python313\Lib\site-packages\redis\asyncio\client.py", line 721, in _send_command_parse_response
    await conn.send_command(*args)
          │    │             └ ('GET', 'auth:nonce:pk:82f31464c5f5bf04b1e41de9469ecfec76456e488600c6f385b49d7a2f6ccc7c')
          │    └ <function AbstractConnection.send_command at 0x000002488E2ED6C0>
          └ <redis.asyncio.connection.Connection(host=127.0.0.1,port=6379,db=0)>
  File "C:\Users\Chane\AppData\Local\Programs\Python\Python313\Lib\site-packages\redis\asyncio\connection.py", line 694, in send_command
    await self.send_packed_command(
          │    └ <function AbstractConnection.send_packed_command at 0x000002488E2ED620>
          └ <redis.asyncio.connection.Connection(host=127.0.0.1,port=6379,db=0)>
  File "C:\Users\Chane\AppData\Local\Programs\Python\Python313\Lib\site-packages\redis\asyncio\connection.py", line 689, in send_packed_command
    await self.disconnect(nowait=True)
          │    └ <function AbstractConnection.disconnect at 0x000002488E2ED300>
          └ <redis.asyncio.connection.Connection(host=127.0.0.1,port=6379,db=0)>
  File "C:\Users\Chane\AppData\Local\Programs\Python\Python313\Lib\site-packages\redis\asyncio\connection.py", line 585, in disconnect
    self._writer.close()  # type: ignore[union-attr]
    │    └ <member '_writer' of 'AbstractConnection' objects>
    └ <redis.asyncio.connection.Connection(host=127.0.0.1,port=6379,db=0)>
  File "C:\Users\Chane\AppData\Local\Programs\Python\Python313\Lib\asyncio\streams.py", line 352, in close
    return self._transport.close()
           │    │          └ <function _ProactorBasePipeTransport.close at 0x000002488AF52CA0>
           │    └ <_ProactorSocketTransport closing fd=1048 read=<_OverlappedFuture cancelled>>
           └ <StreamWriter transport=<_ProactorSocketTransport closing fd=1048 read=<_OverlappedFuture cancelled>> reader=<StreamReader tr...
  File "C:\Users\Chane\AppData\Local\Programs\Python\Python313\Lib\asyncio\proactor_events.py", line 109, in close
    self._loop.call_soon(self._call_connection_lost, None)
    │    │               │    └ <function _ProactorBasePipeTransport._call_connection_lost at 0x000002488AF52F20>
    │    │               └ <_ProactorSocketTransport closing fd=1048 read=<_OverlappedFuture cancelled>>
    │    └ <member '_loop' of '_FlowControlMixin' objects>
    └ <_ProactorSocketTransport closing fd=1048 read=<_OverlappedFuture cancelled>>
  File "C:\Users\Chane\AppData\Local\Programs\Python\Python313\Lib\asyncio\base_events.py", line 833, in call_soon
    self._check_closed()
    │    └ <function BaseEventLoop._check_closed at 0x000002488AF29BC0>
    └ <ProactorEventLoop running=False closed=True debug=False>
  File "C:\Users\Chane\AppData\Local\Programs\Python\Python313\Lib\asyncio\base_events.py", line 556, in _check_closed
    raise RuntimeError('Event loop is closed')

RuntimeError: Event loop is closed
2026-05-03 18:13:37 | INFO     | routers.auth_router:request_challenge:42 - Challenge (login) for ID 11 generated
2026-05-03 18:13:37 | ERROR    | fastapi.routing:run_endpoint_function:290 - An error has been caught in function 'run_endpoint_function', process 'MainProcess' (22992), thread 'MainThread' (33716):
Traceback (most recent call last):

  File "C:\Users\Chane\AppData\Local\Programs\Python\Python313\Lib\site-packages\redis\asyncio\connection.py", line 669, in send_packed_command
    self._writer.writelines(command)
    │    │                  └ [b'*2\r\n$3\r\nGET\r\n$78\r\nauth:nonce:pk:e3324608be6b478719782b4ea249235ff46e582954ac3ff8ebb5ce2d4bfd77bd\r\n']
    │    └ <member '_writer' of 'AbstractConnection' objects>
    └ <redis.asyncio.connection.Connection(host=127.0.0.1,port=6379,db=0)>
  File "C:\Users\Chane\AppData\Local\Programs\Python\Python313\Lib\asyncio\streams.py", line 343, in writelines
    self._transport.writelines(data)
    │    │          │          └ [b'*2\r\n$3\r\nGET\r\n$78\r\nauth:nonce:pk:e3324608be6b478719782b4ea249235ff46e582954ac3ff8ebb5ce2d4bfd77bd\r\n']
    │    │          └ <function WriteTransport.writelines at 0x0000024DD11F56C0>
    │    └ <_ProactorSocketTransport closing fd=548 read=<_OverlappedFuture cancelled>>
    └ <StreamWriter transport=<_ProactorSocketTransport closing fd=548 read=<_OverlappedFuture cancelled>> reader=<StreamReader tra...
  File "C:\Users\Chane\AppData\Local\Programs\Python\Python313\Lib\asyncio\transports.py", line 123, in writelines
    self.write(data)
    │    │     └ b'*2\r\n$3\r\nGET\r\n$78\r\nauth:nonce:pk:e3324608be6b478719782b4ea249235ff46e582954ac3ff8ebb5ce2d4bfd77bd\r\n'
    │    └ <function _ProactorBaseWritePipeTransport.write at 0x0000024DD1273600>
    └ <_ProactorSocketTransport closing fd=548 read=<_OverlappedFuture cancelled>>
  File "C:\Users\Chane\AppData\Local\Programs\Python\Python313\Lib\asyncio\proactor_events.py", line 366, in write
    self._loop_writing(data=bytes(data))
    │    │                        └ b'*2\r\n$3\r\nGET\r\n$78\r\nauth:nonce:pk:e3324608be6b478719782b4ea249235ff46e582954ac3ff8ebb5ce2d4bfd77bd\r\n'
    │    └ <function _ProactorBaseWritePipeTransport._loop_writing at 0x0000024DD12736A0>
    └ <_ProactorSocketTransport closing fd=548 read=<_OverlappedFuture cancelled>>
  File "C:\Users\Chane\AppData\Local\Programs\Python\Python313\Lib\asyncio\proactor_events.py", line 402, in _loop_writing
    self._write_fut = self._loop._proactor.send(self._sock, data)
    │    │            │    │                    │    │      └ b'*2\r\n$3\r\nGET\r\n$78\r\nauth:nonce:pk:e3324608be6b478719782b4ea249235ff46e582954ac3ff8ebb5ce2d4bfd77bd\r\n'
    │    │            │    │                    │    └ <socket.socket fd=548, family=2, type=1, proto=6, laddr=('127.0.0.1', 60245), raddr=('127.0.0.1', 6379)>
    │    │            │    │                    └ <_ProactorSocketTransport closing fd=548 read=<_OverlappedFuture cancelled>>
    │    │            │    └ <member '_loop' of '_FlowControlMixin' objects>
    │    │            └ <_ProactorSocketTransport closing fd=548 read=<_OverlappedFuture cancelled>>
    │    └ None
    └ <_ProactorSocketTransport closing fd=548 read=<_OverlappedFuture cancelled>>

AttributeError: 'NoneType' object has no attribute 'send'


During handling of the above exception, another exception occurred:


Traceback (most recent call last):

  File "<frozen runpy>", line 198, in _run_module_as_main
  File "<frozen runpy>", line 88, in _run_code
  File "C:\Users\Chane\AppData\Local\Programs\Python\Python313\Lib\site-packages\pytest\__main__.py", line 9, in <module>
    raise SystemExit(pytest.console_main())
                     │      └ <function console_main at 0x0000024DCF3B3880>
                     └ <module 'pytest' from 'C:\\Users\\Chane\\AppData\\Local\\Programs\\Python\\Python313\\Lib\\site-packages\\pytest\\__init__.py'>
  File "C:\Users\Chane\AppData\Local\Programs\Python\Python313\Lib\site-packages\_pytest\config\__init__.py", line 201, in console_main
    code = main()
           └ <function main at 0x0000024DCF3B37E0>
  File "C:\Users\Chane\AppData\Local\Programs\Python\Python313\Lib\site-packages\_pytest\config\__init__.py", line 175, in main
    ret: ExitCode | int = config.hook.pytest_cmdline_main(config=config)
         │                │      │    │                          └ <_pytest.config.Config object at 0x0000024DCF6423C0>
         │                │      │    └ <HookCaller 'pytest_cmdline_main'>
         │                │      └ <_pytest.config.compat.PathAwareHookProxy object at 0x0000024DCF642900>
         │                └ <_pytest.config.Config object at 0x0000024DCF6423C0>
         └ <enum 'ExitCode'>
  File "C:\Users\Chane\AppData\Local\Programs\Python\Python313\Lib\site-packages\pluggy\_hooks.py", line 513, in __call__
    return self._hookexec(self.name, self._hookimpls.copy(), kwargs, firstresult)
           │    │         │    │     │    │                  │       └ True
           │    │         │    │     │    │                  └ {'config': <_pytest.config.Config object at 0x0000024DCF6423C0>}
           │    │         │    │     │    └ <member '_hookimpls' of 'HookCaller' objects>
           │    │         │    │     └ <HookCaller 'pytest_cmdline_main'>
           │    │         │    └ <member 'name' of 'HookCaller' objects>
           │    │         └ <HookCaller 'pytest_cmdline_main'>
           │    └ <member '_hookexec' of 'HookCaller' objects>
           └ <HookCaller 'pytest_cmdline_main'>
  File "C:\Users\Chane\AppData\Local\Programs\Python\Python313\Lib\site-packages\pluggy\_manager.py", line 120, in _hookexec
    return self._inner_hookexec(hook_name, methods, kwargs, firstresult)
           │    │               │          │        │       └ True
           │    │               │          │        └ {'config': <_pytest.config.Config object at 0x0000024DCF6423C0>}
           │    │               │          └ [<HookImpl plugin_name='main', plugin=<module '_pytest.main' from 'C:\\Users\\Chane\\AppData\\Local\\Programs\\Python\\Python...
           │    │               └ 'pytest_cmdline_main'
           │    └ <function _multicall at 0x0000024DCED6F9C0>
           └ <_pytest.config.PytestPluginManager object at 0x0000024DCF4D3E00>
  File "C:\Users\Chane\AppData\Local\Programs\Python\Python313\Lib\site-packages\pluggy\_callers.py", line 103, in _multicall
    res = hook_impl.function(*args)
          │         │         └ [<_pytest.config.Config object at 0x0000024DCF6423C0>]
          │         └ <member 'function' of 'HookImpl' objects>
          └ <HookImpl plugin_name='main', plugin=<module '_pytest.main' from 'C:\\Users\\Chane\\AppData\\Local\\Programs\\Python\\Python3...
  File "C:\Users\Chane\AppData\Local\Programs\Python\Python313\Lib\site-packages\_pytest\main.py", line 330, in pytest_cmdline_main
    return wrap_session(config, _main)
           │            │       └ <function _main at 0x0000024DCF438F40>
           │            └ <_pytest.config.Config object at 0x0000024DCF6423C0>
           └ <function wrap_session at 0x0000024DCF438E00>
  File "C:\Users\Chane\AppData\Local\Programs\Python\Python313\Lib\site-packages\_pytest\main.py", line 283, in wrap_session
    session.exitstatus = doit(config, session) or 0
    │       │            │    │       └ <Session  exitstatus=<ExitCode.OK: 0> testsfailed=0 testscollected=4>
    │       │            │    └ <_pytest.config.Config object at 0x0000024DCF6423C0>
    │       │            └ <function _main at 0x0000024DCF438F40>
    │       └ <ExitCode.OK: 0>
    └ <Session  exitstatus=<ExitCode.OK: 0> testsfailed=0 testscollected=4>
  File "C:\Users\Chane\AppData\Local\Programs\Python\Python313\Lib\site-packages\_pytest\main.py", line 337, in _main
    config.hook.pytest_runtestloop(session=session)
    │      │    │                          └ <Session  exitstatus=<ExitCode.OK: 0> testsfailed=0 testscollected=4>
    │      │    └ <HookCaller 'pytest_runtestloop'>
    │      └ <_pytest.config.compat.PathAwareHookProxy object at 0x0000024DCF642900>
    └ <_pytest.config.Config object at 0x0000024DCF6423C0>
  File "C:\Users\Chane\AppData\Local\Programs\Python\Python313\Lib\site-packages\pluggy\_hooks.py", line 513, in __call__
    return self._hookexec(self.name, self._hookimpls.copy(), kwargs, firstresult)
           │    │         │    │     │    │                  │       └ True
           │    │         │    │     │    │                  └ {'session': <Session  exitstatus=<ExitCode.OK: 0> testsfailed=0 testscollected=4>}
           │    │         │    │     │    └ <member '_hookimpls' of 'HookCaller' objects>
           │    │         │    │     └ <HookCaller 'pytest_runtestloop'>
           │    │         │    └ <member 'name' of 'HookCaller' objects>
           │    │         └ <HookCaller 'pytest_runtestloop'>
           │    └ <member '_hookexec' of 'HookCaller' objects>
           └ <HookCaller 'pytest_runtestloop'>
  File "C:\Users\Chane\AppData\Local\Programs\Python\Python313\Lib\site-packages\pluggy\_manager.py", line 120, in _hookexec
    return self._inner_hookexec(hook_name, methods, kwargs, firstresult)
           │    │               │          │        │       └ True
           │    │               │          │        └ {'session': <Session  exitstatus=<ExitCode.OK: 0> testsfailed=0 testscollected=4>}
           │    │               │          └ [<HookImpl plugin_name='main', plugin=<module '_pytest.main' from 'C:\\Users\\Chane\\AppData\\Local\\Programs\\Python\\Python...
           │    │               └ 'pytest_runtestloop'
           │    └ <function _multicall at 0x0000024DCED6F9C0>
           └ <_pytest.config.PytestPluginManager object at 0x0000024DCF4D3E00>
  File "C:\Users\Chane\AppData\Local\Programs\Python\Python313\Lib\site-packages\pluggy\_callers.py", line 103, in _multicall
    res = hook_impl.function(*args)
          │         │         └ [<Session  exitstatus=<ExitCode.OK: 0> testsfailed=0 testscollected=4>]
          │         └ <member 'function' of 'HookImpl' objects>
          └ <HookImpl plugin_name='main', plugin=<module '_pytest.main' from 'C:\\Users\\Chane\\AppData\\Local\\Programs\\Python\\Python3...
  File "C:\Users\Chane\AppData\Local\Programs\Python\Python313\Lib\site-packages\_pytest\main.py", line 362, in pytest_runtestloop
    item.config.hook.pytest_runtest_protocol(item=item, nextitem=nextitem)
    │    │                                        │              └ None
    │    │                                        └ <Coroutine test_verify_registration_success>
    │    └ <member 'config' of 'Node' objects>
    └ <Coroutine test_verify_registration_success>
  File "C:\Users\Chane\AppData\Local\Programs\Python\Python313\Lib\site-packages\pluggy\_hooks.py", line 513, in __call__
    return self._hookexec(self.name, self._hookimpls.copy(), kwargs, firstresult)
           │    │         │    │     │    │                  │       └ True
           │    │         │    │     │    │                  └ {'item': <Coroutine test_verify_registration_success>, 'nextitem': None}
           │    │         │    │     │    └ <member '_hookimpls' of 'HookCaller' objects>
           │    │         │    │     └ <HookCaller 'pytest_runtest_protocol'>
           │    │         │    └ <member 'name' of 'HookCaller' objects>
           │    │         └ <HookCaller 'pytest_runtest_protocol'>
           │    └ <member '_hookexec' of 'HookCaller' objects>
           └ <HookCaller 'pytest_runtest_protocol'>
  File "C:\Users\Chane\AppData\Local\Programs\Python\Python313\Lib\site-packages\pluggy\_manager.py", line 120, in _hookexec
    return self._inner_hookexec(hook_name, methods, kwargs, firstresult)
           │    │               │          │        │       └ True
           │    │               │          │        └ {'item': <Coroutine test_verify_registration_success>, 'nextitem': None}
           │    │               │          └ [<HookImpl plugin_name='runner', plugin=<module '_pytest.runner' from 'C:\\Users\\Chane\\AppData\\Local\\Programs\\Python\\Py...
           │    │               └ 'pytest_runtest_protocol'
           │    └ <function _multicall at 0x0000024DCED6F9C0>
           └ <_pytest.config.PytestPluginManager object at 0x0000024DCF4D3E00>
  File "C:\Users\Chane\AppData\Local\Programs\Python\Python313\Lib\site-packages\pluggy\_callers.py", line 103, in _multicall
    res = hook_impl.function(*args)
          │         │         └ [<Coroutine test_verify_registration_success>, None]
          │         └ <member 'function' of 'HookImpl' objects>
          └ <HookImpl plugin_name='runner', plugin=<module '_pytest.runner' from 'C:\\Users\\Chane\\AppData\\Local\\Programs\\Python\\Pyt...
  File "C:\Users\Chane\AppData\Local\Programs\Python\Python313\Lib\site-packages\_pytest\runner.py", line 113, in pytest_runtest_protocol
    runtestprotocol(item, nextitem=nextitem)
    │               │              └ None
    │               └ <Coroutine test_verify_registration_success>
    └ <function runtestprotocol at 0x0000024DCF438040>
  File "C:\Users\Chane\AppData\Local\Programs\Python\Python313\Lib\site-packages\_pytest\runner.py", line 132, in runtestprotocol
    reports.append(call_and_report(item, "call", log))
    │       │      │               │             └ True
    │       │      │               └ <Coroutine test_verify_registration_success>
    │       │      └ <function call_and_report at 0x0000024DCF4384A0>
    │       └ <method 'append' of 'list' objects>
    └ [<TestReport 'tests/auth_test.py::test_verify_registration_success' when='setup' outcome='passed'>]
  File "C:\Users\Chane\AppData\Local\Programs\Python\Python313\Lib\site-packages\_pytest\runner.py", line 241, in call_and_report
    call = CallInfo.from_call(
           │        └ <classmethod(<function CallInfo.from_call at 0x0000024DCF4387C0>)>
           └ <class '_pytest.runner.CallInfo'>
  File "C:\Users\Chane\AppData\Local\Programs\Python\Python313\Lib\site-packages\_pytest\runner.py", line 341, in from_call
    result: TResult | None = func()
            │                └ <function call_and_report.<locals>.<lambda> at 0x0000024DD93BBB00>
            └ +TResult
  File "C:\Users\Chane\AppData\Local\Programs\Python\Python313\Lib\site-packages\_pytest\runner.py", line 242, in <lambda>
    lambda: runtest_hook(item=item, **kwds), when=when, reraise=reraise
            │                 │       └ {}
            │                 └ <Coroutine test_verify_registration_success>
            └ <HookCaller 'pytest_runtest_call'>
  File "C:\Users\Chane\AppData\Local\Programs\Python\Python313\Lib\site-packages\pluggy\_hooks.py", line 513, in __call__
    return self._hookexec(self.name, self._hookimpls.copy(), kwargs, firstresult)
           │    │         │    │     │    │                  │       └ False
           │    │         │    │     │    │                  └ {'item': <Coroutine test_verify_registration_success>}
           │    │         │    │     │    └ <member '_hookimpls' of 'HookCaller' objects>
           │    │         │    │     └ <HookCaller 'pytest_runtest_call'>
           │    │         │    └ <member 'name' of 'HookCaller' objects>
           │    │         └ <HookCaller 'pytest_runtest_call'>
           │    └ <member '_hookexec' of 'HookCaller' objects>
           └ <HookCaller 'pytest_runtest_call'>
  File "C:\Users\Chane\AppData\Local\Programs\Python\Python313\Lib\site-packages\pluggy\_manager.py", line 120, in _hookexec
    return self._inner_hookexec(hook_name, methods, kwargs, firstresult)
           │    │               │          │        │       └ False
           │    │               │          │        └ {'item': <Coroutine test_verify_registration_success>}
           │    │               │          └ [<HookImpl plugin_name='runner', plugin=<module '_pytest.runner' from 'C:\\Users\\Chane\\AppData\\Local\\Programs\\Python\\Py...
           │    │               └ 'pytest_runtest_call'
           │    └ <function _multicall at 0x0000024DCED6F9C0>
           └ <_pytest.config.PytestPluginManager object at 0x0000024DCF4D3E00>
  File "C:\Users\Chane\AppData\Local\Programs\Python\Python313\Lib\site-packages\pluggy\_callers.py", line 103, in _multicall
    res = hook_impl.function(*args)
          │         │         └ [<Coroutine test_verify_registration_success>]
          │         └ <member 'function' of 'HookImpl' objects>
          └ <HookImpl plugin_name='runner', plugin=<module '_pytest.runner' from 'C:\\Users\\Chane\\AppData\\Local\\Programs\\Python\\Pyt...
  File "C:\Users\Chane\AppData\Local\Programs\Python\Python313\Lib\site-packages\_pytest\runner.py", line 174, in pytest_runtest_call
    item.runtest()
    │    └ <function PytestAsyncioFunction.runtest at 0x0000024DD12C0F40>
    └ <Coroutine test_verify_registration_success>
  File "C:\Users\Chane\AppData\Local\Programs\Python\Python313\Lib\site-packages\pytest_asyncio\plugin.py", line 469, in runtest
    super().runtest()
  File "C:\Users\Chane\AppData\Local\Programs\Python\Python313\Lib\site-packages\_pytest\python.py", line 1627, in runtest
    self.ihook.pytest_pyfunc_call(pyfuncitem=self)
    │    │                                   └ <Coroutine test_verify_registration_success>
    │    └ <property object at 0x0000024DCF3DD530>
    └ <Coroutine test_verify_registration_success>
  File "C:\Users\Chane\AppData\Local\Programs\Python\Python313\Lib\site-packages\pluggy\_hooks.py", line 513, in __call__
    return self._hookexec(self.name, self._hookimpls.copy(), kwargs, firstresult)
           │    │         │    │     │    │                  │       └ True
           │    │         │    │     │    │                  └ {'pyfuncitem': <Coroutine test_verify_registration_success>}
           │    │         │    │     │    └ <member '_hookimpls' of 'HookCaller' objects>
           │    │         │    │     └ <HookCaller 'pytest_pyfunc_call'>
           │    │         │    └ <member 'name' of 'HookCaller' objects>
           │    │         └ <HookCaller 'pytest_pyfunc_call'>
           │    └ <member '_hookexec' of 'HookCaller' objects>
           └ <HookCaller 'pytest_pyfunc_call'>
  File "C:\Users\Chane\AppData\Local\Programs\Python\Python313\Lib\site-packages\pluggy\_manager.py", line 120, in _hookexec
    return self._inner_hookexec(hook_name, methods, kwargs, firstresult)
           │    │               │          │        │       └ True
           │    │               │          │        └ {'pyfuncitem': <Coroutine test_verify_registration_success>}
           │    │               │          └ [<HookImpl plugin_name='python', plugin=<module '_pytest.python' from 'C:\\Users\\Chane\\AppData\\Local\\Programs\\Python\\Py...
           │    │               └ 'pytest_pyfunc_call'
           │    └ <function _multicall at 0x0000024DCED6F9C0>
           └ <_pytest.config.PytestPluginManager object at 0x0000024DCF4D3E00>
  File "C:\Users\Chane\AppData\Local\Programs\Python\Python313\Lib\site-packages\pluggy\_callers.py", line 103, in _multicall
    res = hook_impl.function(*args)
          │         │         └ [<Coroutine test_verify_registration_success>]
          │         └ <member 'function' of 'HookImpl' objects>
          └ <HookImpl plugin_name='python', plugin=<module '_pytest.python' from 'C:\\Users\\Chane\\AppData\\Local\\Programs\\Python\\Pyt...
  File "C:\Users\Chane\AppData\Local\Programs\Python\Python313\Lib\site-packages\_pytest\python.py", line 159, in pytest_pyfunc_call
    result = testfunction(**testargs)
             │              └ {'client': <httpx.AsyncClient object at 0x0000024DD9344690>, 'redis_test_client': <redis.asyncio.client.Redis(<redis.asyncio....
             └ <function test_verify_registration_success at 0x0000024DD9440220>
  File "C:\Users\Chane\AppData\Local\Programs\Python\Python313\Lib\site-packages\pytest_asyncio\plugin.py", line 716, in inner
    runner.run(coro, context=context)
    │      │   │             └ <_contextvars.Context object at 0x0000024DD26FE0C0>
    │      │   └ <coroutine object test_verify_registration_success at 0x0000024DD9308EE0>
    │      └ <function Runner.run at 0x0000024DD124C860>
    └ <asyncio.runners.Runner object at 0x0000024DD93C9950>
  File "C:\Users\Chane\AppData\Local\Programs\Python\Python313\Lib\asyncio\runners.py", line 118, in run
    return self._loop.run_until_complete(task)
           │    │     │                  └ <Task pending name='Task-14' coro=<test_verify_registration_success() running at e:\dev\share_it\back-end\tests\auth_test.py:...
           │    │     └ <function BaseEventLoop.run_until_complete at 0x0000024DD12522A0>
           │    └ <ProactorEventLoop running=True closed=False debug=False>
           └ <asyncio.runners.Runner object at 0x0000024DD93C9950>
  File "C:\Users\Chane\AppData\Local\Programs\Python\Python313\Lib\asyncio\base_events.py", line 712, in run_until_complete
    self.run_forever()
    │    └ <function BaseEventLoop.run_forever at 0x0000024DD1252200>
    └ <ProactorEventLoop running=True closed=False debug=False>
  File "C:\Users\Chane\AppData\Local\Programs\Python\Python313\Lib\asyncio\base_events.py", line 683, in run_forever
    self._run_once()
    │    └ <function BaseEventLoop._run_once at 0x0000024DD124C040>
    └ <ProactorEventLoop running=True closed=False debug=False>
  File "C:\Users\Chane\AppData\Local\Programs\Python\Python313\Lib\asyncio\base_events.py", line 2040, in _run_once
    handle._run()
    │      └ <function Handle._run at 0x0000024DD11DD8A0>
    └ <Handle Task.task_wakeup()>
  File "C:\Users\Chane\AppData\Local\Programs\Python\Python313\Lib\asyncio\events.py", line 89, in _run
    self._context.run(self._callback, *self._args)
    │    │            │    │           │    └ <member '_args' of 'Handle' objects>
    │    │            │    │           └ <Handle Task.task_wakeup()>
    │    │            │    └ <member '_callback' of 'Handle' objects>
    │    │            └ <Handle Task.task_wakeup()>
    │    └ <member '_context' of 'Handle' objects>
    └ <Handle Task.task_wakeup()>
  File "C:\Users\Chane\AppData\Local\Programs\Python\Python313\Lib\site-packages\starlette\middleware\base.py", line 144, in coro
    await self.app(scope, receive_or_disconnect, send_no_error)
          │    │   │      │                      └ <function BaseHTTPMiddleware.__call__.<locals>.call_next.<locals>.send_no_error at 0x0000024DD9541DA0>
          │    │   │      └ <function BaseHTTPMiddleware.__call__.<locals>.call_next.<locals>.receive_or_disconnect at 0x0000024DD9323740>
          │    │   └ {'type': 'http', 'asgi': {'version': '3.0'}, 'http_version': '1.1', 'method': 'POST', 'headers': [(b'host', b'test'), (b'acce...
          │    └ <starlette.middleware.exceptions.ExceptionMiddleware object at 0x0000024DD9312E40>
          └ <slowapi.middleware.SlowAPIMiddleware object at 0x0000024DD9312F90>
  File "C:\Users\Chane\AppData\Local\Programs\Python\Python313\Lib\site-packages\starlette\middleware\exceptions.py", line 63, in __call__
    await wrap_app_handling_exceptions(self.app, conn)(scope, receive, send)
          │                            │    │    │     │      │        └ <function BaseHTTPMiddleware.__call__.<locals>.call_next.<locals>.send_no_error at 0x0000024DD9541DA0>
          │                            │    │    │     │      └ <function BaseHTTPMiddleware.__call__.<locals>.call_next.<locals>.receive_or_disconnect at 0x0000024DD9323740>
          │                            │    │    │     └ {'type': 'http', 'asgi': {'version': '3.0'}, 'http_version': '1.1', 'method': 'POST', 'headers': [(b'host', b'test'), (b'acce...
          │                            │    │    └ <starlette.requests.Request object at 0x0000024DD93CB250>
          │                            │    └ <fastapi.middleware.asyncexitstack.AsyncExitStackMiddleware object at 0x0000024DD9312CF0>
          │                            └ <starlette.middleware.exceptions.ExceptionMiddleware object at 0x0000024DD9312E40>
          └ <function wrap_app_handling_exceptions at 0x0000024DD4CBAD40>
  File "C:\Users\Chane\AppData\Local\Programs\Python\Python313\Lib\site-packages\starlette\_exception_handler.py", line 42, in wrapped_app
    await app(scope, receive, sender)
          │   │      │        └ <function wrap_app_handling_exceptions.<locals>.wrapped_app.<locals>.sender at 0x0000024DD9541A80>
          │   │      └ <function BaseHTTPMiddleware.__call__.<locals>.call_next.<locals>.receive_or_disconnect at 0x0000024DD9323740>
          │   └ {'type': 'http', 'asgi': {'version': '3.0'}, 'http_version': '1.1', 'method': 'POST', 'headers': [(b'host', b'test'), (b'acce...
          └ <fastapi.middleware.asyncexitstack.AsyncExitStackMiddleware object at 0x0000024DD9312CF0>
  File "C:\Users\Chane\AppData\Local\Programs\Python\Python313\Lib\site-packages\fastapi\middleware\asyncexitstack.py", line 18, in __call__
    await self.app(scope, receive, send)
          │    │   │      │        └ <function wrap_app_handling_exceptions.<locals>.wrapped_app.<locals>.sender at 0x0000024DD9541A80>
          │    │   │      └ <function BaseHTTPMiddleware.__call__.<locals>.call_next.<locals>.receive_or_disconnect at 0x0000024DD9323740>
          │    │   └ {'type': 'http', 'asgi': {'version': '3.0'}, 'http_version': '1.1', 'method': 'POST', 'headers': [(b'host', b'test'), (b'acce...
          │    └ <fastapi.routing.APIRouter object at 0x0000024DD92932F0>
          └ <fastapi.middleware.asyncexitstack.AsyncExitStackMiddleware object at 0x0000024DD9312CF0>
  File "C:\Users\Chane\AppData\Local\Programs\Python\Python313\Lib\site-packages\starlette\routing.py", line 716, in __call__
    await self.middleware_stack(scope, receive, send)
          │    │                │      │        └ <function wrap_app_handling_exceptions.<locals>.wrapped_app.<locals>.sender at 0x0000024DD9541A80>
          │    │                │      └ <function BaseHTTPMiddleware.__call__.<locals>.call_next.<locals>.receive_or_disconnect at 0x0000024DD9323740>
          │    │                └ {'type': 'http', 'asgi': {'version': '3.0'}, 'http_version': '1.1', 'method': 'POST', 'headers': [(b'host', b'test'), (b'acce...
          │    └ <bound method Router.app of <fastapi.routing.APIRouter object at 0x0000024DD92932F0>>
          └ <fastapi.routing.APIRouter object at 0x0000024DD92932F0>
  File "C:\Users\Chane\AppData\Local\Programs\Python\Python313\Lib\site-packages\starlette\routing.py", line 736, in app
    await route.handle(scope, receive, send)
          │     │      │      │        └ <function wrap_app_handling_exceptions.<locals>.wrapped_app.<locals>.sender at 0x0000024DD9541A80>
          │     │      │      └ <function BaseHTTPMiddleware.__call__.<locals>.call_next.<locals>.receive_or_disconnect at 0x0000024DD9323740>
          │     │      └ {'type': 'http', 'asgi': {'version': '3.0'}, 'http_version': '1.1', 'method': 'POST', 'headers': [(b'host', b'test'), (b'acce...
          │     └ <function Route.handle at 0x0000024DD4CE85E0>
          └ APIRoute(path='/auth/verify_challenge', name='verify_challenge', methods=['POST'])
  File "C:\Users\Chane\AppData\Local\Programs\Python\Python313\Lib\site-packages\starlette\routing.py", line 290, in handle
    await self.app(scope, receive, send)
          │    │   │      │        └ <function wrap_app_handling_exceptions.<locals>.wrapped_app.<locals>.sender at 0x0000024DD9541A80>
          │    │   │      └ <function BaseHTTPMiddleware.__call__.<locals>.call_next.<locals>.receive_or_disconnect at 0x0000024DD9323740>
          │    │   └ {'type': 'http', 'asgi': {'version': '3.0'}, 'http_version': '1.1', 'method': 'POST', 'headers': [(b'host', b'test'), (b'acce...
          │    └ <function request_response.<locals>.app at 0x0000024DD93B8C20>
          └ APIRoute(path='/auth/verify_challenge', name='verify_challenge', methods=['POST'])
  File "C:\Users\Chane\AppData\Local\Programs\Python\Python313\Lib\site-packages\fastapi\routing.py", line 125, in app
    await wrap_app_handling_exceptions(app, request)(scope, receive, send)
          │                            │    │        │      │        └ <function wrap_app_handling_exceptions.<locals>.wrapped_app.<locals>.sender at 0x0000024DD9541A80>
          │                            │    │        │      └ <function BaseHTTPMiddleware.__call__.<locals>.call_next.<locals>.receive_or_disconnect at 0x0000024DD9323740>
          │                            │    │        └ {'type': 'http', 'asgi': {'version': '3.0'}, 'http_version': '1.1', 'method': 'POST', 'headers': [(b'host', b'test'), (b'acce...
          │                            │    └ <starlette.requests.Request object at 0x0000024DD9445810>
          │                            └ <function request_response.<locals>.app.<locals>.app at 0x0000024DD95419E0>
          └ <function wrap_app_handling_exceptions at 0x0000024DD4CBAD40>
  File "C:\Users\Chane\AppData\Local\Programs\Python\Python313\Lib\site-packages\starlette\_exception_handler.py", line 42, in wrapped_app
    await app(scope, receive, sender)
          │   │      │        └ <function wrap_app_handling_exceptions.<locals>.wrapped_app.<locals>.sender at 0x0000024DD95418A0>
          │   │      └ <function BaseHTTPMiddleware.__call__.<locals>.call_next.<locals>.receive_or_disconnect at 0x0000024DD9323740>
          │   └ {'type': 'http', 'asgi': {'version': '3.0'}, 'http_version': '1.1', 'method': 'POST', 'headers': [(b'host', b'test'), (b'acce...
          └ <function request_response.<locals>.app.<locals>.app at 0x0000024DD95419E0>
  File "C:\Users\Chane\AppData\Local\Programs\Python\Python313\Lib\site-packages\fastapi\routing.py", line 111, in app
    response = await f(request)
                     │ └ <starlette.requests.Request object at 0x0000024DD9445810>
                     └ <function get_request_handler.<locals>.app at 0x0000024DD93B8AE0>
  File "C:\Users\Chane\AppData\Local\Programs\Python\Python313\Lib\site-packages\fastapi\routing.py", line 391, in app
    raw_response = await run_endpoint_function(
                         └ <function run_endpoint_function at 0x0000024DD4CEA480>
> File "C:\Users\Chane\AppData\Local\Programs\Python\Python313\Lib\site-packages\fastapi\routing.py", line 290, in run_endpoint_function
    return await dependant.call(**values)
                 │         │      └ {'db': <sqlalchemy.ext.asyncio.session.AsyncSession object at 0x0000024DD94B16D0>, 'data': VerifyRequest(user_id=None, public...
                 │         └ <function verify_challenge at 0x0000024DD9322980>
                 └ Dependant(path_params=[], query_params=[], header_params=[], cookie_params=[], body_params=[ModelField(field_info=Body(Pydant...

  File "E:\dev\share_it\back-end\routers\auth_router.py", line 76, in verify_challenge
    stored_nonce = await redis.get(redis_key)
                         │     │   └ 'auth:nonce:pk:e3324608be6b478719782b4ea249235ff46e582954ac3ff8ebb5ce2d4bfd77bd'
                         │     └ <function BasicKeyCommands.get at 0x0000024DD47220C0>
                         └ <redis.asyncio.client.Redis(<redis.asyncio.connection.ConnectionPool(<redis.asyncio.connection.Connection(encoding=utf-8,deco...

  File "C:\Users\Chane\AppData\Local\Programs\Python\Python313\Lib\site-packages\redis\asyncio\client.py", line 781, in execute_command
    result = await conn.retry.call_with_retry(
                   │    │     └ <function Retry.call_with_retry at 0x0000024DD45F8E00>
                   │    └ <redis.asyncio.retry.Retry object at 0x0000024DD94B0E10>
                   └ <redis.asyncio.connection.Connection(host=127.0.0.1,port=6379,db=0)>
  File "C:\Users\Chane\AppData\Local\Programs\Python\Python313\Lib\site-packages\redis\asyncio\retry.py", line 69, in call_with_retry
    return await do()
                 └ <function Redis.execute_command.<locals>.<lambda> at 0x0000024DD9540AE0>
  File "C:\Users\Chane\AppData\Local\Programs\Python\Python313\Lib\site-packages\redis\asyncio\client.py", line 721, in _send_command_parse_response
    await conn.send_command(*args)
          │    │             └ ('GET', 'auth:nonce:pk:e3324608be6b478719782b4ea249235ff46e582954ac3ff8ebb5ce2d4bfd77bd')
          │    └ <function AbstractConnection.send_command at 0x0000024DD466D6C0>
          └ <redis.asyncio.connection.Connection(host=127.0.0.1,port=6379,db=0)>
  File "C:\Users\Chane\AppData\Local\Programs\Python\Python313\Lib\site-packages\redis\asyncio\connection.py", line 694, in send_command
    await self.send_packed_command(
          │    └ <function AbstractConnection.send_packed_command at 0x0000024DD466D620>
          └ <redis.asyncio.connection.Connection(host=127.0.0.1,port=6379,db=0)>
  File "C:\Users\Chane\AppData\Local\Programs\Python\Python313\Lib\site-packages\redis\asyncio\connection.py", line 689, in send_packed_command
    await self.disconnect(nowait=True)
          │    └ <function AbstractConnection.disconnect at 0x0000024DD466D300>
          └ <redis.asyncio.connection.Connection(host=127.0.0.1,port=6379,db=0)>
  File "C:\Users\Chane\AppData\Local\Programs\Python\Python313\Lib\site-packages\redis\asyncio\connection.py", line 585, in disconnect
    self._writer.close()  # type: ignore[union-attr]
    │    └ <member '_writer' of 'AbstractConnection' objects>
    └ <redis.asyncio.connection.Connection(host=127.0.0.1,port=6379,db=0)>
  File "C:\Users\Chane\AppData\Local\Programs\Python\Python313\Lib\asyncio\streams.py", line 352, in close
    return self._transport.close()
           │    │          └ <function _ProactorBasePipeTransport.close at 0x0000024DD1272CA0>
           │    └ <_ProactorSocketTransport closing fd=548 read=<_OverlappedFuture cancelled>>
           └ <StreamWriter transport=<_ProactorSocketTransport closing fd=548 read=<_OverlappedFuture cancelled>> reader=<StreamReader tra...
  File "C:\Users\Chane\AppData\Local\Programs\Python\Python313\Lib\asyncio\proactor_events.py", line 109, in close
    self._loop.call_soon(self._call_connection_lost, None)
    │    │               │    └ <function _ProactorBasePipeTransport._call_connection_lost at 0x0000024DD1272F20>
    │    │               └ <_ProactorSocketTransport closing fd=548 read=<_OverlappedFuture cancelled>>
    │    └ <member '_loop' of '_FlowControlMixin' objects>
    └ <_ProactorSocketTransport closing fd=548 read=<_OverlappedFuture cancelled>>
  File "C:\Users\Chane\AppData\Local\Programs\Python\Python313\Lib\asyncio\base_events.py", line 833, in call_soon
    self._check_closed()
    │    └ <function BaseEventLoop._check_closed at 0x0000024DD1251BC0>
    └ <ProactorEventLoop running=False closed=True debug=False>
  File "C:\Users\Chane\AppData\Local\Programs\Python\Python313\Lib\asyncio\base_events.py", line 556, in _check_closed
    raise RuntimeError('Event loop is closed')

RuntimeError: Event loop is closed
2026-05-03 18:14:25 | INFO     | routers.auth_router:request_challenge:42 - Challenge (login) for ID 11 generated
2026-05-03 18:14:25 | ERROR    | fastapi.routing:run_endpoint_function:290 - An error has been caught in function 'run_endpoint_function', process 'MainProcess' (23600), thread 'MainThread' (28596):
Traceback (most recent call last):

  File "C:\Users\Chane\AppData\Local\Programs\Python\Python313\Lib\site-packages\redis\asyncio\connection.py", line 669, in send_packed_command
    self._writer.writelines(command)
    │    │                  └ [b'*2\r\n$3\r\nGET\r\n$78\r\nauth:nonce:pk:a671a3f9feabbf09a768e9eac70f00afcab282c3550a7c36e795020922c71411\r\n']
    │    └ <member '_writer' of 'AbstractConnection' objects>
    └ <redis.asyncio.connection.Connection(host=127.0.0.1,port=6379,db=0)>
  File "C:\Users\Chane\AppData\Local\Programs\Python\Python313\Lib\asyncio\streams.py", line 343, in writelines
    self._transport.writelines(data)
    │    │          │          └ [b'*2\r\n$3\r\nGET\r\n$78\r\nauth:nonce:pk:a671a3f9feabbf09a768e9eac70f00afcab282c3550a7c36e795020922c71411\r\n']
    │    │          └ <function WriteTransport.writelines at 0x000001EDC2D656C0>
    │    └ <_ProactorSocketTransport closing fd=908 read=<_OverlappedFuture cancelled>>
    └ <StreamWriter transport=<_ProactorSocketTransport closing fd=908 read=<_OverlappedFuture cancelled>> reader=<StreamReader tra...
  File "C:\Users\Chane\AppData\Local\Programs\Python\Python313\Lib\asyncio\transports.py", line 123, in writelines
    self.write(data)
    │    │     └ b'*2\r\n$3\r\nGET\r\n$78\r\nauth:nonce:pk:a671a3f9feabbf09a768e9eac70f00afcab282c3550a7c36e795020922c71411\r\n'
    │    └ <function _ProactorBaseWritePipeTransport.write at 0x000001EDC2DE3600>
    └ <_ProactorSocketTransport closing fd=908 read=<_OverlappedFuture cancelled>>
  File "C:\Users\Chane\AppData\Local\Programs\Python\Python313\Lib\asyncio\proactor_events.py", line 366, in write
    self._loop_writing(data=bytes(data))
    │    │                        └ b'*2\r\n$3\r\nGET\r\n$78\r\nauth:nonce:pk:a671a3f9feabbf09a768e9eac70f00afcab282c3550a7c36e795020922c71411\r\n'
    │    └ <function _ProactorBaseWritePipeTransport._loop_writing at 0x000001EDC2DE36A0>
    └ <_ProactorSocketTransport closing fd=908 read=<_OverlappedFuture cancelled>>
  File "C:\Users\Chane\AppData\Local\Programs\Python\Python313\Lib\asyncio\proactor_events.py", line 402, in _loop_writing
    self._write_fut = self._loop._proactor.send(self._sock, data)
    │    │            │    │                    │    │      └ b'*2\r\n$3\r\nGET\r\n$78\r\nauth:nonce:pk:a671a3f9feabbf09a768e9eac70f00afcab282c3550a7c36e795020922c71411\r\n'
    │    │            │    │                    │    └ <socket.socket fd=908, family=2, type=1, proto=6, laddr=('127.0.0.1', 60274), raddr=('127.0.0.1', 6379)>
    │    │            │    │                    └ <_ProactorSocketTransport closing fd=908 read=<_OverlappedFuture cancelled>>
    │    │            │    └ <member '_loop' of '_FlowControlMixin' objects>
    │    │            └ <_ProactorSocketTransport closing fd=908 read=<_OverlappedFuture cancelled>>
    │    └ None
    └ <_ProactorSocketTransport closing fd=908 read=<_OverlappedFuture cancelled>>

AttributeError: 'NoneType' object has no attribute 'send'


During handling of the above exception, another exception occurred:


Traceback (most recent call last):

  File "<frozen runpy>", line 198, in _run_module_as_main
  File "<frozen runpy>", line 88, in _run_code
  File "C:\Users\Chane\AppData\Local\Programs\Python\Python313\Lib\site-packages\pytest\__main__.py", line 9, in <module>
    raise SystemExit(pytest.console_main())
                     │      └ <function console_main at 0x000001EDC0F5F880>
                     └ <module 'pytest' from 'C:\\Users\\Chane\\AppData\\Local\\Programs\\Python\\Python313\\Lib\\site-packages\\pytest\\__init__.py'>
  File "C:\Users\Chane\AppData\Local\Programs\Python\Python313\Lib\site-packages\_pytest\config\__init__.py", line 201, in console_main
    code = main()
           └ <function main at 0x000001EDC0F5F7E0>
  File "C:\Users\Chane\AppData\Local\Programs\Python\Python313\Lib\site-packages\_pytest\config\__init__.py", line 175, in main
    ret: ExitCode | int = config.hook.pytest_cmdline_main(config=config)
         │                │      │    │                          └ <_pytest.config.Config object at 0x000001EDC11F23C0>
         │                │      │    └ <HookCaller 'pytest_cmdline_main'>
         │                │      └ <_pytest.config.compat.PathAwareHookProxy object at 0x000001EDC11F2900>
         │                └ <_pytest.config.Config object at 0x000001EDC11F23C0>
         └ <enum 'ExitCode'>
  File "C:\Users\Chane\AppData\Local\Programs\Python\Python313\Lib\site-packages\pluggy\_hooks.py", line 513, in __call__
    return self._hookexec(self.name, self._hookimpls.copy(), kwargs, firstresult)
           │    │         │    │     │    │                  │       └ True
           │    │         │    │     │    │                  └ {'config': <_pytest.config.Config object at 0x000001EDC11F23C0>}
           │    │         │    │     │    └ <member '_hookimpls' of 'HookCaller' objects>
           │    │         │    │     └ <HookCaller 'pytest_cmdline_main'>
           │    │         │    └ <member 'name' of 'HookCaller' objects>
           │    │         └ <HookCaller 'pytest_cmdline_main'>
           │    └ <member '_hookexec' of 'HookCaller' objects>
           └ <HookCaller 'pytest_cmdline_main'>
  File "C:\Users\Chane\AppData\Local\Programs\Python\Python313\Lib\site-packages\pluggy\_manager.py", line 120, in _hookexec
    return self._inner_hookexec(hook_name, methods, kwargs, firstresult)
           │    │               │          │        │       └ True
           │    │               │          │        └ {'config': <_pytest.config.Config object at 0x000001EDC11F23C0>}
           │    │               │          └ [<HookImpl plugin_name='main', plugin=<module '_pytest.main' from 'C:\\Users\\Chane\\AppData\\Local\\Programs\\Python\\Python...
           │    │               └ 'pytest_cmdline_main'
           │    └ <function _multicall at 0x000001EDC091F9C0>
           └ <_pytest.config.PytestPluginManager object at 0x000001EDC1083E00>
  File "C:\Users\Chane\AppData\Local\Programs\Python\Python313\Lib\site-packages\pluggy\_callers.py", line 103, in _multicall
    res = hook_impl.function(*args)
          │         │         └ [<_pytest.config.Config object at 0x000001EDC11F23C0>]
          │         └ <member 'function' of 'HookImpl' objects>
          └ <HookImpl plugin_name='main', plugin=<module '_pytest.main' from 'C:\\Users\\Chane\\AppData\\Local\\Programs\\Python\\Python3...
  File "C:\Users\Chane\AppData\Local\Programs\Python\Python313\Lib\site-packages\_pytest\main.py", line 330, in pytest_cmdline_main
    return wrap_session(config, _main)
           │            │       └ <function _main at 0x000001EDC0FE8F40>
           │            └ <_pytest.config.Config object at 0x000001EDC11F23C0>
           └ <function wrap_session at 0x000001EDC0FE8E00>
  File "C:\Users\Chane\AppData\Local\Programs\Python\Python313\Lib\site-packages\_pytest\main.py", line 283, in wrap_session
    session.exitstatus = doit(config, session) or 0
    │       │            │    │       └ <Session  exitstatus=<ExitCode.OK: 0> testsfailed=0 testscollected=4>
    │       │            │    └ <_pytest.config.Config object at 0x000001EDC11F23C0>
    │       │            └ <function _main at 0x000001EDC0FE8F40>
    │       └ <ExitCode.OK: 0>
    └ <Session  exitstatus=<ExitCode.OK: 0> testsfailed=0 testscollected=4>
  File "C:\Users\Chane\AppData\Local\Programs\Python\Python313\Lib\site-packages\_pytest\main.py", line 337, in _main
    config.hook.pytest_runtestloop(session=session)
    │      │    │                          └ <Session  exitstatus=<ExitCode.OK: 0> testsfailed=0 testscollected=4>
    │      │    └ <HookCaller 'pytest_runtestloop'>
    │      └ <_pytest.config.compat.PathAwareHookProxy object at 0x000001EDC11F2900>
    └ <_pytest.config.Config object at 0x000001EDC11F23C0>
  File "C:\Users\Chane\AppData\Local\Programs\Python\Python313\Lib\site-packages\pluggy\_hooks.py", line 513, in __call__
    return self._hookexec(self.name, self._hookimpls.copy(), kwargs, firstresult)
           │    │         │    │     │    │                  │       └ True
           │    │         │    │     │    │                  └ {'session': <Session  exitstatus=<ExitCode.OK: 0> testsfailed=0 testscollected=4>}
           │    │         │    │     │    └ <member '_hookimpls' of 'HookCaller' objects>
           │    │         │    │     └ <HookCaller 'pytest_runtestloop'>
           │    │         │    └ <member 'name' of 'HookCaller' objects>
           │    │         └ <HookCaller 'pytest_runtestloop'>
           │    └ <member '_hookexec' of 'HookCaller' objects>
           └ <HookCaller 'pytest_runtestloop'>
  File "C:\Users\Chane\AppData\Local\Programs\Python\Python313\Lib\site-packages\pluggy\_manager.py", line 120, in _hookexec
    return self._inner_hookexec(hook_name, methods, kwargs, firstresult)
           │    │               │          │        │       └ True
           │    │               │          │        └ {'session': <Session  exitstatus=<ExitCode.OK: 0> testsfailed=0 testscollected=4>}
           │    │               │          └ [<HookImpl plugin_name='main', plugin=<module '_pytest.main' from 'C:\\Users\\Chane\\AppData\\Local\\Programs\\Python\\Python...
           │    │               └ 'pytest_runtestloop'
           │    └ <function _multicall at 0x000001EDC091F9C0>
           └ <_pytest.config.PytestPluginManager object at 0x000001EDC1083E00>
  File "C:\Users\Chane\AppData\Local\Programs\Python\Python313\Lib\site-packages\pluggy\_callers.py", line 103, in _multicall
    res = hook_impl.function(*args)
          │         │         └ [<Session  exitstatus=<ExitCode.OK: 0> testsfailed=0 testscollected=4>]
          │         └ <member 'function' of 'HookImpl' objects>
          └ <HookImpl plugin_name='main', plugin=<module '_pytest.main' from 'C:\\Users\\Chane\\AppData\\Local\\Programs\\Python\\Python3...
  File "C:\Users\Chane\AppData\Local\Programs\Python\Python313\Lib\site-packages\_pytest\main.py", line 362, in pytest_runtestloop
    item.config.hook.pytest_runtest_protocol(item=item, nextitem=nextitem)
    │    │                                        │              └ None
    │    │                                        └ <Coroutine test_verify_registration_success>
    │    └ <member 'config' of 'Node' objects>
    └ <Coroutine test_verify_registration_success>
  File "C:\Users\Chane\AppData\Local\Programs\Python\Python313\Lib\site-packages\pluggy\_hooks.py", line 513, in __call__
    return self._hookexec(self.name, self._hookimpls.copy(), kwargs, firstresult)
           │    │         │    │     │    │                  │       └ True
           │    │         │    │     │    │                  └ {'item': <Coroutine test_verify_registration_success>, 'nextitem': None}
           │    │         │    │     │    └ <member '_hookimpls' of 'HookCaller' objects>
           │    │         │    │     └ <HookCaller 'pytest_runtest_protocol'>
           │    │         │    └ <member 'name' of 'HookCaller' objects>
           │    │         └ <HookCaller 'pytest_runtest_protocol'>
           │    └ <member '_hookexec' of 'HookCaller' objects>
           └ <HookCaller 'pytest_runtest_protocol'>
  File "C:\Users\Chane\AppData\Local\Programs\Python\Python313\Lib\site-packages\pluggy\_manager.py", line 120, in _hookexec
    return self._inner_hookexec(hook_name, methods, kwargs, firstresult)
           │    │               │          │        │       └ True
           │    │               │          │        └ {'item': <Coroutine test_verify_registration_success>, 'nextitem': None}
           │    │               │          └ [<HookImpl plugin_name='runner', plugin=<module '_pytest.runner' from 'C:\\Users\\Chane\\AppData\\Local\\Programs\\Python\\Py...
           │    │               └ 'pytest_runtest_protocol'
           │    └ <function _multicall at 0x000001EDC091F9C0>
           └ <_pytest.config.PytestPluginManager object at 0x000001EDC1083E00>
  File "C:\Users\Chane\AppData\Local\Programs\Python\Python313\Lib\site-packages\pluggy\_callers.py", line 103, in _multicall
    res = hook_impl.function(*args)
          │         │         └ [<Coroutine test_verify_registration_success>, None]
          │         └ <member 'function' of 'HookImpl' objects>
          └ <HookImpl plugin_name='runner', plugin=<module '_pytest.runner' from 'C:\\Users\\Chane\\AppData\\Local\\Programs\\Python\\Pyt...
  File "C:\Users\Chane\AppData\Local\Programs\Python\Python313\Lib\site-packages\_pytest\runner.py", line 113, in pytest_runtest_protocol
    runtestprotocol(item, nextitem=nextitem)
    │               │              └ None
    │               └ <Coroutine test_verify_registration_success>
    └ <function runtestprotocol at 0x000001EDC0FE8040>
  File "C:\Users\Chane\AppData\Local\Programs\Python\Python313\Lib\site-packages\_pytest\runner.py", line 132, in runtestprotocol
    reports.append(call_and_report(item, "call", log))
    │       │      │               │             └ True
    │       │      │               └ <Coroutine test_verify_registration_success>
    │       │      └ <function call_and_report at 0x000001EDC0FE84A0>
    │       └ <method 'append' of 'list' objects>
    └ [<TestReport 'tests/auth_test.py::test_verify_registration_success' when='setup' outcome='passed'>]
  File "C:\Users\Chane\AppData\Local\Programs\Python\Python313\Lib\site-packages\_pytest\runner.py", line 241, in call_and_report
    call = CallInfo.from_call(
           │        └ <classmethod(<function CallInfo.from_call at 0x000001EDC0FE87C0>)>
           └ <class '_pytest.runner.CallInfo'>
  File "C:\Users\Chane\AppData\Local\Programs\Python\Python313\Lib\site-packages\_pytest\runner.py", line 341, in from_call
    result: TResult | None = func()
            │                └ <function call_and_report.<locals>.<lambda> at 0x000001EDCAF4BB00>
            └ +TResult
  File "C:\Users\Chane\AppData\Local\Programs\Python\Python313\Lib\site-packages\_pytest\runner.py", line 242, in <lambda>
    lambda: runtest_hook(item=item, **kwds), when=when, reraise=reraise
            │                 │       └ {}
            │                 └ <Coroutine test_verify_registration_success>
            └ <HookCaller 'pytest_runtest_call'>
  File "C:\Users\Chane\AppData\Local\Programs\Python\Python313\Lib\site-packages\pluggy\_hooks.py", line 513, in __call__
    return self._hookexec(self.name, self._hookimpls.copy(), kwargs, firstresult)
           │    │         │    │     │    │                  │       └ False
           │    │         │    │     │    │                  └ {'item': <Coroutine test_verify_registration_success>}
           │    │         │    │     │    └ <member '_hookimpls' of 'HookCaller' objects>
           │    │         │    │     └ <HookCaller 'pytest_runtest_call'>
           │    │         │    └ <member 'name' of 'HookCaller' objects>
           │    │         └ <HookCaller 'pytest_runtest_call'>
           │    └ <member '_hookexec' of 'HookCaller' objects>
           └ <HookCaller 'pytest_runtest_call'>
  File "C:\Users\Chane\AppData\Local\Programs\Python\Python313\Lib\site-packages\pluggy\_manager.py", line 120, in _hookexec
    return self._inner_hookexec(hook_name, methods, kwargs, firstresult)
           │    │               │          │        │       └ False
           │    │               │          │        └ {'item': <Coroutine test_verify_registration_success>}
           │    │               │          └ [<HookImpl plugin_name='runner', plugin=<module '_pytest.runner' from 'C:\\Users\\Chane\\AppData\\Local\\Programs\\Python\\Py...
           │    │               └ 'pytest_runtest_call'
           │    └ <function _multicall at 0x000001EDC091F9C0>
           └ <_pytest.config.PytestPluginManager object at 0x000001EDC1083E00>
  File "C:\Users\Chane\AppData\Local\Programs\Python\Python313\Lib\site-packages\pluggy\_callers.py", line 103, in _multicall
    res = hook_impl.function(*args)
          │         │         └ [<Coroutine test_verify_registration_success>]
          │         └ <member 'function' of 'HookImpl' objects>
          └ <HookImpl plugin_name='runner', plugin=<module '_pytest.runner' from 'C:\\Users\\Chane\\AppData\\Local\\Programs\\Python\\Pyt...
  File "C:\Users\Chane\AppData\Local\Programs\Python\Python313\Lib\site-packages\_pytest\runner.py", line 174, in pytest_runtest_call
    item.runtest()
    │    └ <function PytestAsyncioFunction.runtest at 0x000001EDC2E30F40>
    └ <Coroutine test_verify_registration_success>
  File "C:\Users\Chane\AppData\Local\Programs\Python\Python313\Lib\site-packages\pytest_asyncio\plugin.py", line 469, in runtest
    super().runtest()
  File "C:\Users\Chane\AppData\Local\Programs\Python\Python313\Lib\site-packages\_pytest\python.py", line 1627, in runtest
    self.ihook.pytest_pyfunc_call(pyfuncitem=self)
    │    │                                   └ <Coroutine test_verify_registration_success>
    │    └ <property object at 0x000001EDC0F8D530>
    └ <Coroutine test_verify_registration_success>
  File "C:\Users\Chane\AppData\Local\Programs\Python\Python313\Lib\site-packages\pluggy\_hooks.py", line 513, in __call__
    return self._hookexec(self.name, self._hookimpls.copy(), kwargs, firstresult)
           │    │         │    │     │    │                  │       └ True
           │    │         │    │     │    │                  └ {'pyfuncitem': <Coroutine test_verify_registration_success>}
           │    │         │    │     │    └ <member '_hookimpls' of 'HookCaller' objects>
           │    │         │    │     └ <HookCaller 'pytest_pyfunc_call'>
           │    │         │    └ <member 'name' of 'HookCaller' objects>
           │    │         └ <HookCaller 'pytest_pyfunc_call'>
           │    └ <member '_hookexec' of 'HookCaller' objects>
           └ <HookCaller 'pytest_pyfunc_call'>
  File "C:\Users\Chane\AppData\Local\Programs\Python\Python313\Lib\site-packages\pluggy\_manager.py", line 120, in _hookexec
    return self._inner_hookexec(hook_name, methods, kwargs, firstresult)
           │    │               │          │        │       └ True
           │    │               │          │        └ {'pyfuncitem': <Coroutine test_verify_registration_success>}
           │    │               │          └ [<HookImpl plugin_name='python', plugin=<module '_pytest.python' from 'C:\\Users\\Chane\\AppData\\Local\\Programs\\Python\\Py...
           │    │               └ 'pytest_pyfunc_call'
           │    └ <function _multicall at 0x000001EDC091F9C0>
           └ <_pytest.config.PytestPluginManager object at 0x000001EDC1083E00>
  File "C:\Users\Chane\AppData\Local\Programs\Python\Python313\Lib\site-packages\pluggy\_callers.py", line 103, in _multicall
    res = hook_impl.function(*args)
          │         │         └ [<Coroutine test_verify_registration_success>]
          │         └ <member 'function' of 'HookImpl' objects>
          └ <HookImpl plugin_name='python', plugin=<module '_pytest.python' from 'C:\\Users\\Chane\\AppData\\Local\\Programs\\Python\\Pyt...
  File "C:\Users\Chane\AppData\Local\Programs\Python\Python313\Lib\site-packages\_pytest\python.py", line 159, in pytest_pyfunc_call
    result = testfunction(**testargs)
             │              └ {'client': <httpx.AsyncClient object at 0x000001EDCAED4690>, 'redis_test_client': <redis.asyncio.client.Redis(<redis.asyncio....
             └ <function test_verify_registration_success at 0x000001EDCB02F420>
  File "C:\Users\Chane\AppData\Local\Programs\Python\Python313\Lib\site-packages\pytest_asyncio\plugin.py", line 716, in inner
    runner.run(coro, context=context)
    │      │   │             └ <_contextvars.Context object at 0x000001EDC938F940>
    │      │   └ <coroutine object test_verify_registration_success at 0x000001EDCAE98EE0>
    │      └ <function Runner.run at 0x000001EDC2DBC860>
    └ <asyncio.runners.Runner object at 0x000001EDCAF59950>
  File "C:\Users\Chane\AppData\Local\Programs\Python\Python313\Lib\asyncio\runners.py", line 118, in run
    return self._loop.run_until_complete(task)
           │    │     │                  └ <Task pending name='Task-14' coro=<test_verify_registration_success() running at e:\dev\share_it\back-end\tests\auth_test.py:...
           │    │     └ <function BaseEventLoop.run_until_complete at 0x000001EDC2DC22A0>
           │    └ <ProactorEventLoop running=True closed=False debug=False>
           └ <asyncio.runners.Runner object at 0x000001EDCAF59950>
  File "C:\Users\Chane\AppData\Local\Programs\Python\Python313\Lib\asyncio\base_events.py", line 712, in run_until_complete
    self.run_forever()
    │    └ <function BaseEventLoop.run_forever at 0x000001EDC2DC2200>
    └ <ProactorEventLoop running=True closed=False debug=False>
  File "C:\Users\Chane\AppData\Local\Programs\Python\Python313\Lib\asyncio\base_events.py", line 683, in run_forever
    self._run_once()
    │    └ <function BaseEventLoop._run_once at 0x000001EDC2DBC040>
    └ <ProactorEventLoop running=True closed=False debug=False>
  File "C:\Users\Chane\AppData\Local\Programs\Python\Python313\Lib\asyncio\base_events.py", line 2040, in _run_once
    handle._run()
    │      └ <function Handle._run at 0x000001EDC2D4D8A0>
    └ <Handle Task.task_wakeup()>
  File "C:\Users\Chane\AppData\Local\Programs\Python\Python313\Lib\asyncio\events.py", line 89, in _run
    self._context.run(self._callback, *self._args)
    │    │            │    │           │    └ <member '_args' of 'Handle' objects>
    │    │            │    │           └ <Handle Task.task_wakeup()>
    │    │            │    └ <member '_callback' of 'Handle' objects>
    │    │            └ <Handle Task.task_wakeup()>
    │    └ <member '_context' of 'Handle' objects>
    └ <Handle Task.task_wakeup()>
  File "C:\Users\Chane\AppData\Local\Programs\Python\Python313\Lib\site-packages\starlette\middleware\base.py", line 144, in coro
    await self.app(scope, receive_or_disconnect, send_no_error)
          │    │   │      │                      └ <function BaseHTTPMiddleware.__call__.<locals>.call_next.<locals>.send_no_error at 0x000001EDCB0D1DA0>
          │    │   │      └ <function BaseHTTPMiddleware.__call__.<locals>.call_next.<locals>.receive_or_disconnect at 0x000001EDCAEB3740>
          │    │   └ {'type': 'http', 'asgi': {'version': '3.0'}, 'http_version': '1.1', 'method': 'POST', 'headers': [(b'host', b'test'), (b'acce...
          │    └ <starlette.middleware.exceptions.ExceptionMiddleware object at 0x000001EDCAEA2E40>
          └ <slowapi.middleware.SlowAPIMiddleware object at 0x000001EDCAEA2F90>
  File "C:\Users\Chane\AppData\Local\Programs\Python\Python313\Lib\site-packages\starlette\middleware\exceptions.py", line 63, in __call__
    await wrap_app_handling_exceptions(self.app, conn)(scope, receive, send)
          │                            │    │    │     │      │        └ <function BaseHTTPMiddleware.__call__.<locals>.call_next.<locals>.send_no_error at 0x000001EDCB0D1DA0>
          │                            │    │    │     │      └ <function BaseHTTPMiddleware.__call__.<locals>.call_next.<locals>.receive_or_disconnect at 0x000001EDCAEB3740>
          │                            │    │    │     └ {'type': 'http', 'asgi': {'version': '3.0'}, 'http_version': '1.1', 'method': 'POST', 'headers': [(b'host', b'test'), (b'acce...
          │                            │    │    └ <starlette.requests.Request object at 0x000001EDCAF5B250>
          │                            │    └ <fastapi.middleware.asyncexitstack.AsyncExitStackMiddleware object at 0x000001EDCAEA2CF0>
          │                            └ <starlette.middleware.exceptions.ExceptionMiddleware object at 0x000001EDCAEA2E40>
          └ <function wrap_app_handling_exceptions at 0x000001EDC684ED40>
  File "C:\Users\Chane\AppData\Local\Programs\Python\Python313\Lib\site-packages\starlette\_exception_handler.py", line 42, in wrapped_app
    await app(scope, receive, sender)
          │   │      │        └ <function wrap_app_handling_exceptions.<locals>.wrapped_app.<locals>.sender at 0x000001EDCB0D1A80>
          │   │      └ <function BaseHTTPMiddleware.__call__.<locals>.call_next.<locals>.receive_or_disconnect at 0x000001EDCAEB3740>
          │   └ {'type': 'http', 'asgi': {'version': '3.0'}, 'http_version': '1.1', 'method': 'POST', 'headers': [(b'host', b'test'), (b'acce...
          └ <fastapi.middleware.asyncexitstack.AsyncExitStackMiddleware object at 0x000001EDCAEA2CF0>
  File "C:\Users\Chane\AppData\Local\Programs\Python\Python313\Lib\site-packages\fastapi\middleware\asyncexitstack.py", line 18, in __call__
    await self.app(scope, receive, send)
          │    │   │      │        └ <function wrap_app_handling_exceptions.<locals>.wrapped_app.<locals>.sender at 0x000001EDCB0D1A80>
          │    │   │      └ <function BaseHTTPMiddleware.__call__.<locals>.call_next.<locals>.receive_or_disconnect at 0x000001EDCAEB3740>
          │    │   └ {'type': 'http', 'asgi': {'version': '3.0'}, 'http_version': '1.1', 'method': 'POST', 'headers': [(b'host', b'test'), (b'acce...
          │    └ <fastapi.routing.APIRouter object at 0x000001EDCAE232F0>
          └ <fastapi.middleware.asyncexitstack.AsyncExitStackMiddleware object at 0x000001EDCAEA2CF0>
  File "C:\Users\Chane\AppData\Local\Programs\Python\Python313\Lib\site-packages\starlette\routing.py", line 716, in __call__
    await self.middleware_stack(scope, receive, send)
          │    │                │      │        └ <function wrap_app_handling_exceptions.<locals>.wrapped_app.<locals>.sender at 0x000001EDCB0D1A80>
          │    │                │      └ <function BaseHTTPMiddleware.__call__.<locals>.call_next.<locals>.receive_or_disconnect at 0x000001EDCAEB3740>
          │    │                └ {'type': 'http', 'asgi': {'version': '3.0'}, 'http_version': '1.1', 'method': 'POST', 'headers': [(b'host', b'test'), (b'acce...
          │    └ <bound method Router.app of <fastapi.routing.APIRouter object at 0x000001EDCAE232F0>>
          └ <fastapi.routing.APIRouter object at 0x000001EDCAE232F0>
  File "C:\Users\Chane\AppData\Local\Programs\Python\Python313\Lib\site-packages\starlette\routing.py", line 736, in app
    await route.handle(scope, receive, send)
          │     │      │      │        └ <function wrap_app_handling_exceptions.<locals>.wrapped_app.<locals>.sender at 0x000001EDCB0D1A80>
          │     │      │      └ <function BaseHTTPMiddleware.__call__.<locals>.call_next.<locals>.receive_or_disconnect at 0x000001EDCAEB3740>
          │     │      └ {'type': 'http', 'asgi': {'version': '3.0'}, 'http_version': '1.1', 'method': 'POST', 'headers': [(b'host', b'test'), (b'acce...
          │     └ <function Route.handle at 0x000001EDC68785E0>
          └ APIRoute(path='/auth/verify_challenge', name='verify_challenge', methods=['POST'])
  File "C:\Users\Chane\AppData\Local\Programs\Python\Python313\Lib\site-packages\starlette\routing.py", line 290, in handle
    await self.app(scope, receive, send)
          │    │   │      │        └ <function wrap_app_handling_exceptions.<locals>.wrapped_app.<locals>.sender at 0x000001EDCB0D1A80>
          │    │   │      └ <function BaseHTTPMiddleware.__call__.<locals>.call_next.<locals>.receive_or_disconnect at 0x000001EDCAEB3740>
          │    │   └ {'type': 'http', 'asgi': {'version': '3.0'}, 'http_version': '1.1', 'method': 'POST', 'headers': [(b'host', b'test'), (b'acce...
          │    └ <function request_response.<locals>.app at 0x000001EDCAF48C20>
          └ APIRoute(path='/auth/verify_challenge', name='verify_challenge', methods=['POST'])
  File "C:\Users\Chane\AppData\Local\Programs\Python\Python313\Lib\site-packages\fastapi\routing.py", line 125, in app
    await wrap_app_handling_exceptions(app, request)(scope, receive, send)
          │                            │    │        │      │        └ <function wrap_app_handling_exceptions.<locals>.wrapped_app.<locals>.sender at 0x000001EDCB0D1A80>
          │                            │    │        │      └ <function BaseHTTPMiddleware.__call__.<locals>.call_next.<locals>.receive_or_disconnect at 0x000001EDCAEB3740>
          │                            │    │        └ {'type': 'http', 'asgi': {'version': '3.0'}, 'http_version': '1.1', 'method': 'POST', 'headers': [(b'host', b'test'), (b'acce...
          │                            │    └ <starlette.requests.Request object at 0x000001EDCAFD5810>
          │                            └ <function request_response.<locals>.app.<locals>.app at 0x000001EDCB0D19E0>
          └ <function wrap_app_handling_exceptions at 0x000001EDC684ED40>
  File "C:\Users\Chane\AppData\Local\Programs\Python\Python313\Lib\site-packages\starlette\_exception_handler.py", line 42, in wrapped_app
    await app(scope, receive, sender)
          │   │      │        └ <function wrap_app_handling_exceptions.<locals>.wrapped_app.<locals>.sender at 0x000001EDCB0D18A0>
          │   │      └ <function BaseHTTPMiddleware.__call__.<locals>.call_next.<locals>.receive_or_disconnect at 0x000001EDCAEB3740>
          │   └ {'type': 'http', 'asgi': {'version': '3.0'}, 'http_version': '1.1', 'method': 'POST', 'headers': [(b'host', b'test'), (b'acce...
          └ <function request_response.<locals>.app.<locals>.app at 0x000001EDCB0D19E0>
  File "C:\Users\Chane\AppData\Local\Programs\Python\Python313\Lib\site-packages\fastapi\routing.py", line 111, in app
    response = await f(request)
                     │ └ <starlette.requests.Request object at 0x000001EDCAFD5810>
                     └ <function get_request_handler.<locals>.app at 0x000001EDCAF48AE0>
  File "C:\Users\Chane\AppData\Local\Programs\Python\Python313\Lib\site-packages\fastapi\routing.py", line 391, in app
    raw_response = await run_endpoint_function(
                         └ <function run_endpoint_function at 0x000001EDC687A480>
> File "C:\Users\Chane\AppData\Local\Programs\Python\Python313\Lib\site-packages\fastapi\routing.py", line 290, in run_endpoint_function
    return await dependant.call(**values)
                 │         │      └ {'db': <sqlalchemy.ext.asyncio.session.AsyncSession object at 0x000001EDCB0416D0>, 'data': VerifyRequest(user_id=None, public...
                 │         └ <function verify_challenge at 0x000001EDCAEB2980>
                 └ Dependant(path_params=[], query_params=[], header_params=[], cookie_params=[], body_params=[ModelField(field_info=Body(Pydant...

  File "E:\dev\share_it\back-end\routers\auth_router.py", line 76, in verify_challenge
    stored_nonce = await redis.get(redis_key)
                         │     │   └ 'auth:nonce:pk:a671a3f9feabbf09a768e9eac70f00afcab282c3550a7c36e795020922c71411'
                         │     └ <function BasicKeyCommands.get at 0x000001EDC62B60C0>
                         └ <redis.asyncio.client.Redis(<redis.asyncio.connection.ConnectionPool(<redis.asyncio.connection.Connection(encoding=utf-8,deco...

  File "C:\Users\Chane\AppData\Local\Programs\Python\Python313\Lib\site-packages\redis\asyncio\client.py", line 781, in execute_command
    result = await conn.retry.call_with_retry(
                   │    │     └ <function Retry.call_with_retry at 0x000001EDC618CE00>
                   │    └ <redis.asyncio.retry.Retry object at 0x000001EDCB040E10>
                   └ <redis.asyncio.connection.Connection(host=127.0.0.1,port=6379,db=0)>
  File "C:\Users\Chane\AppData\Local\Programs\Python\Python313\Lib\site-packages\redis\asyncio\retry.py", line 69, in call_with_retry
    return await do()
                 └ <function Redis.execute_command.<locals>.<lambda> at 0x000001EDCB0D0AE0>
  File "C:\Users\Chane\AppData\Local\Programs\Python\Python313\Lib\site-packages\redis\asyncio\client.py", line 721, in _send_command_parse_response
    await conn.send_command(*args)
          │    │             └ ('GET', 'auth:nonce:pk:a671a3f9feabbf09a768e9eac70f00afcab282c3550a7c36e795020922c71411')
          │    └ <function AbstractConnection.send_command at 0x000001EDC61FD6C0>
          └ <redis.asyncio.connection.Connection(host=127.0.0.1,port=6379,db=0)>
  File "C:\Users\Chane\AppData\Local\Programs\Python\Python313\Lib\site-packages\redis\asyncio\connection.py", line 694, in send_command
    await self.send_packed_command(
          │    └ <function AbstractConnection.send_packed_command at 0x000001EDC61FD620>
          └ <redis.asyncio.connection.Connection(host=127.0.0.1,port=6379,db=0)>
  File "C:\Users\Chane\AppData\Local\Programs\Python\Python313\Lib\site-packages\redis\asyncio\connection.py", line 689, in send_packed_command
    await self.disconnect(nowait=True)
          │    └ <function AbstractConnection.disconnect at 0x000001EDC61FD300>
          └ <redis.asyncio.connection.Connection(host=127.0.0.1,port=6379,db=0)>
  File "C:\Users\Chane\AppData\Local\Programs\Python\Python313\Lib\site-packages\redis\asyncio\connection.py", line 585, in disconnect
    self._writer.close()  # type: ignore[union-attr]
    │    └ <member '_writer' of 'AbstractConnection' objects>
    └ <redis.asyncio.connection.Connection(host=127.0.0.1,port=6379,db=0)>
  File "C:\Users\Chane\AppData\Local\Programs\Python\Python313\Lib\asyncio\streams.py", line 352, in close
    return self._transport.close()
           │    │          └ <function _ProactorBasePipeTransport.close at 0x000001EDC2DE2CA0>
           │    └ <_ProactorSocketTransport closing fd=908 read=<_OverlappedFuture cancelled>>
           └ <StreamWriter transport=<_ProactorSocketTransport closing fd=908 read=<_OverlappedFuture cancelled>> reader=<StreamReader tra...
  File "C:\Users\Chane\AppData\Local\Programs\Python\Python313\Lib\asyncio\proactor_events.py", line 109, in close
    self._loop.call_soon(self._call_connection_lost, None)
    │    │               │    └ <function _ProactorBasePipeTransport._call_connection_lost at 0x000001EDC2DE2F20>
    │    │               └ <_ProactorSocketTransport closing fd=908 read=<_OverlappedFuture cancelled>>
    │    └ <member '_loop' of '_FlowControlMixin' objects>
    └ <_ProactorSocketTransport closing fd=908 read=<_OverlappedFuture cancelled>>
  File "C:\Users\Chane\AppData\Local\Programs\Python\Python313\Lib\asyncio\base_events.py", line 833, in call_soon
    self._check_closed()
    │    └ <function BaseEventLoop._check_closed at 0x000001EDC2DC1BC0>
    └ <ProactorEventLoop running=False closed=True debug=False>
  File "C:\Users\Chane\AppData\Local\Programs\Python\Python313\Lib\asyncio\base_events.py", line 556, in _check_closed
    raise RuntimeError('Event loop is closed')

RuntimeError: Event loop is closed
2026-05-03 18:14:50 | INFO     | routers.auth_router:request_challenge:42 - Challenge (login) for ID 11 generated
2026-05-03 18:14:50 | ERROR    | fastapi.routing:run_endpoint_function:290 - An error has been caught in function 'run_endpoint_function', process 'MainProcess' (11868), thread 'MainThread' (2852):
Traceback (most recent call last):

  File "C:\Users\Chane\AppData\Local\Programs\Python\Python313\Lib\site-packages\redis\asyncio\connection.py", line 669, in send_packed_command
    self._writer.writelines(command)
    │    │                  └ [b'*2\r\n$3\r\nGET\r\n$78\r\nauth:nonce:pk:3de8ac1cd9c0c62db9e04e4257257e8ac6f0dd6d12c10fc957f621432b2400e5\r\n']
    │    └ <member '_writer' of 'AbstractConnection' objects>
    └ <redis.asyncio.connection.Connection(host=127.0.0.1,port=6379,db=0)>
  File "C:\Users\Chane\AppData\Local\Programs\Python\Python313\Lib\asyncio\streams.py", line 343, in writelines
    self._transport.writelines(data)
    │    │          │          └ [b'*2\r\n$3\r\nGET\r\n$78\r\nauth:nonce:pk:3de8ac1cd9c0c62db9e04e4257257e8ac6f0dd6d12c10fc957f621432b2400e5\r\n']
    │    │          └ <function WriteTransport.writelines at 0x000001DBF65656C0>
    │    └ <_ProactorSocketTransport closing fd=876 read=<_OverlappedFuture cancelled>>
    └ <StreamWriter transport=<_ProactorSocketTransport closing fd=876 read=<_OverlappedFuture cancelled>> reader=<StreamReader tra...
  File "C:\Users\Chane\AppData\Local\Programs\Python\Python313\Lib\asyncio\transports.py", line 123, in writelines
    self.write(data)
    │    │     └ b'*2\r\n$3\r\nGET\r\n$78\r\nauth:nonce:pk:3de8ac1cd9c0c62db9e04e4257257e8ac6f0dd6d12c10fc957f621432b2400e5\r\n'
    │    └ <function _ProactorBaseWritePipeTransport.write at 0x000001DBF65E7600>
    └ <_ProactorSocketTransport closing fd=876 read=<_OverlappedFuture cancelled>>
  File "C:\Users\Chane\AppData\Local\Programs\Python\Python313\Lib\asyncio\proactor_events.py", line 366, in write
    self._loop_writing(data=bytes(data))
    │    │                        └ b'*2\r\n$3\r\nGET\r\n$78\r\nauth:nonce:pk:3de8ac1cd9c0c62db9e04e4257257e8ac6f0dd6d12c10fc957f621432b2400e5\r\n'
    │    └ <function _ProactorBaseWritePipeTransport._loop_writing at 0x000001DBF65E76A0>
    └ <_ProactorSocketTransport closing fd=876 read=<_OverlappedFuture cancelled>>
  File "C:\Users\Chane\AppData\Local\Programs\Python\Python313\Lib\asyncio\proactor_events.py", line 402, in _loop_writing
    self._write_fut = self._loop._proactor.send(self._sock, data)
    │    │            │    │                    │    │      └ b'*2\r\n$3\r\nGET\r\n$78\r\nauth:nonce:pk:3de8ac1cd9c0c62db9e04e4257257e8ac6f0dd6d12c10fc957f621432b2400e5\r\n'
    │    │            │    │                    │    └ <socket.socket fd=876, family=2, type=1, proto=6, laddr=('127.0.0.1', 60385), raddr=('127.0.0.1', 6379)>
    │    │            │    │                    └ <_ProactorSocketTransport closing fd=876 read=<_OverlappedFuture cancelled>>
    │    │            │    └ <member '_loop' of '_FlowControlMixin' objects>
    │    │            └ <_ProactorSocketTransport closing fd=876 read=<_OverlappedFuture cancelled>>
    │    └ None
    └ <_ProactorSocketTransport closing fd=876 read=<_OverlappedFuture cancelled>>

AttributeError: 'NoneType' object has no attribute 'send'


During handling of the above exception, another exception occurred:


Traceback (most recent call last):

  File "<frozen runpy>", line 198, in _run_module_as_main
  File "<frozen runpy>", line 88, in _run_code
  File "C:\Users\Chane\AppData\Local\Programs\Python\Python313\Lib\site-packages\pytest\__main__.py", line 9, in <module>
    raise SystemExit(pytest.console_main())
                     │      └ <function console_main at 0x000001DBF46A3880>
                     └ <module 'pytest' from 'C:\\Users\\Chane\\AppData\\Local\\Programs\\Python\\Python313\\Lib\\site-packages\\pytest\\__init__.py'>
  File "C:\Users\Chane\AppData\Local\Programs\Python\Python313\Lib\site-packages\_pytest\config\__init__.py", line 201, in console_main
    code = main()
           └ <function main at 0x000001DBF46A37E0>
  File "C:\Users\Chane\AppData\Local\Programs\Python\Python313\Lib\site-packages\_pytest\config\__init__.py", line 175, in main
    ret: ExitCode | int = config.hook.pytest_cmdline_main(config=config)
         │                │      │    │                          └ <_pytest.config.Config object at 0x000001DBF49523C0>
         │                │      │    └ <HookCaller 'pytest_cmdline_main'>
         │                │      └ <_pytest.config.compat.PathAwareHookProxy object at 0x000001DBF4952900>
         │                └ <_pytest.config.Config object at 0x000001DBF49523C0>
         └ <enum 'ExitCode'>
  File "C:\Users\Chane\AppData\Local\Programs\Python\Python313\Lib\site-packages\pluggy\_hooks.py", line 513, in __call__
    return self._hookexec(self.name, self._hookimpls.copy(), kwargs, firstresult)
           │    │         │    │     │    │                  │       └ True
           │    │         │    │     │    │                  └ {'config': <_pytest.config.Config object at 0x000001DBF49523C0>}
           │    │         │    │     │    └ <member '_hookimpls' of 'HookCaller' objects>
           │    │         │    │     └ <HookCaller 'pytest_cmdline_main'>
           │    │         │    └ <member 'name' of 'HookCaller' objects>
           │    │         └ <HookCaller 'pytest_cmdline_main'>
           │    └ <member '_hookexec' of 'HookCaller' objects>
           └ <HookCaller 'pytest_cmdline_main'>
  File "C:\Users\Chane\AppData\Local\Programs\Python\Python313\Lib\site-packages\pluggy\_manager.py", line 120, in _hookexec
    return self._inner_hookexec(hook_name, methods, kwargs, firstresult)
           │    │               │          │        │       └ True
           │    │               │          │        └ {'config': <_pytest.config.Config object at 0x000001DBF49523C0>}
           │    │               │          └ [<HookImpl plugin_name='main', plugin=<module '_pytest.main' from 'C:\\Users\\Chane\\AppData\\Local\\Programs\\Python\\Python...
           │    │               └ 'pytest_cmdline_main'
           │    └ <function _multicall at 0x000001DBF403F9C0>
           └ <_pytest.config.PytestPluginManager object at 0x000001DBF47C3E00>
  File "C:\Users\Chane\AppData\Local\Programs\Python\Python313\Lib\site-packages\pluggy\_callers.py", line 103, in _multicall
    res = hook_impl.function(*args)
          │         │         └ [<_pytest.config.Config object at 0x000001DBF49523C0>]
          │         └ <member 'function' of 'HookImpl' objects>
          └ <HookImpl plugin_name='main', plugin=<module '_pytest.main' from 'C:\\Users\\Chane\\AppData\\Local\\Programs\\Python\\Python3...
  File "C:\Users\Chane\AppData\Local\Programs\Python\Python313\Lib\site-packages\_pytest\main.py", line 330, in pytest_cmdline_main
    return wrap_session(config, _main)
           │            │       └ <function _main at 0x000001DBF4728F40>
           │            └ <_pytest.config.Config object at 0x000001DBF49523C0>
           └ <function wrap_session at 0x000001DBF4728E00>
  File "C:\Users\Chane\AppData\Local\Programs\Python\Python313\Lib\site-packages\_pytest\main.py", line 283, in wrap_session
    session.exitstatus = doit(config, session) or 0
    │       │            │    │       └ <Session  exitstatus=<ExitCode.OK: 0> testsfailed=0 testscollected=4>
    │       │            │    └ <_pytest.config.Config object at 0x000001DBF49523C0>
    │       │            └ <function _main at 0x000001DBF4728F40>
    │       └ <ExitCode.OK: 0>
    └ <Session  exitstatus=<ExitCode.OK: 0> testsfailed=0 testscollected=4>
  File "C:\Users\Chane\AppData\Local\Programs\Python\Python313\Lib\site-packages\_pytest\main.py", line 337, in _main
    config.hook.pytest_runtestloop(session=session)
    │      │    │                          └ <Session  exitstatus=<ExitCode.OK: 0> testsfailed=0 testscollected=4>
    │      │    └ <HookCaller 'pytest_runtestloop'>
    │      └ <_pytest.config.compat.PathAwareHookProxy object at 0x000001DBF4952900>
    └ <_pytest.config.Config object at 0x000001DBF49523C0>
  File "C:\Users\Chane\AppData\Local\Programs\Python\Python313\Lib\site-packages\pluggy\_hooks.py", line 513, in __call__
    return self._hookexec(self.name, self._hookimpls.copy(), kwargs, firstresult)
           │    │         │    │     │    │                  │       └ True
           │    │         │    │     │    │                  └ {'session': <Session  exitstatus=<ExitCode.OK: 0> testsfailed=0 testscollected=4>}
           │    │         │    │     │    └ <member '_hookimpls' of 'HookCaller' objects>
           │    │         │    │     └ <HookCaller 'pytest_runtestloop'>
           │    │         │    └ <member 'name' of 'HookCaller' objects>
           │    │         └ <HookCaller 'pytest_runtestloop'>
           │    └ <member '_hookexec' of 'HookCaller' objects>
           └ <HookCaller 'pytest_runtestloop'>
  File "C:\Users\Chane\AppData\Local\Programs\Python\Python313\Lib\site-packages\pluggy\_manager.py", line 120, in _hookexec
    return self._inner_hookexec(hook_name, methods, kwargs, firstresult)
           │    │               │          │        │       └ True
           │    │               │          │        └ {'session': <Session  exitstatus=<ExitCode.OK: 0> testsfailed=0 testscollected=4>}
           │    │               │          └ [<HookImpl plugin_name='main', plugin=<module '_pytest.main' from 'C:\\Users\\Chane\\AppData\\Local\\Programs\\Python\\Python...
           │    │               └ 'pytest_runtestloop'
           │    └ <function _multicall at 0x000001DBF403F9C0>
           └ <_pytest.config.PytestPluginManager object at 0x000001DBF47C3E00>
  File "C:\Users\Chane\AppData\Local\Programs\Python\Python313\Lib\site-packages\pluggy\_callers.py", line 103, in _multicall
    res = hook_impl.function(*args)
          │         │         └ [<Session  exitstatus=<ExitCode.OK: 0> testsfailed=0 testscollected=4>]
          │         └ <member 'function' of 'HookImpl' objects>
          └ <HookImpl plugin_name='main', plugin=<module '_pytest.main' from 'C:\\Users\\Chane\\AppData\\Local\\Programs\\Python\\Python3...
  File "C:\Users\Chane\AppData\Local\Programs\Python\Python313\Lib\site-packages\_pytest\main.py", line 362, in pytest_runtestloop
    item.config.hook.pytest_runtest_protocol(item=item, nextitem=nextitem)
    │    │                                        │              └ None
    │    │                                        └ <Coroutine test_verify_registration_success>
    │    └ <member 'config' of 'Node' objects>
    └ <Coroutine test_verify_registration_success>
  File "C:\Users\Chane\AppData\Local\Programs\Python\Python313\Lib\site-packages\pluggy\_hooks.py", line 513, in __call__
    return self._hookexec(self.name, self._hookimpls.copy(), kwargs, firstresult)
           │    │         │    │     │    │                  │       └ True
           │    │         │    │     │    │                  └ {'item': <Coroutine test_verify_registration_success>, 'nextitem': None}
           │    │         │    │     │    └ <member '_hookimpls' of 'HookCaller' objects>
           │    │         │    │     └ <HookCaller 'pytest_runtest_protocol'>
           │    │         │    └ <member 'name' of 'HookCaller' objects>
           │    │         └ <HookCaller 'pytest_runtest_protocol'>
           │    └ <member '_hookexec' of 'HookCaller' objects>
           └ <HookCaller 'pytest_runtest_protocol'>
  File "C:\Users\Chane\AppData\Local\Programs\Python\Python313\Lib\site-packages\pluggy\_manager.py", line 120, in _hookexec
    return self._inner_hookexec(hook_name, methods, kwargs, firstresult)
           │    │               │          │        │       └ True
           │    │               │          │        └ {'item': <Coroutine test_verify_registration_success>, 'nextitem': None}
           │    │               │          └ [<HookImpl plugin_name='runner', plugin=<module '_pytest.runner' from 'C:\\Users\\Chane\\AppData\\Local\\Programs\\Python\\Py...
           │    │               └ 'pytest_runtest_protocol'
           │    └ <function _multicall at 0x000001DBF403F9C0>
           └ <_pytest.config.PytestPluginManager object at 0x000001DBF47C3E00>
  File "C:\Users\Chane\AppData\Local\Programs\Python\Python313\Lib\site-packages\pluggy\_callers.py", line 103, in _multicall
    res = hook_impl.function(*args)
          │         │         └ [<Coroutine test_verify_registration_success>, None]
          │         └ <member 'function' of 'HookImpl' objects>
          └ <HookImpl plugin_name='runner', plugin=<module '_pytest.runner' from 'C:\\Users\\Chane\\AppData\\Local\\Programs\\Python\\Pyt...
  File "C:\Users\Chane\AppData\Local\Programs\Python\Python313\Lib\site-packages\_pytest\runner.py", line 113, in pytest_runtest_protocol
    runtestprotocol(item, nextitem=nextitem)
    │               │              └ None
    │               └ <Coroutine test_verify_registration_success>
    └ <function runtestprotocol at 0x000001DBF4728040>
  File "C:\Users\Chane\AppData\Local\Programs\Python\Python313\Lib\site-packages\_pytest\runner.py", line 132, in runtestprotocol
    reports.append(call_and_report(item, "call", log))
    │       │      │               │             └ True
    │       │      │               └ <Coroutine test_verify_registration_success>
    │       │      └ <function call_and_report at 0x000001DBF47284A0>
    │       └ <method 'append' of 'list' objects>
    └ [<TestReport 'tests/auth_test.py::test_verify_registration_success' when='setup' outcome='passed'>]
  File "C:\Users\Chane\AppData\Local\Programs\Python\Python313\Lib\site-packages\_pytest\runner.py", line 241, in call_and_report
    call = CallInfo.from_call(
           │        └ <classmethod(<function CallInfo.from_call at 0x000001DBF47287C0>)>
           └ <class '_pytest.runner.CallInfo'>
  File "C:\Users\Chane\AppData\Local\Programs\Python\Python313\Lib\site-packages\_pytest\runner.py", line 341, in from_call
    result: TResult | None = func()
            │                └ <function call_and_report.<locals>.<lambda> at 0x000001DBFE6CBB00>
            └ +TResult
  File "C:\Users\Chane\AppData\Local\Programs\Python\Python313\Lib\site-packages\_pytest\runner.py", line 242, in <lambda>
    lambda: runtest_hook(item=item, **kwds), when=when, reraise=reraise
            │                 │       └ {}
            │                 └ <Coroutine test_verify_registration_success>
            └ <HookCaller 'pytest_runtest_call'>
  File "C:\Users\Chane\AppData\Local\Programs\Python\Python313\Lib\site-packages\pluggy\_hooks.py", line 513, in __call__
    return self._hookexec(self.name, self._hookimpls.copy(), kwargs, firstresult)
           │    │         │    │     │    │                  │       └ False
           │    │         │    │     │    │                  └ {'item': <Coroutine test_verify_registration_success>}
           │    │         │    │     │    └ <member '_hookimpls' of 'HookCaller' objects>
           │    │         │    │     └ <HookCaller 'pytest_runtest_call'>
           │    │         │    └ <member 'name' of 'HookCaller' objects>
           │    │         └ <HookCaller 'pytest_runtest_call'>
           │    └ <member '_hookexec' of 'HookCaller' objects>
           └ <HookCaller 'pytest_runtest_call'>
  File "C:\Users\Chane\AppData\Local\Programs\Python\Python313\Lib\site-packages\pluggy\_manager.py", line 120, in _hookexec
    return self._inner_hookexec(hook_name, methods, kwargs, firstresult)
           │    │               │          │        │       └ False
           │    │               │          │        └ {'item': <Coroutine test_verify_registration_success>}
           │    │               │          └ [<HookImpl plugin_name='runner', plugin=<module '_pytest.runner' from 'C:\\Users\\Chane\\AppData\\Local\\Programs\\Python\\Py...
           │    │               └ 'pytest_runtest_call'
           │    └ <function _multicall at 0x000001DBF403F9C0>
           └ <_pytest.config.PytestPluginManager object at 0x000001DBF47C3E00>
  File "C:\Users\Chane\AppData\Local\Programs\Python\Python313\Lib\site-packages\pluggy\_callers.py", line 103, in _multicall
    res = hook_impl.function(*args)
          │         │         └ [<Coroutine test_verify_registration_success>]
          │         └ <member 'function' of 'HookImpl' objects>
          └ <HookImpl plugin_name='runner', plugin=<module '_pytest.runner' from 'C:\\Users\\Chane\\AppData\\Local\\Programs\\Python\\Pyt...
  File "C:\Users\Chane\AppData\Local\Programs\Python\Python313\Lib\site-packages\_pytest\runner.py", line 174, in pytest_runtest_call
    item.runtest()
    │    └ <function PytestAsyncioFunction.runtest at 0x000001DBF6630F40>
    └ <Coroutine test_verify_registration_success>
  File "C:\Users\Chane\AppData\Local\Programs\Python\Python313\Lib\site-packages\pytest_asyncio\plugin.py", line 469, in runtest
    super().runtest()
  File "C:\Users\Chane\AppData\Local\Programs\Python\Python313\Lib\site-packages\_pytest\python.py", line 1627, in runtest
    self.ihook.pytest_pyfunc_call(pyfuncitem=self)
    │    │                                   └ <Coroutine test_verify_registration_success>
    │    └ <property object at 0x000001DBF46CD530>
    └ <Coroutine test_verify_registration_success>
  File "C:\Users\Chane\AppData\Local\Programs\Python\Python313\Lib\site-packages\pluggy\_hooks.py", line 513, in __call__
    return self._hookexec(self.name, self._hookimpls.copy(), kwargs, firstresult)
           │    │         │    │     │    │                  │       └ True
           │    │         │    │     │    │                  └ {'pyfuncitem': <Coroutine test_verify_registration_success>}
           │    │         │    │     │    └ <member '_hookimpls' of 'HookCaller' objects>
           │    │         │    │     └ <HookCaller 'pytest_pyfunc_call'>
           │    │         │    └ <member 'name' of 'HookCaller' objects>
           │    │         └ <HookCaller 'pytest_pyfunc_call'>
           │    └ <member '_hookexec' of 'HookCaller' objects>
           └ <HookCaller 'pytest_pyfunc_call'>
  File "C:\Users\Chane\AppData\Local\Programs\Python\Python313\Lib\site-packages\pluggy\_manager.py", line 120, in _hookexec
    return self._inner_hookexec(hook_name, methods, kwargs, firstresult)
           │    │               │          │        │       └ True
           │    │               │          │        └ {'pyfuncitem': <Coroutine test_verify_registration_success>}
           │    │               │          └ [<HookImpl plugin_name='python', plugin=<module '_pytest.python' from 'C:\\Users\\Chane\\AppData\\Local\\Programs\\Python\\Py...
           │    │               └ 'pytest_pyfunc_call'
           │    └ <function _multicall at 0x000001DBF403F9C0>
           └ <_pytest.config.PytestPluginManager object at 0x000001DBF47C3E00>
  File "C:\Users\Chane\AppData\Local\Programs\Python\Python313\Lib\site-packages\pluggy\_callers.py", line 103, in _multicall
    res = hook_impl.function(*args)
          │         │         └ [<Coroutine test_verify_registration_success>]
          │         └ <member 'function' of 'HookImpl' objects>
          └ <HookImpl plugin_name='python', plugin=<module '_pytest.python' from 'C:\\Users\\Chane\\AppData\\Local\\Programs\\Python\\Pyt...
  File "C:\Users\Chane\AppData\Local\Programs\Python\Python313\Lib\site-packages\_pytest\python.py", line 159, in pytest_pyfunc_call
    result = testfunction(**testargs)
             │              └ {'client': <httpx.AsyncClient object at 0x000001DBFE654690>, 'redis_test_client': <redis.asyncio.client.Redis(<redis.asyncio....
             └ <function test_verify_registration_success at 0x000001DBFE750220>
  File "C:\Users\Chane\AppData\Local\Programs\Python\Python313\Lib\site-packages\pytest_asyncio\plugin.py", line 716, in inner
    runner.run(coro, context=context)
    │      │   │             └ <_contextvars.Context object at 0x000001DBFCCA4840>
    │      │   └ <coroutine object test_verify_registration_success at 0x000001DBFE618EE0>
    │      └ <function Runner.run at 0x000001DBF65BC860>
    └ <asyncio.runners.Runner object at 0x000001DBFE6D9950>
  File "C:\Users\Chane\AppData\Local\Programs\Python\Python313\Lib\asyncio\runners.py", line 118, in run
    return self._loop.run_until_complete(task)
           │    │     │                  └ <Task pending name='Task-14' coro=<test_verify_registration_success() running at e:\dev\share_it\back-end\tests\auth_test.py:...
           │    │     └ <function BaseEventLoop.run_until_complete at 0x000001DBF65C22A0>
           │    └ <ProactorEventLoop running=True closed=False debug=False>
           └ <asyncio.runners.Runner object at 0x000001DBFE6D9950>
  File "C:\Users\Chane\AppData\Local\Programs\Python\Python313\Lib\asyncio\base_events.py", line 712, in run_until_complete
    self.run_forever()
    │    └ <function BaseEventLoop.run_forever at 0x000001DBF65C2200>
    └ <ProactorEventLoop running=True closed=False debug=False>
  File "C:\Users\Chane\AppData\Local\Programs\Python\Python313\Lib\asyncio\base_events.py", line 683, in run_forever
    self._run_once()
    │    └ <function BaseEventLoop._run_once at 0x000001DBF65BC040>
    └ <ProactorEventLoop running=True closed=False debug=False>
  File "C:\Users\Chane\AppData\Local\Programs\Python\Python313\Lib\asyncio\base_events.py", line 2040, in _run_once
    handle._run()
    │      └ <function Handle._run at 0x000001DBF654D8A0>
    └ <Handle Task.task_wakeup()>
  File "C:\Users\Chane\AppData\Local\Programs\Python\Python313\Lib\asyncio\events.py", line 89, in _run
    self._context.run(self._callback, *self._args)
    │    │            │    │           │    └ <member '_args' of 'Handle' objects>
    │    │            │    │           └ <Handle Task.task_wakeup()>
    │    │            │    └ <member '_callback' of 'Handle' objects>
    │    │            └ <Handle Task.task_wakeup()>
    │    └ <member '_context' of 'Handle' objects>
    └ <Handle Task.task_wakeup()>
  File "C:\Users\Chane\AppData\Local\Programs\Python\Python313\Lib\site-packages\starlette\middleware\base.py", line 144, in coro
    await self.app(scope, receive_or_disconnect, send_no_error)
          │    │   │      │                      └ <function BaseHTTPMiddleware.__call__.<locals>.call_next.<locals>.send_no_error at 0x000001DBFE851DA0>
          │    │   │      └ <function BaseHTTPMiddleware.__call__.<locals>.call_next.<locals>.receive_or_disconnect at 0x000001DBFE633740>
          │    │   └ {'type': 'http', 'asgi': {'version': '3.0'}, 'http_version': '1.1', 'method': 'POST', 'headers': [(b'host', b'test'), (b'acce...
          │    └ <starlette.middleware.exceptions.ExceptionMiddleware object at 0x000001DBFE622CF0>
          └ <slowapi.middleware.SlowAPIMiddleware object at 0x000001DBFE622E40>
  File "C:\Users\Chane\AppData\Local\Programs\Python\Python313\Lib\site-packages\starlette\middleware\exceptions.py", line 63, in __call__
    await wrap_app_handling_exceptions(self.app, conn)(scope, receive, send)
          │                            │    │    │     │      │        └ <function BaseHTTPMiddleware.__call__.<locals>.call_next.<locals>.send_no_error at 0x000001DBFE851DA0>
          │                            │    │    │     │      └ <function BaseHTTPMiddleware.__call__.<locals>.call_next.<locals>.receive_or_disconnect at 0x000001DBFE633740>
          │                            │    │    │     └ {'type': 'http', 'asgi': {'version': '3.0'}, 'http_version': '1.1', 'method': 'POST', 'headers': [(b'host', b'test'), (b'acce...
          │                            │    │    └ <starlette.requests.Request object at 0x000001DBFE6DB250>
          │                            │    └ <fastapi.middleware.asyncexitstack.AsyncExitStackMiddleware object at 0x000001DBFE622BA0>
          │                            └ <starlette.middleware.exceptions.ExceptionMiddleware object at 0x000001DBFE622CF0>
          └ <function wrap_app_handling_exceptions at 0x000001DBFA082D40>
  File "C:\Users\Chane\AppData\Local\Programs\Python\Python313\Lib\site-packages\starlette\_exception_handler.py", line 42, in wrapped_app
    await app(scope, receive, sender)
          │   │      │        └ <function wrap_app_handling_exceptions.<locals>.wrapped_app.<locals>.sender at 0x000001DBFE851A80>
          │   │      └ <function BaseHTTPMiddleware.__call__.<locals>.call_next.<locals>.receive_or_disconnect at 0x000001DBFE633740>
          │   └ {'type': 'http', 'asgi': {'version': '3.0'}, 'http_version': '1.1', 'method': 'POST', 'headers': [(b'host', b'test'), (b'acce...
          └ <fastapi.middleware.asyncexitstack.AsyncExitStackMiddleware object at 0x000001DBFE622BA0>
  File "C:\Users\Chane\AppData\Local\Programs\Python\Python313\Lib\site-packages\fastapi\middleware\asyncexitstack.py", line 18, in __call__
    await self.app(scope, receive, send)
          │    │   │      │        └ <function wrap_app_handling_exceptions.<locals>.wrapped_app.<locals>.sender at 0x000001DBFE851A80>
          │    │   │      └ <function BaseHTTPMiddleware.__call__.<locals>.call_next.<locals>.receive_or_disconnect at 0x000001DBFE633740>
          │    │   └ {'type': 'http', 'asgi': {'version': '3.0'}, 'http_version': '1.1', 'method': 'POST', 'headers': [(b'host', b'test'), (b'acce...
          │    └ <fastapi.routing.APIRouter object at 0x000001DBFE59F2F0>
          └ <fastapi.middleware.asyncexitstack.AsyncExitStackMiddleware object at 0x000001DBFE622BA0>
  File "C:\Users\Chane\AppData\Local\Programs\Python\Python313\Lib\site-packages\starlette\routing.py", line 716, in __call__
    await self.middleware_stack(scope, receive, send)
          │    │                │      │        └ <function wrap_app_handling_exceptions.<locals>.wrapped_app.<locals>.sender at 0x000001DBFE851A80>
          │    │                │      └ <function BaseHTTPMiddleware.__call__.<locals>.call_next.<locals>.receive_or_disconnect at 0x000001DBFE633740>
          │    │                └ {'type': 'http', 'asgi': {'version': '3.0'}, 'http_version': '1.1', 'method': 'POST', 'headers': [(b'host', b'test'), (b'acce...
          │    └ <bound method Router.app of <fastapi.routing.APIRouter object at 0x000001DBFE59F2F0>>
          └ <fastapi.routing.APIRouter object at 0x000001DBFE59F2F0>
  File "C:\Users\Chane\AppData\Local\Programs\Python\Python313\Lib\site-packages\starlette\routing.py", line 736, in app
    await route.handle(scope, receive, send)
          │     │      │      │        └ <function wrap_app_handling_exceptions.<locals>.wrapped_app.<locals>.sender at 0x000001DBFE851A80>
          │     │      │      └ <function BaseHTTPMiddleware.__call__.<locals>.call_next.<locals>.receive_or_disconnect at 0x000001DBFE633740>
          │     │      └ {'type': 'http', 'asgi': {'version': '3.0'}, 'http_version': '1.1', 'method': 'POST', 'headers': [(b'host', b'test'), (b'acce...
          │     └ <function Route.handle at 0x000001DBFA0A85E0>
          └ APIRoute(path='/auth/verify_challenge', name='verify_challenge', methods=['POST'])
  File "C:\Users\Chane\AppData\Local\Programs\Python\Python313\Lib\site-packages\starlette\routing.py", line 290, in handle
    await self.app(scope, receive, send)
          │    │   │      │        └ <function wrap_app_handling_exceptions.<locals>.wrapped_app.<locals>.sender at 0x000001DBFE851A80>
          │    │   │      └ <function BaseHTTPMiddleware.__call__.<locals>.call_next.<locals>.receive_or_disconnect at 0x000001DBFE633740>
          │    │   └ {'type': 'http', 'asgi': {'version': '3.0'}, 'http_version': '1.1', 'method': 'POST', 'headers': [(b'host', b'test'), (b'acce...
          │    └ <function request_response.<locals>.app at 0x000001DBFE6C8C20>
          └ APIRoute(path='/auth/verify_challenge', name='verify_challenge', methods=['POST'])
  File "C:\Users\Chane\AppData\Local\Programs\Python\Python313\Lib\site-packages\fastapi\routing.py", line 125, in app
    await wrap_app_handling_exceptions(app, request)(scope, receive, send)
          │                            │    │        │      │        └ <function wrap_app_handling_exceptions.<locals>.wrapped_app.<locals>.sender at 0x000001DBFE851A80>
          │                            │    │        │      └ <function BaseHTTPMiddleware.__call__.<locals>.call_next.<locals>.receive_or_disconnect at 0x000001DBFE633740>
          │                            │    │        └ {'type': 'http', 'asgi': {'version': '3.0'}, 'http_version': '1.1', 'method': 'POST', 'headers': [(b'host', b'test'), (b'acce...
          │                            │    └ <starlette.requests.Request object at 0x000001DBFE755810>
          │                            └ <function request_response.<locals>.app.<locals>.app at 0x000001DBFE8519E0>
          └ <function wrap_app_handling_exceptions at 0x000001DBFA082D40>
  File "C:\Users\Chane\AppData\Local\Programs\Python\Python313\Lib\site-packages\starlette\_exception_handler.py", line 42, in wrapped_app
    await app(scope, receive, sender)
          │   │      │        └ <function wrap_app_handling_exceptions.<locals>.wrapped_app.<locals>.sender at 0x000001DBFE8518A0>
          │   │      └ <function BaseHTTPMiddleware.__call__.<locals>.call_next.<locals>.receive_or_disconnect at 0x000001DBFE633740>
          │   └ {'type': 'http', 'asgi': {'version': '3.0'}, 'http_version': '1.1', 'method': 'POST', 'headers': [(b'host', b'test'), (b'acce...
          └ <function request_response.<locals>.app.<locals>.app at 0x000001DBFE8519E0>
  File "C:\Users\Chane\AppData\Local\Programs\Python\Python313\Lib\site-packages\fastapi\routing.py", line 111, in app
    response = await f(request)
                     │ └ <starlette.requests.Request object at 0x000001DBFE755810>
                     └ <function get_request_handler.<locals>.app at 0x000001DBFE6C8AE0>
  File "C:\Users\Chane\AppData\Local\Programs\Python\Python313\Lib\site-packages\fastapi\routing.py", line 391, in app
    raw_response = await run_endpoint_function(
                         └ <function run_endpoint_function at 0x000001DBFA0AA480>
> File "C:\Users\Chane\AppData\Local\Programs\Python\Python313\Lib\site-packages\fastapi\routing.py", line 290, in run_endpoint_function
    return await dependant.call(**values)
                 │         │      └ {'db': <sqlalchemy.ext.asyncio.session.AsyncSession object at 0x000001DBFE7C16D0>, 'data': VerifyRequest(user_id=None, public...
                 │         └ <function verify_challenge at 0x000001DBFE632980>
                 └ Dependant(path_params=[], query_params=[], header_params=[], cookie_params=[], body_params=[ModelField(field_info=Body(Pydant...

  File "E:\dev\share_it\back-end\routers\auth_router.py", line 76, in verify_challenge
    stored_nonce = await redis.get(redis_key)
                         │     │   └ 'auth:nonce:pk:3de8ac1cd9c0c62db9e04e4257257e8ac6f0dd6d12c10fc957f621432b2400e5'
                         │     └ <function BasicKeyCommands.get at 0x000001DBF9AF20C0>
                         └ <redis.asyncio.client.Redis(<redis.asyncio.connection.ConnectionPool(<redis.asyncio.connection.Connection(encoding=utf-8,deco...

  File "C:\Users\Chane\AppData\Local\Programs\Python\Python313\Lib\site-packages\redis\asyncio\client.py", line 781, in execute_command
    result = await conn.retry.call_with_retry(
                   │    │     └ <function Retry.call_with_retry at 0x000001DBF99D8E00>
                   │    └ <redis.asyncio.retry.Retry object at 0x000001DBFE7C0E10>
                   └ <redis.asyncio.connection.Connection(host=127.0.0.1,port=6379,db=0)>
  File "C:\Users\Chane\AppData\Local\Programs\Python\Python313\Lib\site-packages\redis\asyncio\retry.py", line 69, in call_with_retry
    return await do()
                 └ <function Redis.execute_command.<locals>.<lambda> at 0x000001DBFE850AE0>
  File "C:\Users\Chane\AppData\Local\Programs\Python\Python313\Lib\site-packages\redis\asyncio\client.py", line 721, in _send_command_parse_response
    await conn.send_command(*args)
          │    │             └ ('GET', 'auth:nonce:pk:3de8ac1cd9c0c62db9e04e4257257e8ac6f0dd6d12c10fc957f621432b2400e5')
          │    └ <function AbstractConnection.send_command at 0x000001DBF9A4D6C0>
          └ <redis.asyncio.connection.Connection(host=127.0.0.1,port=6379,db=0)>
  File "C:\Users\Chane\AppData\Local\Programs\Python\Python313\Lib\site-packages\redis\asyncio\connection.py", line 694, in send_command
    await self.send_packed_command(
          │    └ <function AbstractConnection.send_packed_command at 0x000001DBF9A4D620>
          └ <redis.asyncio.connection.Connection(host=127.0.0.1,port=6379,db=0)>
  File "C:\Users\Chane\AppData\Local\Programs\Python\Python313\Lib\site-packages\redis\asyncio\connection.py", line 689, in send_packed_command
    await self.disconnect(nowait=True)
          │    └ <function AbstractConnection.disconnect at 0x000001DBF9A4D300>
          └ <redis.asyncio.connection.Connection(host=127.0.0.1,port=6379,db=0)>
  File "C:\Users\Chane\AppData\Local\Programs\Python\Python313\Lib\site-packages\redis\asyncio\connection.py", line 585, in disconnect
    self._writer.close()  # type: ignore[union-attr]
    │    └ <member '_writer' of 'AbstractConnection' objects>
    └ <redis.asyncio.connection.Connection(host=127.0.0.1,port=6379,db=0)>
  File "C:\Users\Chane\AppData\Local\Programs\Python\Python313\Lib\asyncio\streams.py", line 352, in close
    return self._transport.close()
           │    │          └ <function _ProactorBasePipeTransport.close at 0x000001DBF65E6CA0>
           │    └ <_ProactorSocketTransport closing fd=876 read=<_OverlappedFuture cancelled>>
           └ <StreamWriter transport=<_ProactorSocketTransport closing fd=876 read=<_OverlappedFuture cancelled>> reader=<StreamReader tra...
  File "C:\Users\Chane\AppData\Local\Programs\Python\Python313\Lib\asyncio\proactor_events.py", line 109, in close
    self._loop.call_soon(self._call_connection_lost, None)
    │    │               │    └ <function _ProactorBasePipeTransport._call_connection_lost at 0x000001DBF65E6F20>
    │    │               └ <_ProactorSocketTransport closing fd=876 read=<_OverlappedFuture cancelled>>
    │    └ <member '_loop' of '_FlowControlMixin' objects>
    └ <_ProactorSocketTransport closing fd=876 read=<_OverlappedFuture cancelled>>
  File "C:\Users\Chane\AppData\Local\Programs\Python\Python313\Lib\asyncio\base_events.py", line 833, in call_soon
    self._check_closed()
    │    └ <function BaseEventLoop._check_closed at 0x000001DBF65C1BC0>
    └ <ProactorEventLoop running=False closed=True debug=False>
  File "C:\Users\Chane\AppData\Local\Programs\Python\Python313\Lib\asyncio\base_events.py", line 556, in _check_closed
    raise RuntimeError('Event loop is closed')

RuntimeError: Event loop is closed
2026-05-03 18:17:43 | INFO     | routers.auth_router:request_challenge:42 - Challenge (login) for ID 11 generated
2026-05-03 18:17:43 | ERROR    | fastapi.routing:run_endpoint_function:290 - An error has been caught in function 'run_endpoint_function', process 'MainProcess' (10956), thread 'MainThread' (27748):
Traceback (most recent call last):

  File "C:\Users\Chane\AppData\Local\Programs\Python\Python313\Lib\site-packages\redis\asyncio\connection.py", line 669, in send_packed_command
    self._writer.writelines(command)
    │    │                  └ [b'*2\r\n$3\r\nGET\r\n$78\r\nauth:nonce:pk:b4d15675e1e2011cce85a129fc67bcdc20bd15360c96d314e3fb798a8142c351\r\n']
    │    └ <member '_writer' of 'AbstractConnection' objects>
    └ <redis.asyncio.connection.Connection(host=127.0.0.1,port=6379,db=0)>
  File "C:\Users\Chane\AppData\Local\Programs\Python\Python313\Lib\asyncio\streams.py", line 343, in writelines
    self._transport.writelines(data)
    │    │          │          └ [b'*2\r\n$3\r\nGET\r\n$78\r\nauth:nonce:pk:b4d15675e1e2011cce85a129fc67bcdc20bd15360c96d314e3fb798a8142c351\r\n']
    │    │          └ <function WriteTransport.writelines at 0x0000023FF55256C0>
    │    └ <_ProactorSocketTransport closing fd=1096 read=<_OverlappedFuture cancelled>>
    └ <StreamWriter transport=<_ProactorSocketTransport closing fd=1096 read=<_OverlappedFuture cancelled>> reader=<StreamReader tr...
  File "C:\Users\Chane\AppData\Local\Programs\Python\Python313\Lib\asyncio\transports.py", line 123, in writelines
    self.write(data)
    │    │     └ b'*2\r\n$3\r\nGET\r\n$78\r\nauth:nonce:pk:b4d15675e1e2011cce85a129fc67bcdc20bd15360c96d314e3fb798a8142c351\r\n'
    │    └ <function _ProactorBaseWritePipeTransport.write at 0x0000023FF55A3600>
    └ <_ProactorSocketTransport closing fd=1096 read=<_OverlappedFuture cancelled>>
  File "C:\Users\Chane\AppData\Local\Programs\Python\Python313\Lib\asyncio\proactor_events.py", line 366, in write
    self._loop_writing(data=bytes(data))
    │    │                        └ b'*2\r\n$3\r\nGET\r\n$78\r\nauth:nonce:pk:b4d15675e1e2011cce85a129fc67bcdc20bd15360c96d314e3fb798a8142c351\r\n'
    │    └ <function _ProactorBaseWritePipeTransport._loop_writing at 0x0000023FF55A36A0>
    └ <_ProactorSocketTransport closing fd=1096 read=<_OverlappedFuture cancelled>>
  File "C:\Users\Chane\AppData\Local\Programs\Python\Python313\Lib\asyncio\proactor_events.py", line 402, in _loop_writing
    self._write_fut = self._loop._proactor.send(self._sock, data)
    │    │            │    │                    │    │      └ b'*2\r\n$3\r\nGET\r\n$78\r\nauth:nonce:pk:b4d15675e1e2011cce85a129fc67bcdc20bd15360c96d314e3fb798a8142c351\r\n'
    │    │            │    │                    │    └ <socket.socket fd=1096, family=2, type=1, proto=6, laddr=('127.0.0.1', 57174), raddr=('127.0.0.1', 6379)>
    │    │            │    │                    └ <_ProactorSocketTransport closing fd=1096 read=<_OverlappedFuture cancelled>>
    │    │            │    └ <member '_loop' of '_FlowControlMixin' objects>
    │    │            └ <_ProactorSocketTransport closing fd=1096 read=<_OverlappedFuture cancelled>>
    │    └ None
    └ <_ProactorSocketTransport closing fd=1096 read=<_OverlappedFuture cancelled>>

AttributeError: 'NoneType' object has no attribute 'send'


During handling of the above exception, another exception occurred:


Traceback (most recent call last):

  File "<frozen runpy>", line 198, in _run_module_as_main
  File "<frozen runpy>", line 88, in _run_code
  File "C:\Users\Chane\AppData\Local\Programs\Python\Python313\Lib\site-packages\pytest\__main__.py", line 9, in <module>
    raise SystemExit(pytest.console_main())
                     │      └ <function console_main at 0x0000023FF3713880>
                     └ <module 'pytest' from 'C:\\Users\\Chane\\AppData\\Local\\Programs\\Python\\Python313\\Lib\\site-packages\\pytest\\__init__.py'>
  File "C:\Users\Chane\AppData\Local\Programs\Python\Python313\Lib\site-packages\_pytest\config\__init__.py", line 201, in console_main
    code = main()
           └ <function main at 0x0000023FF37137E0>
  File "C:\Users\Chane\AppData\Local\Programs\Python\Python313\Lib\site-packages\_pytest\config\__init__.py", line 175, in main
    ret: ExitCode | int = config.hook.pytest_cmdline_main(config=config)
         │                │      │    │                          └ <_pytest.config.Config object at 0x0000023FF39C23C0>
         │                │      │    └ <HookCaller 'pytest_cmdline_main'>
         │                │      └ <_pytest.config.compat.PathAwareHookProxy object at 0x0000023FF39C2900>
         │                └ <_pytest.config.Config object at 0x0000023FF39C23C0>
         └ <enum 'ExitCode'>
  File "C:\Users\Chane\AppData\Local\Programs\Python\Python313\Lib\site-packages\pluggy\_hooks.py", line 513, in __call__
    return self._hookexec(self.name, self._hookimpls.copy(), kwargs, firstresult)
           │    │         │    │     │    │                  │       └ True
           │    │         │    │     │    │                  └ {'config': <_pytest.config.Config object at 0x0000023FF39C23C0>}
           │    │         │    │     │    └ <member '_hookimpls' of 'HookCaller' objects>
           │    │         │    │     └ <HookCaller 'pytest_cmdline_main'>
           │    │         │    └ <member 'name' of 'HookCaller' objects>
           │    │         └ <HookCaller 'pytest_cmdline_main'>
           │    └ <member '_hookexec' of 'HookCaller' objects>
           └ <HookCaller 'pytest_cmdline_main'>
  File "C:\Users\Chane\AppData\Local\Programs\Python\Python313\Lib\site-packages\pluggy\_manager.py", line 120, in _hookexec
    return self._inner_hookexec(hook_name, methods, kwargs, firstresult)
           │    │               │          │        │       └ True
           │    │               │          │        └ {'config': <_pytest.config.Config object at 0x0000023FF39C23C0>}
           │    │               │          └ [<HookImpl plugin_name='main', plugin=<module '_pytest.main' from 'C:\\Users\\Chane\\AppData\\Local\\Programs\\Python\\Python...
           │    │               └ 'pytest_cmdline_main'
           │    └ <function _multicall at 0x0000023FF30CF9C0>
           └ <_pytest.config.PytestPluginManager object at 0x0000023FF3833E00>
  File "C:\Users\Chane\AppData\Local\Programs\Python\Python313\Lib\site-packages\pluggy\_callers.py", line 103, in _multicall
    res = hook_impl.function(*args)
          │         │         └ [<_pytest.config.Config object at 0x0000023FF39C23C0>]
          │         └ <member 'function' of 'HookImpl' objects>
          └ <HookImpl plugin_name='main', plugin=<module '_pytest.main' from 'C:\\Users\\Chane\\AppData\\Local\\Programs\\Python\\Python3...
  File "C:\Users\Chane\AppData\Local\Programs\Python\Python313\Lib\site-packages\_pytest\main.py", line 330, in pytest_cmdline_main
    return wrap_session(config, _main)
           │            │       └ <function _main at 0x0000023FF3798F40>
           │            └ <_pytest.config.Config object at 0x0000023FF39C23C0>
           └ <function wrap_session at 0x0000023FF3798E00>
  File "C:\Users\Chane\AppData\Local\Programs\Python\Python313\Lib\site-packages\_pytest\main.py", line 283, in wrap_session
    session.exitstatus = doit(config, session) or 0
    │       │            │    │       └ <Session  exitstatus=<ExitCode.OK: 0> testsfailed=0 testscollected=4>
    │       │            │    └ <_pytest.config.Config object at 0x0000023FF39C23C0>
    │       │            └ <function _main at 0x0000023FF3798F40>
    │       └ <ExitCode.OK: 0>
    └ <Session  exitstatus=<ExitCode.OK: 0> testsfailed=0 testscollected=4>
  File "C:\Users\Chane\AppData\Local\Programs\Python\Python313\Lib\site-packages\_pytest\main.py", line 337, in _main
    config.hook.pytest_runtestloop(session=session)
    │      │    │                          └ <Session  exitstatus=<ExitCode.OK: 0> testsfailed=0 testscollected=4>
    │      │    └ <HookCaller 'pytest_runtestloop'>
    │      └ <_pytest.config.compat.PathAwareHookProxy object at 0x0000023FF39C2900>
    └ <_pytest.config.Config object at 0x0000023FF39C23C0>
  File "C:\Users\Chane\AppData\Local\Programs\Python\Python313\Lib\site-packages\pluggy\_hooks.py", line 513, in __call__
    return self._hookexec(self.name, self._hookimpls.copy(), kwargs, firstresult)
           │    │         │    │     │    │                  │       └ True
           │    │         │    │     │    │                  └ {'session': <Session  exitstatus=<ExitCode.OK: 0> testsfailed=0 testscollected=4>}
           │    │         │    │     │    └ <member '_hookimpls' of 'HookCaller' objects>
           │    │         │    │     └ <HookCaller 'pytest_runtestloop'>
           │    │         │    └ <member 'name' of 'HookCaller' objects>
           │    │         └ <HookCaller 'pytest_runtestloop'>
           │    └ <member '_hookexec' of 'HookCaller' objects>
           └ <HookCaller 'pytest_runtestloop'>
  File "C:\Users\Chane\AppData\Local\Programs\Python\Python313\Lib\site-packages\pluggy\_manager.py", line 120, in _hookexec
    return self._inner_hookexec(hook_name, methods, kwargs, firstresult)
           │    │               │          │        │       └ True
           │    │               │          │        └ {'session': <Session  exitstatus=<ExitCode.OK: 0> testsfailed=0 testscollected=4>}
           │    │               │          └ [<HookImpl plugin_name='main', plugin=<module '_pytest.main' from 'C:\\Users\\Chane\\AppData\\Local\\Programs\\Python\\Python...
           │    │               └ 'pytest_runtestloop'
           │    └ <function _multicall at 0x0000023FF30CF9C0>
           └ <_pytest.config.PytestPluginManager object at 0x0000023FF3833E00>
  File "C:\Users\Chane\AppData\Local\Programs\Python\Python313\Lib\site-packages\pluggy\_callers.py", line 103, in _multicall
    res = hook_impl.function(*args)
          │         │         └ [<Session  exitstatus=<ExitCode.OK: 0> testsfailed=0 testscollected=4>]
          │         └ <member 'function' of 'HookImpl' objects>
          └ <HookImpl plugin_name='main', plugin=<module '_pytest.main' from 'C:\\Users\\Chane\\AppData\\Local\\Programs\\Python\\Python3...
  File "C:\Users\Chane\AppData\Local\Programs\Python\Python313\Lib\site-packages\_pytest\main.py", line 362, in pytest_runtestloop
    item.config.hook.pytest_runtest_protocol(item=item, nextitem=nextitem)
    │    │                                        │              └ None
    │    │                                        └ <Coroutine test_verify_registration_success>
    │    └ <member 'config' of 'Node' objects>
    └ <Coroutine test_verify_registration_success>
  File "C:\Users\Chane\AppData\Local\Programs\Python\Python313\Lib\site-packages\pluggy\_hooks.py", line 513, in __call__
    return self._hookexec(self.name, self._hookimpls.copy(), kwargs, firstresult)
           │    │         │    │     │    │                  │       └ True
           │    │         │    │     │    │                  └ {'item': <Coroutine test_verify_registration_success>, 'nextitem': None}
           │    │         │    │     │    └ <member '_hookimpls' of 'HookCaller' objects>
           │    │         │    │     └ <HookCaller 'pytest_runtest_protocol'>
           │    │         │    └ <member 'name' of 'HookCaller' objects>
           │    │         └ <HookCaller 'pytest_runtest_protocol'>
           │    └ <member '_hookexec' of 'HookCaller' objects>
           └ <HookCaller 'pytest_runtest_protocol'>
  File "C:\Users\Chane\AppData\Local\Programs\Python\Python313\Lib\site-packages\pluggy\_manager.py", line 120, in _hookexec
    return self._inner_hookexec(hook_name, methods, kwargs, firstresult)
           │    │               │          │        │       └ True
           │    │               │          │        └ {'item': <Coroutine test_verify_registration_success>, 'nextitem': None}
           │    │               │          └ [<HookImpl plugin_name='runner', plugin=<module '_pytest.runner' from 'C:\\Users\\Chane\\AppData\\Local\\Programs\\Python\\Py...
           │    │               └ 'pytest_runtest_protocol'
           │    └ <function _multicall at 0x0000023FF30CF9C0>
           └ <_pytest.config.PytestPluginManager object at 0x0000023FF3833E00>
  File "C:\Users\Chane\AppData\Local\Programs\Python\Python313\Lib\site-packages\pluggy\_callers.py", line 103, in _multicall
    res = hook_impl.function(*args)
          │         │         └ [<Coroutine test_verify_registration_success>, None]
          │         └ <member 'function' of 'HookImpl' objects>
          └ <HookImpl plugin_name='runner', plugin=<module '_pytest.runner' from 'C:\\Users\\Chane\\AppData\\Local\\Programs\\Python\\Pyt...
  File "C:\Users\Chane\AppData\Local\Programs\Python\Python313\Lib\site-packages\_pytest\runner.py", line 113, in pytest_runtest_protocol
    runtestprotocol(item, nextitem=nextitem)
    │               │              └ None
    │               └ <Coroutine test_verify_registration_success>
    └ <function runtestprotocol at 0x0000023FF3798040>
  File "C:\Users\Chane\AppData\Local\Programs\Python\Python313\Lib\site-packages\_pytest\runner.py", line 132, in runtestprotocol
    reports.append(call_and_report(item, "call", log))
    │       │      │               │             └ True
    │       │      │               └ <Coroutine test_verify_registration_success>
    │       │      └ <function call_and_report at 0x0000023FF37984A0>
    │       └ <method 'append' of 'list' objects>
    └ [<TestReport 'tests/auth_test.py::test_verify_registration_success' when='setup' outcome='passed'>]
  File "C:\Users\Chane\AppData\Local\Programs\Python\Python313\Lib\site-packages\_pytest\runner.py", line 241, in call_and_report
    call = CallInfo.from_call(
           │        └ <classmethod(<function CallInfo.from_call at 0x0000023FF37987C0>)>
           └ <class '_pytest.runner.CallInfo'>
  File "C:\Users\Chane\AppData\Local\Programs\Python\Python313\Lib\site-packages\_pytest\runner.py", line 341, in from_call
    result: TResult | None = func()
            │                └ <function call_and_report.<locals>.<lambda> at 0x0000023FFD74BB00>
            └ +TResult
  File "C:\Users\Chane\AppData\Local\Programs\Python\Python313\Lib\site-packages\_pytest\runner.py", line 242, in <lambda>
    lambda: runtest_hook(item=item, **kwds), when=when, reraise=reraise
            │                 │       └ {}
            │                 └ <Coroutine test_verify_registration_success>
            └ <HookCaller 'pytest_runtest_call'>
  File "C:\Users\Chane\AppData\Local\Programs\Python\Python313\Lib\site-packages\pluggy\_hooks.py", line 513, in __call__
    return self._hookexec(self.name, self._hookimpls.copy(), kwargs, firstresult)
           │    │         │    │     │    │                  │       └ False
           │    │         │    │     │    │                  └ {'item': <Coroutine test_verify_registration_success>}
           │    │         │    │     │    └ <member '_hookimpls' of 'HookCaller' objects>
           │    │         │    │     └ <HookCaller 'pytest_runtest_call'>
           │    │         │    └ <member 'name' of 'HookCaller' objects>
           │    │         └ <HookCaller 'pytest_runtest_call'>
           │    └ <member '_hookexec' of 'HookCaller' objects>
           └ <HookCaller 'pytest_runtest_call'>
  File "C:\Users\Chane\AppData\Local\Programs\Python\Python313\Lib\site-packages\pluggy\_manager.py", line 120, in _hookexec
    return self._inner_hookexec(hook_name, methods, kwargs, firstresult)
           │    │               │          │        │       └ False
           │    │               │          │        └ {'item': <Coroutine test_verify_registration_success>}
           │    │               │          └ [<HookImpl plugin_name='runner', plugin=<module '_pytest.runner' from 'C:\\Users\\Chane\\AppData\\Local\\Programs\\Python\\Py...
           │    │               └ 'pytest_runtest_call'
           │    └ <function _multicall at 0x0000023FF30CF9C0>
           └ <_pytest.config.PytestPluginManager object at 0x0000023FF3833E00>
  File "C:\Users\Chane\AppData\Local\Programs\Python\Python313\Lib\site-packages\pluggy\_callers.py", line 103, in _multicall
    res = hook_impl.function(*args)
          │         │         └ [<Coroutine test_verify_registration_success>]
          │         └ <member 'function' of 'HookImpl' objects>
          └ <HookImpl plugin_name='runner', plugin=<module '_pytest.runner' from 'C:\\Users\\Chane\\AppData\\Local\\Programs\\Python\\Pyt...
  File "C:\Users\Chane\AppData\Local\Programs\Python\Python313\Lib\site-packages\_pytest\runner.py", line 174, in pytest_runtest_call
    item.runtest()
    │    └ <function PytestAsyncioFunction.runtest at 0x0000023FF55F0F40>
    └ <Coroutine test_verify_registration_success>
  File "C:\Users\Chane\AppData\Local\Programs\Python\Python313\Lib\site-packages\pytest_asyncio\plugin.py", line 469, in runtest
    super().runtest()
  File "C:\Users\Chane\AppData\Local\Programs\Python\Python313\Lib\site-packages\_pytest\python.py", line 1627, in runtest
    self.ihook.pytest_pyfunc_call(pyfuncitem=self)
    │    │                                   └ <Coroutine test_verify_registration_success>
    │    └ <property object at 0x0000023FF373D530>
    └ <Coroutine test_verify_registration_success>
  File "C:\Users\Chane\AppData\Local\Programs\Python\Python313\Lib\site-packages\pluggy\_hooks.py", line 513, in __call__
    return self._hookexec(self.name, self._hookimpls.copy(), kwargs, firstresult)
           │    │         │    │     │    │                  │       └ True
           │    │         │    │     │    │                  └ {'pyfuncitem': <Coroutine test_verify_registration_success>}
           │    │         │    │     │    └ <member '_hookimpls' of 'HookCaller' objects>
           │    │         │    │     └ <HookCaller 'pytest_pyfunc_call'>
           │    │         │    └ <member 'name' of 'HookCaller' objects>
           │    │         └ <HookCaller 'pytest_pyfunc_call'>
           │    └ <member '_hookexec' of 'HookCaller' objects>
           └ <HookCaller 'pytest_pyfunc_call'>
  File "C:\Users\Chane\AppData\Local\Programs\Python\Python313\Lib\site-packages\pluggy\_manager.py", line 120, in _hookexec
    return self._inner_hookexec(hook_name, methods, kwargs, firstresult)
           │    │               │          │        │       └ True
           │    │               │          │        └ {'pyfuncitem': <Coroutine test_verify_registration_success>}
           │    │               │          └ [<HookImpl plugin_name='python', plugin=<module '_pytest.python' from 'C:\\Users\\Chane\\AppData\\Local\\Programs\\Python\\Py...
           │    │               └ 'pytest_pyfunc_call'
           │    └ <function _multicall at 0x0000023FF30CF9C0>
           └ <_pytest.config.PytestPluginManager object at 0x0000023FF3833E00>
  File "C:\Users\Chane\AppData\Local\Programs\Python\Python313\Lib\site-packages\pluggy\_callers.py", line 103, in _multicall
    res = hook_impl.function(*args)
          │         │         └ [<Coroutine test_verify_registration_success>]
          │         └ <member 'function' of 'HookImpl' objects>
          └ <HookImpl plugin_name='python', plugin=<module '_pytest.python' from 'C:\\Users\\Chane\\AppData\\Local\\Programs\\Python\\Pyt...
  File "C:\Users\Chane\AppData\Local\Programs\Python\Python313\Lib\site-packages\_pytest\python.py", line 159, in pytest_pyfunc_call
    result = testfunction(**testargs)
             │              └ {'client': <httpx.AsyncClient object at 0x0000023FFD6D4690>, 'redis_test_client': <redis.asyncio.client.Redis(<redis.asyncio....
             └ <function test_verify_registration_success at 0x0000023FFD7D0220>
  File "C:\Users\Chane\AppData\Local\Programs\Python\Python313\Lib\site-packages\pytest_asyncio\plugin.py", line 716, in inner
    runner.run(coro, context=context)
    │      │   │             └ <_contextvars.Context object at 0x0000023FFD5287C0>
    │      │   └ <coroutine object test_verify_registration_success at 0x0000023FFD698EE0>
    │      └ <function Runner.run at 0x0000023FF5580860>
    └ <asyncio.runners.Runner object at 0x0000023FFD759950>
  File "C:\Users\Chane\AppData\Local\Programs\Python\Python313\Lib\asyncio\runners.py", line 118, in run
    return self._loop.run_until_complete(task)
           │    │     │                  └ <Task pending name='Task-14' coro=<test_verify_registration_success() running at e:\dev\share_it\back-end\tests\auth_test.py:...
           │    │     └ <function BaseEventLoop.run_until_complete at 0x0000023FF557E2A0>
           │    └ <ProactorEventLoop running=True closed=False debug=False>
           └ <asyncio.runners.Runner object at 0x0000023FFD759950>
  File "C:\Users\Chane\AppData\Local\Programs\Python\Python313\Lib\asyncio\base_events.py", line 712, in run_until_complete
    self.run_forever()
    │    └ <function BaseEventLoop.run_forever at 0x0000023FF557E200>
    └ <ProactorEventLoop running=True closed=False debug=False>
  File "C:\Users\Chane\AppData\Local\Programs\Python\Python313\Lib\asyncio\base_events.py", line 683, in run_forever
    self._run_once()
    │    └ <function BaseEventLoop._run_once at 0x0000023FF5580040>
    └ <ProactorEventLoop running=True closed=False debug=False>
  File "C:\Users\Chane\AppData\Local\Programs\Python\Python313\Lib\asyncio\base_events.py", line 2040, in _run_once
    handle._run()
    │      └ <function Handle._run at 0x0000023FF550D8A0>
    └ <Handle Task.task_wakeup()>
  File "C:\Users\Chane\AppData\Local\Programs\Python\Python313\Lib\asyncio\events.py", line 89, in _run
    self._context.run(self._callback, *self._args)
    │    │            │    │           │    └ <member '_args' of 'Handle' objects>
    │    │            │    │           └ <Handle Task.task_wakeup()>
    │    │            │    └ <member '_callback' of 'Handle' objects>
    │    │            └ <Handle Task.task_wakeup()>
    │    └ <member '_context' of 'Handle' objects>
    └ <Handle Task.task_wakeup()>
  File "C:\Users\Chane\AppData\Local\Programs\Python\Python313\Lib\site-packages\starlette\middleware\base.py", line 144, in coro
    await self.app(scope, receive_or_disconnect, send_no_error)
          │    │   │      │                      └ <function BaseHTTPMiddleware.__call__.<locals>.call_next.<locals>.send_no_error at 0x0000023FFD8CDDA0>
          │    │   │      └ <function BaseHTTPMiddleware.__call__.<locals>.call_next.<locals>.receive_or_disconnect at 0x0000023FFD6B3740>
          │    │   └ {'type': 'http', 'asgi': {'version': '3.0'}, 'http_version': '1.1', 'method': 'POST', 'headers': [(b'host', b'test'), (b'acce...
          │    └ <starlette.middleware.exceptions.ExceptionMiddleware object at 0x0000023FFD6A2E40>
          └ <slowapi.middleware.SlowAPIMiddleware object at 0x0000023FFD6A2F90>
  File "C:\Users\Chane\AppData\Local\Programs\Python\Python313\Lib\site-packages\starlette\middleware\exceptions.py", line 63, in __call__
    await wrap_app_handling_exceptions(self.app, conn)(scope, receive, send)
          │                            │    │    │     │      │        └ <function BaseHTTPMiddleware.__call__.<locals>.call_next.<locals>.send_no_error at 0x0000023FFD8CDDA0>
          │                            │    │    │     │      └ <function BaseHTTPMiddleware.__call__.<locals>.call_next.<locals>.receive_or_disconnect at 0x0000023FFD6B3740>
          │                            │    │    │     └ {'type': 'http', 'asgi': {'version': '3.0'}, 'http_version': '1.1', 'method': 'POST', 'headers': [(b'host', b'test'), (b'acce...
          │                            │    │    └ <starlette.requests.Request object at 0x0000023FFD75B250>
          │                            │    └ <fastapi.middleware.asyncexitstack.AsyncExitStackMiddleware object at 0x0000023FFD6A2CF0>
          │                            └ <starlette.middleware.exceptions.ExceptionMiddleware object at 0x0000023FFD6A2E40>
          └ <function wrap_app_handling_exceptions at 0x0000023FF904AD40>
  File "C:\Users\Chane\AppData\Local\Programs\Python\Python313\Lib\site-packages\starlette\_exception_handler.py", line 42, in wrapped_app
    await app(scope, receive, sender)
          │   │      │        └ <function wrap_app_handling_exceptions.<locals>.wrapped_app.<locals>.sender at 0x0000023FFD8CDA80>
          │   │      └ <function BaseHTTPMiddleware.__call__.<locals>.call_next.<locals>.receive_or_disconnect at 0x0000023FFD6B3740>
          │   └ {'type': 'http', 'asgi': {'version': '3.0'}, 'http_version': '1.1', 'method': 'POST', 'headers': [(b'host', b'test'), (b'acce...
          └ <fastapi.middleware.asyncexitstack.AsyncExitStackMiddleware object at 0x0000023FFD6A2CF0>
  File "C:\Users\Chane\AppData\Local\Programs\Python\Python313\Lib\site-packages\fastapi\middleware\asyncexitstack.py", line 18, in __call__
    await self.app(scope, receive, send)
          │    │   │      │        └ <function wrap_app_handling_exceptions.<locals>.wrapped_app.<locals>.sender at 0x0000023FFD8CDA80>
          │    │   │      └ <function BaseHTTPMiddleware.__call__.<locals>.call_next.<locals>.receive_or_disconnect at 0x0000023FFD6B3740>
          │    │   └ {'type': 'http', 'asgi': {'version': '3.0'}, 'http_version': '1.1', 'method': 'POST', 'headers': [(b'host', b'test'), (b'acce...
          │    └ <fastapi.routing.APIRouter object at 0x0000023FFD61F2F0>
          └ <fastapi.middleware.asyncexitstack.AsyncExitStackMiddleware object at 0x0000023FFD6A2CF0>
  File "C:\Users\Chane\AppData\Local\Programs\Python\Python313\Lib\site-packages\starlette\routing.py", line 716, in __call__
    await self.middleware_stack(scope, receive, send)
          │    │                │      │        └ <function wrap_app_handling_exceptions.<locals>.wrapped_app.<locals>.sender at 0x0000023FFD8CDA80>
          │    │                │      └ <function BaseHTTPMiddleware.__call__.<locals>.call_next.<locals>.receive_or_disconnect at 0x0000023FFD6B3740>
          │    │                └ {'type': 'http', 'asgi': {'version': '3.0'}, 'http_version': '1.1', 'method': 'POST', 'headers': [(b'host', b'test'), (b'acce...
          │    └ <bound method Router.app of <fastapi.routing.APIRouter object at 0x0000023FFD61F2F0>>
          └ <fastapi.routing.APIRouter object at 0x0000023FFD61F2F0>
  File "C:\Users\Chane\AppData\Local\Programs\Python\Python313\Lib\site-packages\starlette\routing.py", line 736, in app
    await route.handle(scope, receive, send)
          │     │      │      │        └ <function wrap_app_handling_exceptions.<locals>.wrapped_app.<locals>.sender at 0x0000023FFD8CDA80>
          │     │      │      └ <function BaseHTTPMiddleware.__call__.<locals>.call_next.<locals>.receive_or_disconnect at 0x0000023FFD6B3740>
          │     │      └ {'type': 'http', 'asgi': {'version': '3.0'}, 'http_version': '1.1', 'method': 'POST', 'headers': [(b'host', b'test'), (b'acce...
          │     └ <function Route.handle at 0x0000023FF90785E0>
          └ APIRoute(path='/auth/verify_challenge', name='verify_challenge', methods=['POST'])
  File "C:\Users\Chane\AppData\Local\Programs\Python\Python313\Lib\site-packages\starlette\routing.py", line 290, in handle
    await self.app(scope, receive, send)
          │    │   │      │        └ <function wrap_app_handling_exceptions.<locals>.wrapped_app.<locals>.sender at 0x0000023FFD8CDA80>
          │    │   │      └ <function BaseHTTPMiddleware.__call__.<locals>.call_next.<locals>.receive_or_disconnect at 0x0000023FFD6B3740>
          │    │   └ {'type': 'http', 'asgi': {'version': '3.0'}, 'http_version': '1.1', 'method': 'POST', 'headers': [(b'host', b'test'), (b'acce...
          │    └ <function request_response.<locals>.app at 0x0000023FFD748C20>
          └ APIRoute(path='/auth/verify_challenge', name='verify_challenge', methods=['POST'])
  File "C:\Users\Chane\AppData\Local\Programs\Python\Python313\Lib\site-packages\fastapi\routing.py", line 125, in app
    await wrap_app_handling_exceptions(app, request)(scope, receive, send)
          │                            │    │        │      │        └ <function wrap_app_handling_exceptions.<locals>.wrapped_app.<locals>.sender at 0x0000023FFD8CDA80>
          │                            │    │        │      └ <function BaseHTTPMiddleware.__call__.<locals>.call_next.<locals>.receive_or_disconnect at 0x0000023FFD6B3740>
          │                            │    │        └ {'type': 'http', 'asgi': {'version': '3.0'}, 'http_version': '1.1', 'method': 'POST', 'headers': [(b'host', b'test'), (b'acce...
          │                            │    └ <starlette.requests.Request object at 0x0000023FFD7D5810>
          │                            └ <function request_response.<locals>.app.<locals>.app at 0x0000023FFD8CD9E0>
          └ <function wrap_app_handling_exceptions at 0x0000023FF904AD40>
  File "C:\Users\Chane\AppData\Local\Programs\Python\Python313\Lib\site-packages\starlette\_exception_handler.py", line 42, in wrapped_app
    await app(scope, receive, sender)
          │   │      │        └ <function wrap_app_handling_exceptions.<locals>.wrapped_app.<locals>.sender at 0x0000023FFD8CD8A0>
          │   │      └ <function BaseHTTPMiddleware.__call__.<locals>.call_next.<locals>.receive_or_disconnect at 0x0000023FFD6B3740>
          │   └ {'type': 'http', 'asgi': {'version': '3.0'}, 'http_version': '1.1', 'method': 'POST', 'headers': [(b'host', b'test'), (b'acce...
          └ <function request_response.<locals>.app.<locals>.app at 0x0000023FFD8CD9E0>
  File "C:\Users\Chane\AppData\Local\Programs\Python\Python313\Lib\site-packages\fastapi\routing.py", line 111, in app
    response = await f(request)
                     │ └ <starlette.requests.Request object at 0x0000023FFD7D5810>
                     └ <function get_request_handler.<locals>.app at 0x0000023FFD748AE0>
  File "C:\Users\Chane\AppData\Local\Programs\Python\Python313\Lib\site-packages\fastapi\routing.py", line 391, in app
    raw_response = await run_endpoint_function(
                         └ <function run_endpoint_function at 0x0000023FF907A480>
> File "C:\Users\Chane\AppData\Local\Programs\Python\Python313\Lib\site-packages\fastapi\routing.py", line 290, in run_endpoint_function
    return await dependant.call(**values)
                 │         │      └ {'db': <sqlalchemy.ext.asyncio.session.AsyncSession object at 0x0000023FFD8416D0>, 'data': VerifyRequest(user_id=None, public...
                 │         └ <function verify_challenge at 0x0000023FFD6B2980>
                 └ Dependant(path_params=[], query_params=[], header_params=[], cookie_params=[], body_params=[ModelField(field_info=Body(Pydant...

  File "E:\dev\share_it\back-end\routers\auth_router.py", line 76, in verify_challenge
    stored_nonce = await redis.get(redis_key)
                         │     │   └ 'auth:nonce:pk:b4d15675e1e2011cce85a129fc67bcdc20bd15360c96d314e3fb798a8142c351'
                         │     └ <function BasicKeyCommands.get at 0x0000023FF8AB60C0>
                         └ <redis.asyncio.client.Redis(<redis.asyncio.connection.ConnectionPool(<redis.asyncio.connection.Connection(encoding=utf-8,deco...

  File "C:\Users\Chane\AppData\Local\Programs\Python\Python313\Lib\site-packages\redis\asyncio\client.py", line 781, in execute_command
    result = await conn.retry.call_with_retry(
                   │    │     └ <function Retry.call_with_retry at 0x0000023FF898CE00>
                   │    └ <redis.asyncio.retry.Retry object at 0x0000023FFD840E10>
                   └ <redis.asyncio.connection.Connection(host=127.0.0.1,port=6379,db=0)>
  File "C:\Users\Chane\AppData\Local\Programs\Python\Python313\Lib\site-packages\redis\asyncio\retry.py", line 69, in call_with_retry
    return await do()
                 └ <function Redis.execute_command.<locals>.<lambda> at 0x0000023FFD8CCAE0>
  File "C:\Users\Chane\AppData\Local\Programs\Python\Python313\Lib\site-packages\redis\asyncio\client.py", line 721, in _send_command_parse_response
    await conn.send_command(*args)
          │    │             └ ('GET', 'auth:nonce:pk:b4d15675e1e2011cce85a129fc67bcdc20bd15360c96d314e3fb798a8142c351')
          │    └ <function AbstractConnection.send_command at 0x0000023FF89FD6C0>
          └ <redis.asyncio.connection.Connection(host=127.0.0.1,port=6379,db=0)>
  File "C:\Users\Chane\AppData\Local\Programs\Python\Python313\Lib\site-packages\redis\asyncio\connection.py", line 694, in send_command
    await self.send_packed_command(
          │    └ <function AbstractConnection.send_packed_command at 0x0000023FF89FD620>
          └ <redis.asyncio.connection.Connection(host=127.0.0.1,port=6379,db=0)>
  File "C:\Users\Chane\AppData\Local\Programs\Python\Python313\Lib\site-packages\redis\asyncio\connection.py", line 689, in send_packed_command
    await self.disconnect(nowait=True)
          │    └ <function AbstractConnection.disconnect at 0x0000023FF89FD300>
          └ <redis.asyncio.connection.Connection(host=127.0.0.1,port=6379,db=0)>
  File "C:\Users\Chane\AppData\Local\Programs\Python\Python313\Lib\site-packages\redis\asyncio\connection.py", line 585, in disconnect
    self._writer.close()  # type: ignore[union-attr]
    │    └ <member '_writer' of 'AbstractConnection' objects>
    └ <redis.asyncio.connection.Connection(host=127.0.0.1,port=6379,db=0)>
  File "C:\Users\Chane\AppData\Local\Programs\Python\Python313\Lib\asyncio\streams.py", line 352, in close
    return self._transport.close()
           │    │          └ <function _ProactorBasePipeTransport.close at 0x0000023FF55A2CA0>
           │    └ <_ProactorSocketTransport closing fd=1096 read=<_OverlappedFuture cancelled>>
           └ <StreamWriter transport=<_ProactorSocketTransport closing fd=1096 read=<_OverlappedFuture cancelled>> reader=<StreamReader tr...
  File "C:\Users\Chane\AppData\Local\Programs\Python\Python313\Lib\asyncio\proactor_events.py", line 109, in close
    self._loop.call_soon(self._call_connection_lost, None)
    │    │               │    └ <function _ProactorBasePipeTransport._call_connection_lost at 0x0000023FF55A2F20>
    │    │               └ <_ProactorSocketTransport closing fd=1096 read=<_OverlappedFuture cancelled>>
    │    └ <member '_loop' of '_FlowControlMixin' objects>
    └ <_ProactorSocketTransport closing fd=1096 read=<_OverlappedFuture cancelled>>
  File "C:\Users\Chane\AppData\Local\Programs\Python\Python313\Lib\asyncio\base_events.py", line 833, in call_soon
    self._check_closed()
    │    └ <function BaseEventLoop._check_closed at 0x0000023FF557DBC0>
    └ <ProactorEventLoop running=False closed=True debug=False>
  File "C:\Users\Chane\AppData\Local\Programs\Python\Python313\Lib\asyncio\base_events.py", line 556, in _check_closed
    raise RuntimeError('Event loop is closed')

RuntimeError: Event loop is closed
2026-05-03 18:18:03 | INFO     | routers.auth_router:request_challenge:42 - Challenge (login) for ID 11 generated
2026-05-03 18:19:09 | INFO     | routers.auth_router:request_challenge:42 - Challenge (login) for ID 11 generated
2026-05-03 18:19:51 | INFO     | routers.auth_router:request_challenge:42 - Challenge (login) for ID 11 generated
2026-05-03 18:20:14 | INFO     | routers.auth_router:request_challenge:42 - Challenge (login) for ID 11 generated
2026-05-03 18:23:30 | INFO     | routers.auth_router:request_challenge:42 - Challenge (login) for ID 11 generated
2026-05-03 18:24:22 | INFO     | routers.auth_router:request_challenge:42 - Challenge (login) for ID 11 generated
2026-05-03 18:24:50 | INFO     | routers.auth_router:request_challenge:42 - Challenge (login) for ID 11 generated
2026-05-03 18:25:15 | INFO     | routers.auth_router:request_challenge:42 - Challenge (login) for ID 11 generated
2026-05-03 18:25:49 | INFO     | routers.auth_router:request_challenge:42 - Challenge (login) for ID 11 generated
2026-05-03 18:26:20 | INFO     | routers.auth_router:request_challenge:42 - Challenge (login) for ID 11 generated
2026-05-03 18:26:20 | INFO     | routers.auth_router:verify_challenge:114 - New user 74 registered
2026-05-03 18:26:48 | INFO     | routers.auth_router:request_challenge:42 - Challenge (login) for ID 11 generated
2026-05-03 18:26:48 | INFO     | routers.auth_router:verify_challenge:114 - New user 75 registered
2026-05-03 18:29:57 | INFO     | routers.auth_router:request_challenge:42 - Challenge (login) for ID 11 generated
2026-05-03 18:29:57 | INFO     | routers.auth_router:verify_challenge:114 - New user 82 registered
2026-05-03 18:33:05 | INFO     | routers.auth_router:request_challenge:42 - Challenge (login) for ID 11 generated
2026-05-03 18:33:05 | INFO     | routers.auth_router:verify_challenge:114 - New user 83 registered
2026-05-03 18:33:49 | INFO     | routers.auth_router:request_challenge:42 - Challenge (login) for ID 11 generated
2026-05-03 18:33:49 | INFO     | routers.auth_router:verify_challenge:114 - New user 84 registered
2026-05-03 18:47:30 | INFO     | routers.auth_router:request_challenge:42 - Challenge (login) for ID 11 generated
2026-05-03 18:47:30 | INFO     | routers.auth_router:verify_challenge:114 - New user 85 registered
2026-05-05 15:44:10 | INFO     | routers.auth_router:request_challenge:58 - Challenge (reg) for new PK generated
2026-05-05 15:55:14 | INFO     | routers.auth_router:request_challenge:42 - Challenge (login) for ID 92 generated
2026-05-05 16:06:52 | INFO     | routers.auth_router:request_challenge:58 - Challenge (reg) for new PK generated
2026-05-05 16:08:07 | INFO     | routers.auth_router:request_challenge:58 - Challenge (reg) for new PK generated
2026-05-05 16:13:55 | INFO     | routers.auth_router:request_challenge:58 - Challenge (reg) for new PK generated
2026-05-05 16:13:55 | INFO     | routers.auth_router:verify_challenge:115 - New user 95 registered
2026-05-05 16:15:20 | INFO     | routers.auth_router:request_challenge:58 - Challenge (reg) for new PK generated
2026-05-05 16:15:20 | INFO     | routers.auth_router:verify_challenge:115 - New user 96 registered
2026-05-05 16:17:31 | INFO     | routers.auth_router:request_challenge:32 - Challenge generated for PK: 0x944f93145E455...
2026-05-05 16:17:31 | INFO     | routers.auth_router:verify_challenge:72 - New user 97 registered via ZKP
2026-05-05 16:20:43 | INFO     | routers.auth_router:request_challenge:32 - Challenge generated for PK: 0x944f93145E455...
2026-05-05 16:20:43 | INFO     | routers.auth_router:verify_challenge:74 - User 97 logged in via ZKP
2026-05-05 16:26:05 | INFO     | routers.auth_router:request_challenge:32 - Challenge generated for PK: 0x944f93145E455...
2026-05-05 16:26:05 | INFO     | routers.auth_router:verify_challenge:74 - User 97 logged in via ZKP
2026-05-05 16:27:40 | INFO     | routers.auth_router:request_challenge:32 - Challenge generated for PK: 0x944f93145E455...
2026-05-05 16:27:40 | INFO     | routers.auth_router:verify_challenge:74 - User 97 logged in via ZKP
2026-05-05 16:31:17 | INFO     | routers.auth_router:request_challenge:32 - Challenge generated for PK: 0xFf366866cdFA8...
2026-05-05 16:31:17 | INFO     | routers.auth_router:verify_challenge:72 - New user 98 registered via ZKP
2026-05-05 16:31:33 | INFO     | routers.auth_router:request_challenge:32 - Challenge generated for PK: 0xFf366866cdFA8...
2026-05-05 16:31:33 | INFO     | routers.auth_router:verify_challenge:74 - User 98 logged in via ZKP
2026-05-05 16:32:05 | INFO     | routers.auth_router:request_challenge:32 - Challenge generated for PK: 0xFf366866cdFA8...
2026-05-05 16:32:05 | INFO     | routers.auth_router:verify_challenge:74 - User 98 logged in via ZKP
2026-05-05 16:32:20 | INFO     | routers.auth_router:request_challenge:32 - Challenge generated for PK: 0x8DDa7f64B6ea1...
2026-05-05 16:32:20 | INFO     | routers.auth_router:verify_challenge:72 - New user 99 registered via ZKP
2026-05-05 16:43:08 | INFO     | routers.auth_router:request_challenge:32 - Challenge generated for PK: 0x8DDa7f64B6ea1...
2026-05-05 16:43:08 | INFO     | routers.auth_router:verify_challenge:74 - User 99 logged in via ZKP
2026-05-05 17:07:50 | INFO     | routers.auth_router:request_challenge:32 - Challenge generated for PK: 0x9F8FaE24F081D...
2026-05-05 17:07:51 | INFO     | routers.auth_router:verify_challenge:72 - New user 100 registered via ZKP
2026-05-05 17:08:40 | INFO     | routers.auth_router:request_challenge:32 - Challenge generated for PK: 0x9F8FaE24F081D...
2026-05-05 17:08:40 | INFO     | routers.auth_router:verify_challenge:74 - User 100 logged in via ZKP
2026-05-05 21:45:06 | INFO     | routers.auth_router:request_challenge:32 - Challenge generated for PK: 0x8C763736309c7...
2026-05-05 21:45:07 | INFO     | routers.auth_router:verify_challenge:72 - New user 101 registered via ZKP
2026-05-05 21:45:31 | INFO     | routers.auth_router:request_challenge:32 - Challenge generated for PK: 0x8C763736309c7...
2026-05-05 21:45:31 | INFO     | routers.auth_router:verify_challenge:74 - User 101 logged in via ZKP
2026-05-05 21:48:39 | INFO     | routers.auth_router:request_challenge:32 - Challenge generated for PK: 0x8C763736309c7...
2026-05-05 21:48:39 | INFO     | routers.auth_router:verify_challenge:74 - User 101 logged in via ZKP
2026-05-06 16:07:19 | INFO     | routers.auth_router:request_challenge:32 - Challenge generated for PK: 0xa6769d3b6D682...
2026-05-06 16:07:20 | INFO     | routers.auth_router:verify_challenge:72 - New user 102 registered via ZKP
2026-05-06 16:38:17 | INFO     | routers.auth_router:request_challenge:32 - Challenge generated for PK: 0xa6769d3b6D682...
2026-05-06 16:38:17 | INFO     | routers.auth_router:verify_challenge:74 - User 102 logged in via ZKP
2026-05-06 17:03:37 | INFO     | routers.auth_router:request_challenge:32 - Challenge generated for PK: 0xa6769d3b6D682...
2026-05-06 17:03:37 | INFO     | routers.auth_router:verify_challenge:74 - User 102 logged in via ZKP
2026-05-06 17:06:47 | INFO     | routers.auth_router:request_challenge:32 - Challenge generated for PK: 0xa6769d3b6D682...
2026-05-06 17:06:47 | INFO     | routers.auth_router:verify_challenge:74 - User 102 logged in via ZKP
2026-05-06 17:09:57 | INFO     | routers.auth_router:request_challenge:32 - Challenge generated for PK: 0xa6769d3b6D682...
2026-05-06 17:09:57 | INFO     | routers.auth_router:verify_challenge:74 - User 102 logged in via ZKP
2026-05-06 20:12:39 | INFO     | routers.auth_router:request_challenge:32 - Challenge generated for PK: 0xa6769d3b6D682...
2026-05-06 20:12:39 | INFO     | routers.auth_router:verify_challenge:74 - User 102 logged in via ZKP
2026-05-06 20:28:35 | INFO     | routers.auth_router:request_challenge:32 - Challenge generated for PK: 0xa6769d3b6D682...
2026-05-06 20:28:35 | INFO     | routers.auth_router:verify_challenge:74 - User 102 logged in via ZKP
2026-05-06 20:39:20 | INFO     | routers.auth_router:telegram:108 - Telegram link generated for user 1: https://t.me/assist_me_please_P_bot?start=41782986
2026-05-06 20:42:14 | INFO     | routers.auth_router:request_challenge:33 - Challenge generated for PK: 0xa6769d3b6D682...
2026-05-06 20:42:15 | INFO     | routers.auth_router:verify_challenge:75 - User 102 logged in via ZKP
2026-05-06 20:43:48 | INFO     | routers.auth_router:request_challenge:33 - Challenge generated for PK: 0xa6769d3b6D682...
2026-05-06 20:43:48 | INFO     | routers.auth_router:verify_challenge:75 - User 102 logged in via ZKP
2026-05-06 20:46:47 | INFO     | routers.auth_router:telegram:108 - Telegram link generated for user 102: https://t.me/assist_me_please_P_bot?start=91f9e830
2026-05-06 20:47:11 | INFO     | routers.auth_router:telegram:108 - Telegram link generated for user 102: https://t.me/assist_me_please_P_bot?start=826ad7aa
2026-05-06 21:00:16 | INFO     | routers.auth_router:telegram:108 - Telegram link generated for user 102: https://t.me/assist_me_please_P_bot?start=29abc223
2026-05-06 21:03:06 | INFO     | routers.auth_router:telegram:108 - Telegram link generated for user 102: https://t.me/assist_me_please_P_bot?start=f3b630c6
2026-05-06 21:05:37 | INFO     | routers.auth_router:telegram:108 - Telegram link generated for user 102: https://t.me/assist_me_please_P_bot?start=b6cc0427
2026-05-06 21:08:07 | INFO     | routers.auth_router:telegram:108 - Telegram link generated for user 102: https://t.me/assist_me_please_P_bot?start=46366457
2026-05-06 21:11:49 | INFO     | routers.auth_router:telegram:108 - Telegram link generated for user 102: https://t.me/assist_me_please_P_bot?start=dfb24eec
2026-05-06 21:15:09 | INFO     | routers.auth_router:telegram:108 - Telegram link generated for user 102: https://t.me/assist_me_please_P_bot?start=9ee722ab
2026-05-06 21:16:21 | INFO     | routers.auth_router:telegram:108 - Telegram link generated for user 102: https://t.me/assist_me_please_P_bot?start=709d56c1
2026-05-06 21:16:48 | INFO     | routers.auth_router:telegram:108 - Telegram link generated for user 102: https://t.me/assist_me_please_P_bot?start=f090574a
2026-05-06 21:18:50 | INFO     | routers.auth_router:telegram:108 - Telegram link generated for user 102: https://t.me/assist_me_please_P_bot?start=bde4eb22
2026-05-06 21:19:26 | INFO     | routers.auth_router:telegram:108 - Telegram link generated for user 102: https://t.me/assist_me_please_P_bot?start=0976117f
2026-05-06 21:21:22 | INFO     | routers.auth_router:telegram:110 - Telegram link generated for user 102: https://t.me/assist_me_please_P_bot?start=2ed57bbf
2026-05-06 21:22:11 | INFO     | routers.auth_router:telegram:110 - Telegram link generated for user 102: https://t.me/assist_me_please_P_bot?start=bf1e0f2a
2026-05-06 21:22:28 | INFO     | routers.auth_router:telegram:110 - Telegram link generated for user 102: https://t.me/assist_me_please_P_bot?start=b5a72b40
2026-05-06 21:23:03 | INFO     | routers.auth_router:telegram:110 - Telegram link generated for user 102: https://t.me/assist_me_please_P_bot?start=be82c02b
2026-05-06 21:25:19 | INFO     | routers.auth_router:telegram:108 - Telegram link generated for user 102: https://t.me/assist_me_please_P_bot?start=d19a5242
2026-05-06 21:26:06 | INFO     | routers.auth_router:telegram:108 - Telegram link generated for user 102: https://t.me/assist_me_please_P_bot?start=15b16fb6
2026-05-06 21:29:38 | INFO     | routers.auth_router:telegram:108 - Telegram link generated for user 102: https://t.me/assist_me_please_P_bot?start=16b2da2b
2026-05-06 21:38:21 | INFO     | routers.auth_router:telegram:108 - Telegram link generated for user 102: https://t.me/assist_me_please_P_bot?start=ebde3ce7
2026-05-06 21:40:14 | INFO     | routers.auth_router:telegram:108 - Telegram link generated for user 102: https://t.me/assist_me_please_P_bot?start=71ef7a81
2026-05-06 22:33:32 | INFO     | routers.auth_router:request_challenge:33 - Challenge generated for PK: 0x8828D59F206D0...
2026-05-06 22:33:32 | INFO     | routers.auth_router:verify_challenge:73 - New user 103 registered via ZKP
2026-05-06 22:33:45 | INFO     | routers.auth_router:telegram:108 - Telegram link generated for user 103: https://t.me/assist_me_please_P_bot?start=6b9e3112
2026-05-06 22:37:47 | INFO     | routers.auth_router:request_challenge:33 - Challenge generated for PK: 0x8828D59F206D0...
2026-05-06 22:37:47 | INFO     | routers.auth_router:verify_challenge:75 - User 103 logged in via ZKP
2026-05-06 22:59:05 | INFO     | routers.auth_router:request_challenge:33 - Challenge generated for PK: 0x8828D59F206D0...
2026-05-06 22:59:05 | INFO     | routers.auth_router:verify_challenge:75 - User 103 logged in via ZKP
2026-05-08 21:47:03 | INFO     | routers.auth_router:request_challenge:33 - Challenge generated for PK: 0x8828D59F206D0...
2026-05-08 21:47:03 | INFO     | routers.auth_router:verify_challenge:75 - User 103 logged in via ZKP
2026-05-08 21:48:38 | INFO     | routers.auth_router:request_challenge:33 - Challenge generated for PK: 0xa6769d3b6D682...
2026-05-08 21:48:38 | INFO     | routers.auth_router:verify_challenge:75 - User 102 logged in via ZKP
2026-05-08 21:54:29 | INFO     | routers.auth_router:request_challenge:33 - Challenge generated for PK: 0xa6769d3b6D682...
2026-05-08 21:54:29 | INFO     | routers.auth_router:verify_challenge:75 - User 102 logged in via ZKP
2026-05-08 21:56:05 | INFO     | routers.auth_router:request_challenge:33 - Challenge generated for PK: 0xa6769d3b6D682...
2026-05-08 21:56:05 | INFO     | routers.auth_router:verify_challenge:75 - User 102 logged in via ZKP
2026-05-08 21:57:28 | INFO     | routers.auth_router:request_challenge:33 - Challenge generated for PK: 0xa6769d3b6D682...
2026-05-08 21:57:28 | INFO     | routers.auth_router:verify_challenge:75 - User 102 logged in via ZKP
2026-05-08 22:01:54 | INFO     | routers.auth_router:request_challenge:33 - Challenge generated for PK: 0xa6769d3b6D682...
2026-05-08 22:01:55 | INFO     | routers.auth_router:verify_challenge:75 - User 102 logged in via ZKP
2026-05-08 22:18:52 | INFO     | routers.auth_router:request_challenge:33 - Challenge generated for PK: 0xa6769d3b6D682...
2026-05-08 22:18:52 | INFO     | routers.auth_router:request_challenge:33 - Challenge generated for PK: 0xa6769d3b6D682...
2026-05-08 22:18:52 | INFO     | routers.auth_router:verify_challenge:75 - User 102 logged in via ZKP
2026-05-08 22:20:38 | INFO     | routers.auth_router:request_challenge:33 - Challenge generated for PK: 0xa6769d3b6D682...
2026-05-08 22:20:38 | INFO     | routers.auth_router:verify_challenge:75 - User 102 logged in via ZKP
2026-05-08 22:23:16 | INFO     | routers.auth_router:request_challenge:33 - Challenge generated for PK: 0xa6769d3b6D682...
2026-05-08 22:23:16 | INFO     | routers.auth_router:verify_challenge:75 - User 102 logged in via ZKP
2026-05-08 22:24:01 | INFO     | routers.auth_router:request_challenge:33 - Challenge generated for PK: 0xa6769d3b6D682...
2026-05-08 22:24:01 | INFO     | routers.auth_router:verify_challenge:75 - User 102 logged in via ZKP
2026-05-08 22:27:38 | INFO     | routers.auth_router:request_challenge:33 - Challenge generated for PK: 0xa6769d3b6D682...
2026-05-08 22:27:38 | INFO     | routers.auth_router:verify_challenge:75 - User 102 logged in via ZKP
2026-05-08 22:28:56 | INFO     | routers.auth_router:request_challenge:33 - Challenge generated for PK: 0xa6769d3b6D682...
2026-05-08 22:28:56 | INFO     | routers.auth_router:verify_challenge:75 - User 102 logged in via ZKP
2026-05-08 22:29:17 | INFO     | routers.auth_router:request_challenge:33 - Challenge generated for PK: 0xa6769d3b6D682...
2026-05-08 22:29:17 | INFO     | routers.auth_router:verify_challenge:75 - User 102 logged in via ZKP
2026-05-08 22:30:34 | INFO     | routers.auth_router:request_challenge:33 - Challenge generated for PK: 0xa6769d3b6D682...
2026-05-08 22:30:34 | INFO     | routers.auth_router:verify_challenge:75 - User 102 logged in via ZKP
2026-05-08 22:32:09 | INFO     | routers.auth_router:request_challenge:33 - Challenge generated for PK: 0xa6769d3b6D682...
2026-05-08 22:32:09 | INFO     | routers.auth_router:verify_challenge:75 - User 102 logged in via ZKP
2026-05-08 22:32:51 | INFO     | routers.auth_router:request_challenge:33 - Challenge generated for PK: 0xa6769d3b6D682...
2026-05-08 22:32:51 | INFO     | routers.auth_router:verify_challenge:75 - User 102 logged in via ZKP
2026-05-08 22:36:53 | INFO     | routers.auth_router:request_challenge:33 - Challenge generated for PK: 0xa6769d3b6D682...
2026-05-08 22:36:53 | INFO     | routers.auth_router:verify_challenge:75 - User 102 logged in via ZKP
2026-05-08 22:38:13 | INFO     | routers.auth_router:request_challenge:33 - Challenge generated for PK: 0xa6769d3b6D682...
2026-05-08 22:38:13 | INFO     | routers.auth_router:verify_challenge:75 - User 102 logged in via ZKP
2026-05-08 22:39:13 | INFO     | routers.auth_router:request_challenge:33 - Challenge generated for PK: 0xa6769d3b6D682...
2026-05-08 22:39:13 | INFO     | routers.auth_router:verify_challenge:75 - User 102 logged in via ZKP
2026-05-08 22:41:19 | INFO     | routers.auth_router:request_challenge:33 - Challenge generated for PK: 0xa6769d3b6D682...
2026-05-08 22:41:19 | INFO     | routers.auth_router:verify_challenge:75 - User 102 logged in via ZKP
2026-05-08 22:42:56 | INFO     | routers.auth_router:request_challenge:33 - Challenge generated for PK: 0xa6769d3b6D682...
2026-05-08 22:42:56 | INFO     | routers.auth_router:verify_challenge:75 - User 102 logged in via ZKP
2026-05-08 22:45:57 | INFO     | routers.auth_router:request_challenge:33 - Challenge generated for PK: 0xa6769d3b6D682...
2026-05-08 22:45:58 | INFO     | routers.auth_router:verify_challenge:75 - User 102 logged in via ZKP
2026-05-08 22:47:18 | INFO     | routers.auth_router:request_challenge:33 - Challenge generated for PK: 0xa6769d3b6D682...
2026-05-08 22:47:18 | INFO     | routers.auth_router:verify_challenge:75 - User 102 logged in via ZKP
2026-05-08 22:49:12 | INFO     | routers.auth_router:request_challenge:33 - Challenge generated for PK: 0xa6769d3b6D682...
2026-05-08 22:49:12 | INFO     | routers.auth_router:verify_challenge:75 - User 102 logged in via ZKP
2026-05-08 22:49:58 | INFO     | routers.auth_router:request_challenge:33 - Challenge generated for PK: 0xa6769d3b6D682...
2026-05-08 22:49:58 | INFO     | routers.auth_router:verify_challenge:75 - User 102 logged in via ZKP
2026-05-08 22:51:33 | INFO     | routers.auth_router:request_challenge:33 - Challenge generated for PK: 0xa6769d3b6D682...
2026-05-08 22:51:33 | INFO     | routers.auth_router:verify_challenge:75 - User 102 logged in via ZKP
2026-05-08 22:53:58 | INFO     | routers.auth_router:request_challenge:33 - Challenge generated for PK: 0xa6769d3b6D682...
2026-05-08 22:53:59 | INFO     | routers.auth_router:verify_challenge:75 - User 102 logged in via ZKP
2026-05-08 22:56:22 | INFO     | routers.auth_router:request_challenge:33 - Challenge generated for PK: 0xa6769d3b6D682...
2026-05-08 22:56:22 | INFO     | routers.auth_router:verify_challenge:75 - User 102 logged in via ZKP
2026-05-08 22:58:04 | INFO     | routers.auth_router:request_challenge:33 - Challenge generated for PK: 0xa6769d3b6D682...
2026-05-08 22:58:04 | INFO     | routers.auth_router:verify_challenge:75 - User 102 logged in via ZKP
2026-05-08 23:01:04 | INFO     | routers.auth_router:request_challenge:33 - Challenge generated for PK: 0xa6769d3b6D682...
2026-05-08 23:01:04 | INFO     | routers.auth_router:verify_challenge:75 - User 102 logged in via ZKP
2026-05-08 23:02:50 | INFO     | routers.auth_router:request_challenge:33 - Challenge generated for PK: 0xa6769d3b6D682...
2026-05-08 23:02:50 | INFO     | routers.auth_router:verify_challenge:75 - User 102 logged in via ZKP
2026-05-09 12:07:39 | INFO     | routers.auth_router:request_challenge:33 - Challenge generated for PK: 0xa6769d3b6D682...
2026-05-09 12:07:39 | INFO     | routers.auth_router:verify_challenge:75 - User 102 logged in via ZKP
2026-05-09 12:12:17 | INFO     | routers.auth_router:telegram:108 - Telegram link generated for user 102: https://t.me/assist_me_please_P_bot?start=5ac0e097
2026-05-09 12:45:25 | ERROR    | celery.app.trace:__protected_call__:858 - An error has been caught in function '__protected_call__', process 'MainProcess' (5424), thread 'MainThread' (18288):
Traceback (most recent call last):

  File "E:\dev\share_it\back-end\databases\lesson_db\lessons_db_utils.py", line 609, in checker
    dispatch_notifications.delay(lesson.author_id, "Ваш урок получил новый статус, ознакомьтесь с ним.", "general", kb=get_lesson_kb(f"exp://10.171.36.68:8081/--/lesson/{lesson_id}"))
    │                            │      │                                                                                                                                 └ 54
    │                            │      └ <sqlalchemy.orm.attributes.InstrumentedAttribute object at 0x000002A4E64F7240>
    │                            └ <databases.lesson_db.lesson_db.Lesson object at 0x000002A4EB9CAF90>
    └ <@task: dispatch_notifications of worker at 0x2a4e37f7e00>

NameError: name 'get_lesson_kb' is not defined


During handling of the above exception, another exception occurred:


Traceback (most recent call last):

  File "<frozen runpy>", line 198, in _run_module_as_main
  File "<frozen runpy>", line 88, in _run_code

  File "C:\Users\Chane\AppData\Local\Programs\Python\Python313\Scripts\celery.exe\__main__.py", line 7, in <module>

  File "C:\Users\Chane\AppData\Local\Programs\Python\Python313\Lib\site-packages\celery\__main__.py", line 15, in main
    sys.exit(_main())
    │   │    └ <function main at 0x000002A4E35A20C0>
    │   └ <built-in function exit>
    └ <module 'sys' (built-in)>
  File "C:\Users\Chane\AppData\Local\Programs\Python\Python313\Lib\site-packages\celery\bin\celery.py", line 227, in main
    return celery(auto_envvar_prefix="CELERY")
           └ <DYMGroup celery>
  File "C:\Users\Chane\AppData\Local\Programs\Python\Python313\Lib\site-packages\click\core.py", line 1462, in __call__
    return self.main(*args, **kwargs)
           │    │     │       └ {'auto_envvar_prefix': 'CELERY'}
           │    │     └ ()
           │    └ <function Command.main at 0x000002A4E181D1C0>
           └ <DYMGroup celery>
  File "C:\Users\Chane\AppData\Local\Programs\Python\Python313\Lib\site-packages\click\core.py", line 1383, in main
    rv = self.invoke(ctx)
         │    │      └ <click.core.Context object at 0x000002A4E34B30E0>
         │    └ <function Group.invoke at 0x000002A4E181E0C0>
         └ <DYMGroup celery>
  File "C:\Users\Chane\AppData\Local\Programs\Python\Python313\Lib\site-packages\click\core.py", line 1850, in invoke
    return _process_result(sub_ctx.command.invoke(sub_ctx))
           │               │       │       │      └ <click.core.Context object at 0x000002A4E3899F90>
           │               │       │       └ <function Command.invoke at 0x000002A4E181CEA0>
           │               │       └ <CeleryDaemonCommand worker>
           │               └ <click.core.Context object at 0x000002A4E3899F90>
           └ <function Group.invoke.<locals>._process_result at 0x000002A4E192B4C0>
  File "C:\Users\Chane\AppData\Local\Programs\Python\Python313\Lib\site-packages\click\core.py", line 1246, in invoke
    return ctx.invoke(self.callback, **ctx.params)
           │   │      │    │           │   └ {'loglevel': 20, 'pool': <class 'celery.concurrency.solo.TaskPool'>, 'without_mingle': True, 'without_gossip': True, 'hostnam...
           │   │      │    │           └ <click.core.Context object at 0x000002A4E3899F90>
           │   │      │    └ <function worker at 0x000002A4E295C4A0>
           │   │      └ <CeleryDaemonCommand worker>
           │   └ <function Context.invoke at 0x000002A4E181C0E0>
           └ <click.core.Context object at 0x000002A4E3899F90>
  File "C:\Users\Chane\AppData\Local\Programs\Python\Python313\Lib\site-packages\click\core.py", line 814, in invoke
    return callback(*args, **kwargs)
           │         │       └ {'loglevel': 20, 'pool': <class 'celery.concurrency.solo.TaskPool'>, 'without_mingle': True, 'without_gossip': True, 'hostnam...
           │         └ ()
           └ <function worker at 0x000002A4E295C4A0>
  File "C:\Users\Chane\AppData\Local\Programs\Python\Python313\Lib\site-packages\click\decorators.py", line 34, in new_func
    return f(get_current_context(), *args, **kwargs)
           │ │                       │       └ {'loglevel': 20, 'pool': <class 'celery.concurrency.solo.TaskPool'>, 'without_mingle': True, 'without_gossip': True, 'hostnam...
           │ │                       └ ()
           │ └ <function get_current_context at 0x000002A4E17EE340>
           └ <function worker at 0x000002A4E295C400>
  File "C:\Users\Chane\AppData\Local\Programs\Python\Python313\Lib\site-packages\celery\bin\base.py", line 158, in caller
    return f(ctx, *args, **kwargs)
           │ │     │       └ {'loglevel': 20, 'pool': <class 'celery.concurrency.solo.TaskPool'>, 'without_mingle': True, 'without_gossip': True, 'hostnam...
           │ │     └ ()
           │ └ <click.core.Context object at 0x000002A4E3899F90>
           └ <function worker at 0x000002A4E295C360>
  File "C:\Users\Chane\AppData\Local\Programs\Python\Python313\Lib\site-packages\celery\bin\worker.py", line 367, in worker
    worker.start()
    │      └ <function WorkController.start at 0x000002A4E2874540>
    └ <Worker: celery@DESKTOP-V9VEJ4N (running)>
  File "C:\Users\Chane\AppData\Local\Programs\Python\Python313\Lib\site-packages\celery\worker\worker.py", line 203, in start
    self.blueprint.start(self)
    │    │         │     └ <Worker: celery@DESKTOP-V9VEJ4N (running)>
    │    │         └ <function Blueprint.start at 0x000002A4E2864180>
    │    └ <celery.worker.worker.WorkController.Blueprint object at 0x000002A4EB8F6660>
    └ <Worker: celery@DESKTOP-V9VEJ4N (running)>
  File "C:\Users\Chane\AppData\Local\Programs\Python\Python313\Lib\site-packages\celery\bootsteps.py", line 116, in start
    step.start(parent)
    │    │     └ <Worker: celery@DESKTOP-V9VEJ4N (running)>
    │    └ <function StartStopStep.start at 0x000002A4E2865440>
    └ <step: Consumer>
  File "C:\Users\Chane\AppData\Local\Programs\Python\Python313\Lib\site-packages\celery\bootsteps.py", line 365, in start
    return self.obj.start()
           │    │   └ <function Consumer.start at 0x000002A4EB957100>
           │    └ <Consumer: celery@DESKTOP-V9VEJ4N (running)>
           └ <step: Consumer>
  File "C:\Users\Chane\AppData\Local\Programs\Python\Python313\Lib\site-packages\celery\worker\consumer\consumer.py", line 346, in start
    blueprint.start(self)
    │         │     └ <Consumer: celery@DESKTOP-V9VEJ4N (running)>
    │         └ <function Blueprint.start at 0x000002A4E2864180>
    └ <celery.worker.consumer.consumer.Consumer.Blueprint object at 0x000002A4EB9596A0>
  File "C:\Users\Chane\AppData\Local\Programs\Python\Python313\Lib\site-packages\celery\bootsteps.py", line 116, in start
    step.start(parent)
    │    │     └ <Consumer: celery@DESKTOP-V9VEJ4N (running)>
    │    └ <function Evloop.start at 0x000002A4EB9704A0>
    └ <step: event loop>
  File "C:\Users\Chane\AppData\Local\Programs\Python\Python313\Lib\site-packages\celery\worker\consumer\consumer.py", line 788, in start
    c.loop(*c.loop_args())
    │ │     │ └ <function Consumer.loop_args at 0x000002A4EB957600>
    │ │     └ <Consumer: celery@DESKTOP-V9VEJ4N (running)>
    │ └ <function synloop at 0x000002A4EB956840>
    └ <Consumer: celery@DESKTOP-V9VEJ4N (running)>
  File "C:\Users\Chane\AppData\Local\Programs\Python\Python313\Lib\site-packages\celery\worker\loops.py", line 168, in synloop
    _loop_cycle()
    └ <function synloop.<locals>._loop_cycle at 0x000002A4EB9E9EE0>
  File "C:\Users\Chane\AppData\Local\Programs\Python\Python313\Lib\site-packages\celery\worker\loops.py", line 157, in _loop_cycle
    connection.drain_events(timeout=2.0)
    │          └ <function Connection.drain_events at 0x000002A4E163DE40>
    └ <Connection: amqp://guest:**@127.0.0.1:5672// at 0x2a4eb988d60>
  File "C:\Users\Chane\AppData\Local\Programs\Python\Python313\Lib\site-packages\kombu\connection.py", line 343, in drain_events
    return self.transport.drain_events(self.connection, **kwargs)
           │    │                      │    │             └ {'timeout': 2.0}
           │    │                      │    └ <property object at 0x000002A4E1650130>
           │    │                      └ <Connection: amqp://guest:**@127.0.0.1:5672// at 0x2a4eb988d60>
           │    └ <property object at 0x000002A4E16501D0>
           └ <Connection: amqp://guest:**@127.0.0.1:5672// at 0x2a4eb988d60>
  File "C:\Users\Chane\AppData\Local\Programs\Python\Python313\Lib\site-packages\kombu\transport\pyamqp.py", line 171, in drain_events
    return connection.drain_events(**kwargs)
           │          │              └ {'timeout': 2.0}
           │          └ <function Connection.drain_events at 0x000002A4E13D7F60>
           └ <AMQP Connection: 127.0.0.1:5672// using <TCPTransport: 127.0.0.1:50814 -> 127.0.0.1:5672 at 0x2a4eb9a9250> at 0x2a4eb969160>
  File "C:\Users\Chane\AppData\Local\Programs\Python\Python313\Lib\site-packages\amqp\connection.py", line 526, in drain_events
    while not self.blocking_read(timeout):
              │    │             └ 2.0
              │    └ <function Connection.blocking_read at 0x000002A4E13E4040>
              └ <AMQP Connection: 127.0.0.1:5672// using <TCPTransport: 127.0.0.1:50814 -> 127.0.0.1:5672 at 0x2a4eb9a9250> at 0x2a4eb969160>
  File "C:\Users\Chane\AppData\Local\Programs\Python\Python313\Lib\site-packages\amqp\connection.py", line 532, in blocking_read
    return self.on_inbound_frame(frame)
           │    │                └ (3, 1, b'[[54], {}, {"callbacks": null, "errbacks": null, "chain": null, "chord": null}]')
           │    └ <property object at 0x000002A4E13E0130>
           └ <AMQP Connection: 127.0.0.1:5672// using <TCPTransport: 127.0.0.1:50814 -> 127.0.0.1:5672 at 0x2a4eb9a9250> at 0x2a4eb969160>
  File "C:\Users\Chane\AppData\Local\Programs\Python\Python313\Lib\site-packages\amqp\method_framing.py", line 77, in on_frame
    callback(channel, msg.frame_method, msg.frame_args, msg)
    │        │        │   │             │   │           └ <amqp.basic_message.Message object at 0x000002A4EB9A97D0>
    │        │        │   │             │   └ <member 'frame_args' of 'GenericContent' objects>
    │        │        │   │             └ <amqp.basic_message.Message object at 0x000002A4EB9A97D0>
    │        │        │   └ <member 'frame_method' of 'GenericContent' objects>
    │        │        └ <amqp.basic_message.Message object at 0x000002A4EB9A97D0>
    │        └ 1
    └ <bound method Connection.on_inbound_method of <AMQP Connection: 127.0.0.1:5672// using <TCPTransport: 127.0.0.1:50814 -> 127....
  File "C:\Users\Chane\AppData\Local\Programs\Python\Python313\Lib\site-packages\amqp\connection.py", line 538, in on_inbound_method
    return self.channels[channel_id].dispatch_method(
           │    │        └ 1
           │    └ {0: <AMQP Connection: 127.0.0.1:5672// using <TCPTransport: 127.0.0.1:50814 -> 127.0.0.1:5672 at 0x2a4eb9a9250> at 0x2a4eb969...
           └ <AMQP Connection: 127.0.0.1:5672// using <TCPTransport: 127.0.0.1:50814 -> 127.0.0.1:5672 at 0x2a4eb9a9250> at 0x2a4eb969160>
  File "C:\Users\Chane\AppData\Local\Programs\Python\Python313\Lib\site-packages\amqp\abstract_channel.py", line 156, in dispatch_method
    listener(*args)
    │         └ ['None1', 1, False, '', 'celery', <amqp.basic_message.Message object at 0x000002A4EB9A97D0>]
    └ <bound method Channel._on_basic_deliver of <kombu.transport.pyamqp.Channel object at 0x000002A4EB969780>>
  File "C:\Users\Chane\AppData\Local\Programs\Python\Python313\Lib\site-packages\amqp\channel.py", line 1629, in _on_basic_deliver
    fun(msg)
    │   └ <amqp.basic_message.Message object at 0x000002A4EB9A97D0>
    └ <bound method Consumer._receive_callback of <Consumer: [<Queue celery -> <Exchange celery(direct) bound to chan:1> -> celery ...
  File "C:\Users\Chane\AppData\Local\Programs\Python\Python313\Lib\site-packages\kombu\messaging.py", line 668, in _receive_callback
    return on_m(message) if on_m else self.receive(decoded, message)
           │    │           │         │    │       │        └ <Message object at 0x2a4eb913a40 with details {'state': 'RECEIVED', 'content_type': 'application/json', 'delivery_tag': 1, 'b...
           │    │           │         │    │       └ None
           │    │           │         │    └ <function Consumer.receive at 0x000002A4E219CCC0>
           │    │           │         └ <Consumer: [<Queue celery -> <Exchange celery(direct) bound to chan:1> -> celery bound to chan:1>, <Queue celery@DESKTOP-V9VE...
           │    │           └ <function Consumer.create_task_handler.<locals>.on_task_received at 0x000002A4EB9E9DA0>
           │    └ <Message object at 0x2a4eb913a40 with details {'state': 'RECEIVED', 'content_type': 'application/json', 'delivery_tag': 1, 'b...
           └ <function Consumer.create_task_handler.<locals>.on_task_received at 0x000002A4EB9E9DA0>
  File "C:\Users\Chane\AppData\Local\Programs\Python\Python313\Lib\site-packages\celery\worker\consumer\consumer.py", line 694, in on_task_received
    strategy(
    └ <function default.<locals>.task_message_handler at 0x000002A4EB9C7600>
  File "C:\Users\Chane\AppData\Local\Programs\Python\Python313\Lib\site-packages\celery\worker\strategy.py", line 208, in task_message_handler
    handle(req)
    │      └ <Request: checker_lesson[2e08e4e2-2216-4d2f-8737-7a53e20b671b] (54,) {}>
    └ <bound method WorkController._process_task of <Worker: celery@DESKTOP-V9VEJ4N (running)>>
  File "C:\Users\Chane\AppData\Local\Programs\Python\Python313\Lib\site-packages\celery\worker\worker.py", line 226, in _process_task
    req.execute_using_pool(self.pool)
    │   │                  │    └ <celery.concurrency.solo.TaskPool object at 0x000002A4EB8F7CB0>
    │   │                  └ <Worker: celery@DESKTOP-V9VEJ4N (running)>
    │   └ <function create_request_cls.<locals>.Request.execute_using_pool at 0x000002A4EB9C76A0>
    └ <Request: checker_lesson[2e08e4e2-2216-4d2f-8737-7a53e20b671b] (54,) {}>
  File "C:\Users\Chane\AppData\Local\Programs\Python\Python313\Lib\site-packages\celery\worker\request.py", line 770, in execute_using_pool
    result = apply_async(
             └ <bound method BasePool.apply_async of <celery.concurrency.solo.TaskPool object at 0x000002A4EB8F7CB0>>
  File "C:\Users\Chane\AppData\Local\Programs\Python\Python313\Lib\site-packages\celery\concurrency\base.py", line 153, in apply_async
    return self.on_apply(target, args, kwargs,
           │    │        │       │     └ {}
           │    │        │       └ ('checker_lesson', '2e08e4e2-2216-4d2f-8737-7a53e20b671b', {'argsrepr': '(54,)', 'baggage': 'sentry-trace_id=3a5568d7e2d74c1f...
           │    │        └ <function fast_trace_task at 0x000002A4E28F9940>
           │    └ <function apply_target at 0x000002A4E176CCC0>
           └ <celery.concurrency.solo.TaskPool object at 0x000002A4EB8F7CB0>
  File "C:\Users\Chane\AppData\Local\Programs\Python\Python313\Lib\site-packages\celery\concurrency\base.py", line 30, in apply_target
    ret = target(*args, **kwargs)
          │       │       └ {}
          │       └ ('checker_lesson', '2e08e4e2-2216-4d2f-8737-7a53e20b671b', {'argsrepr': '(54,)', 'baggage': 'sentry-trace_id=3a5568d7e2d74c1f...
          └ <function fast_trace_task at 0x000002A4E28F9940>
  File "C:\Users\Chane\AppData\Local\Programs\Python\Python313\Lib\site-packages\celery\app\trace.py", line 773, in fast_trace_task
    R, I, T, Rstr = tasks[task].__trace__(
                    │     └ 'checker_lesson'
                    └ {'celery.map': <@task: celery.map of worker at 0x2a4e37f7e00>, 'celery.backend_cleanup': <@task: celery.backend_cleanup of wo...
  File "C:\Users\Chane\AppData\Local\Programs\Python\Python313\Lib\site-packages\celery\app\trace.py", line 585, in trace_task
    R = retval = fun(*args, **kwargs)
                 │    │       └ {}
                 │    └ [54]
                 └ <@task: checker_lesson of worker at 0x2a4e37f7e00>
> File "C:\Users\Chane\AppData\Local\Programs\Python\Python313\Lib\site-packages\celery\app\trace.py", line 858, in __protected_call__
    return self.run(*args, **kwargs)
           │    │    │       └ {}
           │    │    └ (54,)
           │    └ <staticmethod(<function checker_lesson at 0x000002A4EB9023E0>)>
           └ <@task: checker_lesson of worker at 0x2a4e37f7e00>

  File "E:\dev\share_it\back-end\routers\tasks\censore_tasks.py", line 9, in checker_lesson
    return asyncio.run(checker(lesson_id))
           │       │   │       └ 54
           │       │   └ <function checker at 0x000002A4EB774720>
           │       └ <function run at 0x000002A4E22CE0C0>
           └ <module 'asyncio' from 'C:\\Users\\Chane\\AppData\\Local\\Programs\\Python\\Python313\\Lib\\asyncio\\__init__.py'>

  File "C:\Users\Chane\AppData\Local\Programs\Python\Python313\Lib\asyncio\runners.py", line 195, in run
    return runner.run(main)
           │      │   └ <coroutine object checker at 0x000002A4EB84B780>
           │      └ <function Runner.run at 0x000002A4E2305760>
           └ <asyncio.runners.Runner object at 0x000002A4EB9C8AD0>
  File "C:\Users\Chane\AppData\Local\Programs\Python\Python313\Lib\asyncio\runners.py", line 118, in run
    return self._loop.run_until_complete(task)
           │    │                        └ <Task finished name='Task-1' coro=<checker() done, defined at E:\dev\share_it\back-end\databases\lesson_db\lessons_db_utils.p...
           │    └ None
           └ <asyncio.runners.Runner object at 0x000002A4EB9C8AD0>
  File "C:\Users\Chane\AppData\Local\Programs\Python\Python313\Lib\asyncio\base_events.py", line 725, in run_until_complete
    return future.result()
           │      └ <method 'result' of '_asyncio.Task' objects>
           └ <Task finished name='Task-1' coro=<checker() done, defined at E:\dev\share_it\back-end\databases\lesson_db\lessons_db_utils.p...

  File "E:\dev\share_it\back-end\databases\lesson_db\lessons_db_utils.py", line 613, in checker
    dispatch_notifications.delay(lesson.author_id, "Ваш урок получил новый статус, ознакомьтесь с ним.", "general", kb=get_lesson_kb(f"exp://10.171.36.68:8081/--/lesson/{lesson_id}"))
    │                            │      │                                                                                                                                 └ 54
    │                            │      └ <sqlalchemy.orm.attributes.InstrumentedAttribute object at 0x000002A4E64F7240>
    │                            └ <databases.lesson_db.lesson_db.Lesson object at 0x000002A4EB9CAF90>
    └ <@task: dispatch_notifications of worker at 0x2a4e37f7e00>

NameError: name 'get_lesson_kb' is not defined
2026-05-09 12:45:53 | ERROR    | celery.app.trace:__protected_call__:858 - An error has been caught in function '__protected_call__', process 'MainProcess' (5424), thread 'MainThread' (18288):
Traceback (most recent call last):

  File "E:\dev\share_it\back-end\databases\lesson_db\lessons_db_utils.py", line 609, in checker
    await session.commit()
          │       └ <function AsyncSession.commit at 0x000002A4E5F86840>
          └ <sqlalchemy.ext.asyncio.session.AsyncSession object at 0x000002A4EBD30190>

NameError: name 'get_lesson_kb' is not defined


During handling of the above exception, another exception occurred:


Traceback (most recent call last):

  File "<frozen runpy>", line 198, in _run_module_as_main
  File "<frozen runpy>", line 88, in _run_code

  File "C:\Users\Chane\AppData\Local\Programs\Python\Python313\Scripts\celery.exe\__main__.py", line 7, in <module>

  File "C:\Users\Chane\AppData\Local\Programs\Python\Python313\Lib\site-packages\celery\__main__.py", line 15, in main
    sys.exit(_main())
    │   │    └ <function main at 0x000002A4E35A20C0>
    │   └ <built-in function exit>
    └ <module 'sys' (built-in)>
  File "C:\Users\Chane\AppData\Local\Programs\Python\Python313\Lib\site-packages\celery\bin\celery.py", line 227, in main
    return celery(auto_envvar_prefix="CELERY")
           └ <DYMGroup celery>
  File "C:\Users\Chane\AppData\Local\Programs\Python\Python313\Lib\site-packages\click\core.py", line 1462, in __call__
    return self.main(*args, **kwargs)
           │    │     │       └ {'auto_envvar_prefix': 'CELERY'}
           │    │     └ ()
           │    └ <function Command.main at 0x000002A4E181D1C0>
           └ <DYMGroup celery>
  File "C:\Users\Chane\AppData\Local\Programs\Python\Python313\Lib\site-packages\click\core.py", line 1383, in main
    rv = self.invoke(ctx)
         │    │      └ <click.core.Context object at 0x000002A4E34B30E0>
         │    └ <function Group.invoke at 0x000002A4E181E0C0>
         └ <DYMGroup celery>
  File "C:\Users\Chane\AppData\Local\Programs\Python\Python313\Lib\site-packages\click\core.py", line 1850, in invoke
    return _process_result(sub_ctx.command.invoke(sub_ctx))
           │               │       │       │      └ <click.core.Context object at 0x000002A4E3899F90>
           │               │       │       └ <function Command.invoke at 0x000002A4E181CEA0>
           │               │       └ <CeleryDaemonCommand worker>
           │               └ <click.core.Context object at 0x000002A4E3899F90>
           └ <function Group.invoke.<locals>._process_result at 0x000002A4E192B4C0>
  File "C:\Users\Chane\AppData\Local\Programs\Python\Python313\Lib\site-packages\click\core.py", line 1246, in invoke
    return ctx.invoke(self.callback, **ctx.params)
           │   │      │    │           │   └ {'loglevel': 20, 'pool': <class 'celery.concurrency.solo.TaskPool'>, 'without_mingle': True, 'without_gossip': True, 'hostnam...
           │   │      │    │           └ <click.core.Context object at 0x000002A4E3899F90>
           │   │      │    └ <function worker at 0x000002A4E295C4A0>
           │   │      └ <CeleryDaemonCommand worker>
           │   └ <function Context.invoke at 0x000002A4E181C0E0>
           └ <click.core.Context object at 0x000002A4E3899F90>
  File "C:\Users\Chane\AppData\Local\Programs\Python\Python313\Lib\site-packages\click\core.py", line 814, in invoke
    return callback(*args, **kwargs)
           │         │       └ {'loglevel': 20, 'pool': <class 'celery.concurrency.solo.TaskPool'>, 'without_mingle': True, 'without_gossip': True, 'hostnam...
           │         └ ()
           └ <function worker at 0x000002A4E295C4A0>
  File "C:\Users\Chane\AppData\Local\Programs\Python\Python313\Lib\site-packages\click\decorators.py", line 34, in new_func
    return f(get_current_context(), *args, **kwargs)
           │ │                       │       └ {'loglevel': 20, 'pool': <class 'celery.concurrency.solo.TaskPool'>, 'without_mingle': True, 'without_gossip': True, 'hostnam...
           │ │                       └ ()
           │ └ <function get_current_context at 0x000002A4E17EE340>
           └ <function worker at 0x000002A4E295C400>
  File "C:\Users\Chane\AppData\Local\Programs\Python\Python313\Lib\site-packages\celery\bin\base.py", line 158, in caller
    return f(ctx, *args, **kwargs)
           │ │     │       └ {'loglevel': 20, 'pool': <class 'celery.concurrency.solo.TaskPool'>, 'without_mingle': True, 'without_gossip': True, 'hostnam...
           │ │     └ ()
           │ └ <click.core.Context object at 0x000002A4E3899F90>
           └ <function worker at 0x000002A4E295C360>
  File "C:\Users\Chane\AppData\Local\Programs\Python\Python313\Lib\site-packages\celery\bin\worker.py", line 367, in worker
    worker.start()
    │      └ <function WorkController.start at 0x000002A4E2874540>
    └ <Worker: celery@DESKTOP-V9VEJ4N (running)>
  File "C:\Users\Chane\AppData\Local\Programs\Python\Python313\Lib\site-packages\celery\worker\worker.py", line 203, in start
    self.blueprint.start(self)
    │    │         │     └ <Worker: celery@DESKTOP-V9VEJ4N (running)>
    │    │         └ <function Blueprint.start at 0x000002A4E2864180>
    │    └ <celery.worker.worker.WorkController.Blueprint object at 0x000002A4EB8F6660>
    └ <Worker: celery@DESKTOP-V9VEJ4N (running)>
  File "C:\Users\Chane\AppData\Local\Programs\Python\Python313\Lib\site-packages\celery\bootsteps.py", line 116, in start
    step.start(parent)
    │    │     └ <Worker: celery@DESKTOP-V9VEJ4N (running)>
    │    └ <function StartStopStep.start at 0x000002A4E2865440>
    └ <step: Consumer>
  File "C:\Users\Chane\AppData\Local\Programs\Python\Python313\Lib\site-packages\celery\bootsteps.py", line 365, in start
    return self.obj.start()
           │    │   └ <function Consumer.start at 0x000002A4EB957100>
           │    └ <Consumer: celery@DESKTOP-V9VEJ4N (running)>
           └ <step: Consumer>
  File "C:\Users\Chane\AppData\Local\Programs\Python\Python313\Lib\site-packages\celery\worker\consumer\consumer.py", line 346, in start
    blueprint.start(self)
    │         │     └ <Consumer: celery@DESKTOP-V9VEJ4N (running)>
    │         └ <function Blueprint.start at 0x000002A4E2864180>
    └ <celery.worker.consumer.consumer.Consumer.Blueprint object at 0x000002A4EB9596A0>
  File "C:\Users\Chane\AppData\Local\Programs\Python\Python313\Lib\site-packages\celery\bootsteps.py", line 116, in start
    step.start(parent)
    │    │     └ <Consumer: celery@DESKTOP-V9VEJ4N (running)>
    │    └ <function Evloop.start at 0x000002A4EB9704A0>
    └ <step: event loop>
  File "C:\Users\Chane\AppData\Local\Programs\Python\Python313\Lib\site-packages\celery\worker\consumer\consumer.py", line 788, in start
    c.loop(*c.loop_args())
    │ │     │ └ <function Consumer.loop_args at 0x000002A4EB957600>
    │ │     └ <Consumer: celery@DESKTOP-V9VEJ4N (running)>
    │ └ <function synloop at 0x000002A4EB956840>
    └ <Consumer: celery@DESKTOP-V9VEJ4N (running)>
  File "C:\Users\Chane\AppData\Local\Programs\Python\Python313\Lib\site-packages\celery\worker\loops.py", line 168, in synloop
    _loop_cycle()
    └ <function synloop.<locals>._loop_cycle at 0x000002A4EB9E9EE0>
  File "C:\Users\Chane\AppData\Local\Programs\Python\Python313\Lib\site-packages\celery\worker\loops.py", line 157, in _loop_cycle
    connection.drain_events(timeout=2.0)
    │          └ <function Connection.drain_events at 0x000002A4E163DE40>
    └ <Connection: amqp://guest:**@127.0.0.1:5672// at 0x2a4eb988d60>
  File "C:\Users\Chane\AppData\Local\Programs\Python\Python313\Lib\site-packages\kombu\connection.py", line 343, in drain_events
    return self.transport.drain_events(self.connection, **kwargs)
           │    │                      │    │             └ {'timeout': 2.0}
           │    │                      │    └ <property object at 0x000002A4E1650130>
           │    │                      └ <Connection: amqp://guest:**@127.0.0.1:5672// at 0x2a4eb988d60>
           │    └ <property object at 0x000002A4E16501D0>
           └ <Connection: amqp://guest:**@127.0.0.1:5672// at 0x2a4eb988d60>
  File "C:\Users\Chane\AppData\Local\Programs\Python\Python313\Lib\site-packages\kombu\transport\pyamqp.py", line 171, in drain_events
    return connection.drain_events(**kwargs)
           │          │              └ {'timeout': 2.0}
           │          └ <function Connection.drain_events at 0x000002A4E13D7F60>
           └ <AMQP Connection: 127.0.0.1:5672// using <TCPTransport: 127.0.0.1:50814 -> 127.0.0.1:5672 at 0x2a4eb9a9250> at 0x2a4eb969160>
  File "C:\Users\Chane\AppData\Local\Programs\Python\Python313\Lib\site-packages\amqp\connection.py", line 526, in drain_events
    while not self.blocking_read(timeout):
              │    │             └ 2.0
              │    └ <function Connection.blocking_read at 0x000002A4E13E4040>
              └ <AMQP Connection: 127.0.0.1:5672// using <TCPTransport: 127.0.0.1:50814 -> 127.0.0.1:5672 at 0x2a4eb9a9250> at 0x2a4eb969160>
  File "C:\Users\Chane\AppData\Local\Programs\Python\Python313\Lib\site-packages\amqp\connection.py", line 532, in blocking_read
    return self.on_inbound_frame(frame)
           │    │                └ (3, 1, b'[[54], {}, {"callbacks": null, "errbacks": null, "chain": null, "chord": null}]')
           │    └ <property object at 0x000002A4E13E0130>
           └ <AMQP Connection: 127.0.0.1:5672// using <TCPTransport: 127.0.0.1:50814 -> 127.0.0.1:5672 at 0x2a4eb9a9250> at 0x2a4eb969160>
  File "C:\Users\Chane\AppData\Local\Programs\Python\Python313\Lib\site-packages\amqp\method_framing.py", line 77, in on_frame
    callback(channel, msg.frame_method, msg.frame_args, msg)
    │        │        │   │             │   │           └ <amqp.basic_message.Message object at 0x000002A4EBBED4D0>
    │        │        │   │             │   └ <member 'frame_args' of 'GenericContent' objects>
    │        │        │   │             └ <amqp.basic_message.Message object at 0x000002A4EBBED4D0>
    │        │        │   └ <member 'frame_method' of 'GenericContent' objects>
    │        │        └ <amqp.basic_message.Message object at 0x000002A4EBBED4D0>
    │        └ 1
    └ <bound method Connection.on_inbound_method of <AMQP Connection: 127.0.0.1:5672// using <TCPTransport: 127.0.0.1:50814 -> 127....
  File "C:\Users\Chane\AppData\Local\Programs\Python\Python313\Lib\site-packages\amqp\connection.py", line 538, in on_inbound_method
    return self.channels[channel_id].dispatch_method(
           │    │        └ 1
           │    └ {0: <AMQP Connection: 127.0.0.1:5672// using <TCPTransport: 127.0.0.1:50814 -> 127.0.0.1:5672 at 0x2a4eb9a9250> at 0x2a4eb969...
           └ <AMQP Connection: 127.0.0.1:5672// using <TCPTransport: 127.0.0.1:50814 -> 127.0.0.1:5672 at 0x2a4eb9a9250> at 0x2a4eb969160>
  File "C:\Users\Chane\AppData\Local\Programs\Python\Python313\Lib\site-packages\amqp\abstract_channel.py", line 156, in dispatch_method
    listener(*args)
    │         └ ['None1', 2, False, '', 'celery', <amqp.basic_message.Message object at 0x000002A4EBBED4D0>]
    └ <bound method Channel._on_basic_deliver of <kombu.transport.pyamqp.Channel object at 0x000002A4EB969780>>
  File "C:\Users\Chane\AppData\Local\Programs\Python\Python313\Lib\site-packages\amqp\channel.py", line 1629, in _on_basic_deliver
    fun(msg)
    │   └ <amqp.basic_message.Message object at 0x000002A4EBBED4D0>
    └ <bound method Consumer._receive_callback of <Consumer: [<Queue celery -> <Exchange celery(direct) bound to chan:1> -> celery ...
  File "C:\Users\Chane\AppData\Local\Programs\Python\Python313\Lib\site-packages\kombu\messaging.py", line 668, in _receive_callback
    return on_m(message) if on_m else self.receive(decoded, message)
           │    │           │         │    │       │        └ <Message object at 0x2a4ebbfb4a0 with details {'state': 'RECEIVED', 'content_type': 'application/json', 'delivery_tag': 2, 'b...
           │    │           │         │    │       └ None
           │    │           │         │    └ <function Consumer.receive at 0x000002A4E219CCC0>
           │    │           │         └ <Consumer: [<Queue celery -> <Exchange celery(direct) bound to chan:1> -> celery bound to chan:1>, <Queue celery@DESKTOP-V9VE...
           │    │           └ <function Consumer.create_task_handler.<locals>.on_task_received at 0x000002A4EB9E9DA0>
           │    └ <Message object at 0x2a4ebbfb4a0 with details {'state': 'RECEIVED', 'content_type': 'application/json', 'delivery_tag': 2, 'b...
           └ <function Consumer.create_task_handler.<locals>.on_task_received at 0x000002A4EB9E9DA0>
  File "C:\Users\Chane\AppData\Local\Programs\Python\Python313\Lib\site-packages\celery\worker\consumer\consumer.py", line 694, in on_task_received
    strategy(
    └ <function default.<locals>.task_message_handler at 0x000002A4EB9C7600>
  File "C:\Users\Chane\AppData\Local\Programs\Python\Python313\Lib\site-packages\celery\worker\strategy.py", line 208, in task_message_handler
    handle(req)
    │      └ <Request: checker_lesson[ba809cf5-ee18-4dfb-a8af-5e2d2c1615f0] (54,) {}>
    └ <bound method WorkController._process_task of <Worker: celery@DESKTOP-V9VEJ4N (running)>>
  File "C:\Users\Chane\AppData\Local\Programs\Python\Python313\Lib\site-packages\celery\worker\worker.py", line 226, in _process_task
    req.execute_using_pool(self.pool)
    │   │                  │    └ <celery.concurrency.solo.TaskPool object at 0x000002A4EB8F7CB0>
    │   │                  └ <Worker: celery@DESKTOP-V9VEJ4N (running)>
    │   └ <function create_request_cls.<locals>.Request.execute_using_pool at 0x000002A4EB9C76A0>
    └ <Request: checker_lesson[ba809cf5-ee18-4dfb-a8af-5e2d2c1615f0] (54,) {}>
  File "C:\Users\Chane\AppData\Local\Programs\Python\Python313\Lib\site-packages\celery\worker\request.py", line 770, in execute_using_pool
    result = apply_async(
             └ <bound method BasePool.apply_async of <celery.concurrency.solo.TaskPool object at 0x000002A4EB8F7CB0>>
  File "C:\Users\Chane\AppData\Local\Programs\Python\Python313\Lib\site-packages\celery\concurrency\base.py", line 153, in apply_async
    return self.on_apply(target, args, kwargs,
           │    │        │       │     └ {}
           │    │        │       └ ('checker_lesson', 'ba809cf5-ee18-4dfb-a8af-5e2d2c1615f0', {'argsrepr': '(54,)', 'baggage': 'sentry-trace_id=2a58447885254e35...
           │    │        └ <function fast_trace_task at 0x000002A4E28F9940>
           │    └ <function apply_target at 0x000002A4E176CCC0>
           └ <celery.concurrency.solo.TaskPool object at 0x000002A4EB8F7CB0>
  File "C:\Users\Chane\AppData\Local\Programs\Python\Python313\Lib\site-packages\celery\concurrency\base.py", line 30, in apply_target
    ret = target(*args, **kwargs)
          │       │       └ {}
          │       └ ('checker_lesson', 'ba809cf5-ee18-4dfb-a8af-5e2d2c1615f0', {'argsrepr': '(54,)', 'baggage': 'sentry-trace_id=2a58447885254e35...
          └ <function fast_trace_task at 0x000002A4E28F9940>
  File "C:\Users\Chane\AppData\Local\Programs\Python\Python313\Lib\site-packages\celery\app\trace.py", line 773, in fast_trace_task
    R, I, T, Rstr = tasks[task].__trace__(
                    │     └ 'checker_lesson'
                    └ {'celery.map': <@task: celery.map of worker at 0x2a4e37f7e00>, 'celery.backend_cleanup': <@task: celery.backend_cleanup of wo...
  File "C:\Users\Chane\AppData\Local\Programs\Python\Python313\Lib\site-packages\celery\app\trace.py", line 585, in trace_task
    R = retval = fun(*args, **kwargs)
                 │    │       └ {}
                 │    └ [54]
                 └ <@task: checker_lesson of worker at 0x2a4e37f7e00>
> File "C:\Users\Chane\AppData\Local\Programs\Python\Python313\Lib\site-packages\celery\app\trace.py", line 858, in __protected_call__
    return self.run(*args, **kwargs)
           │    │    │       └ {}
           │    │    └ (54,)
           │    └ <staticmethod(<function checker_lesson at 0x000002A4EB9023E0>)>
           └ <@task: checker_lesson of worker at 0x2a4e37f7e00>

  File "E:\dev\share_it\back-end\routers\tasks\censore_tasks.py", line 9, in checker_lesson
    return asyncio.run(checker(lesson_id))
           │       │   │       └ 54
           │       │   └ <function checker at 0x000002A4EB774720>
           │       └ <function run at 0x000002A4E22CE0C0>
           └ <module 'asyncio' from 'C:\\Users\\Chane\\AppData\\Local\\Programs\\Python\\Python313\\Lib\\asyncio\\__init__.py'>

  File "C:\Users\Chane\AppData\Local\Programs\Python\Python313\Lib\asyncio\runners.py", line 195, in run
    return runner.run(main)
           │      │   └ <coroutine object checker at 0x000002A4EB84BC60>
           │      └ <function Runner.run at 0x000002A4E2305760>
           └ <asyncio.runners.Runner object at 0x000002A4EBA47B10>
  File "C:\Users\Chane\AppData\Local\Programs\Python\Python313\Lib\asyncio\runners.py", line 118, in run
    return self._loop.run_until_complete(task)
           │    │                        └ <Task finished name='Task-7' coro=<checker() done, defined at E:\dev\share_it\back-end\databases\lesson_db\lessons_db_utils.p...
           │    └ None
           └ <asyncio.runners.Runner object at 0x000002A4EBA47B10>
  File "C:\Users\Chane\AppData\Local\Programs\Python\Python313\Lib\asyncio\base_events.py", line 725, in run_until_complete
    return future.result()
           │      └ <method 'result' of '_asyncio.Task' objects>
           └ <Task finished name='Task-7' coro=<checker() done, defined at E:\dev\share_it\back-end\databases\lesson_db\lessons_db_utils.p...

  File "E:\dev\share_it\back-end\databases\lesson_db\lessons_db_utils.py", line 613, in checker
    except Exception as e:

NameError: name 'get_lesson_kb' is not defined
2026-05-09 12:46:09 | ERROR    | celery.app.trace:__protected_call__:858 - An error has been caught in function '__protected_call__', process 'MainProcess' (5424), thread 'MainThread' (18288):
Traceback (most recent call last):

  File "E:\dev\share_it\back-end\databases\lesson_db\lessons_db_utils.py", line 609, in checker
    await session.commit()
          │       └ <function AsyncSession.commit at 0x000002A4E5F86840>
          └ <sqlalchemy.ext.asyncio.session.AsyncSession object at 0x000002A4EBD30CD0>

NameError: name 'get_lesson_kb' is not defined


During handling of the above exception, another exception occurred:


Traceback (most recent call last):

  File "<frozen runpy>", line 198, in _run_module_as_main
  File "<frozen runpy>", line 88, in _run_code

  File "C:\Users\Chane\AppData\Local\Programs\Python\Python313\Scripts\celery.exe\__main__.py", line 7, in <module>

  File "C:\Users\Chane\AppData\Local\Programs\Python\Python313\Lib\site-packages\celery\__main__.py", line 15, in main
    sys.exit(_main())
    │   │    └ <function main at 0x000002A4E35A20C0>
    │   └ <built-in function exit>
    └ <module 'sys' (built-in)>
  File "C:\Users\Chane\AppData\Local\Programs\Python\Python313\Lib\site-packages\celery\bin\celery.py", line 227, in main
    return celery(auto_envvar_prefix="CELERY")
           └ <DYMGroup celery>
  File "C:\Users\Chane\AppData\Local\Programs\Python\Python313\Lib\site-packages\click\core.py", line 1462, in __call__
    return self.main(*args, **kwargs)
           │    │     │       └ {'auto_envvar_prefix': 'CELERY'}
           │    │     └ ()
           │    └ <function Command.main at 0x000002A4E181D1C0>
           └ <DYMGroup celery>
  File "C:\Users\Chane\AppData\Local\Programs\Python\Python313\Lib\site-packages\click\core.py", line 1383, in main
    rv = self.invoke(ctx)
         │    │      └ <click.core.Context object at 0x000002A4E34B30E0>
         │    └ <function Group.invoke at 0x000002A4E181E0C0>
         └ <DYMGroup celery>
  File "C:\Users\Chane\AppData\Local\Programs\Python\Python313\Lib\site-packages\click\core.py", line 1850, in invoke
    return _process_result(sub_ctx.command.invoke(sub_ctx))
           │               │       │       │      └ <click.core.Context object at 0x000002A4E3899F90>
           │               │       │       └ <function Command.invoke at 0x000002A4E181CEA0>
           │               │       └ <CeleryDaemonCommand worker>
           │               └ <click.core.Context object at 0x000002A4E3899F90>
           └ <function Group.invoke.<locals>._process_result at 0x000002A4E192B4C0>
  File "C:\Users\Chane\AppData\Local\Programs\Python\Python313\Lib\site-packages\click\core.py", line 1246, in invoke
    return ctx.invoke(self.callback, **ctx.params)
           │   │      │    │           │   └ {'loglevel': 20, 'pool': <class 'celery.concurrency.solo.TaskPool'>, 'without_mingle': True, 'without_gossip': True, 'hostnam...
           │   │      │    │           └ <click.core.Context object at 0x000002A4E3899F90>
           │   │      │    └ <function worker at 0x000002A4E295C4A0>
           │   │      └ <CeleryDaemonCommand worker>
           │   └ <function Context.invoke at 0x000002A4E181C0E0>
           └ <click.core.Context object at 0x000002A4E3899F90>
  File "C:\Users\Chane\AppData\Local\Programs\Python\Python313\Lib\site-packages\click\core.py", line 814, in invoke
    return callback(*args, **kwargs)
           │         │       └ {'loglevel': 20, 'pool': <class 'celery.concurrency.solo.TaskPool'>, 'without_mingle': True, 'without_gossip': True, 'hostnam...
           │         └ ()
           └ <function worker at 0x000002A4E295C4A0>
  File "C:\Users\Chane\AppData\Local\Programs\Python\Python313\Lib\site-packages\click\decorators.py", line 34, in new_func
    return f(get_current_context(), *args, **kwargs)
           │ │                       │       └ {'loglevel': 20, 'pool': <class 'celery.concurrency.solo.TaskPool'>, 'without_mingle': True, 'without_gossip': True, 'hostnam...
           │ │                       └ ()
           │ └ <function get_current_context at 0x000002A4E17EE340>
           └ <function worker at 0x000002A4E295C400>
  File "C:\Users\Chane\AppData\Local\Programs\Python\Python313\Lib\site-packages\celery\bin\base.py", line 158, in caller
    return f(ctx, *args, **kwargs)
           │ │     │       └ {'loglevel': 20, 'pool': <class 'celery.concurrency.solo.TaskPool'>, 'without_mingle': True, 'without_gossip': True, 'hostnam...
           │ │     └ ()
           │ └ <click.core.Context object at 0x000002A4E3899F90>
           └ <function worker at 0x000002A4E295C360>
  File "C:\Users\Chane\AppData\Local\Programs\Python\Python313\Lib\site-packages\celery\bin\worker.py", line 367, in worker
    worker.start()
    │      └ <function WorkController.start at 0x000002A4E2874540>
    └ <Worker: celery@DESKTOP-V9VEJ4N (running)>
  File "C:\Users\Chane\AppData\Local\Programs\Python\Python313\Lib\site-packages\celery\worker\worker.py", line 203, in start
    self.blueprint.start(self)
    │    │         │     └ <Worker: celery@DESKTOP-V9VEJ4N (running)>
    │    │         └ <function Blueprint.start at 0x000002A4E2864180>
    │    └ <celery.worker.worker.WorkController.Blueprint object at 0x000002A4EB8F6660>
    └ <Worker: celery@DESKTOP-V9VEJ4N (running)>
  File "C:\Users\Chane\AppData\Local\Programs\Python\Python313\Lib\site-packages\celery\bootsteps.py", line 116, in start
    step.start(parent)
    │    │     └ <Worker: celery@DESKTOP-V9VEJ4N (running)>
    │    └ <function StartStopStep.start at 0x000002A4E2865440>
    └ <step: Consumer>
  File "C:\Users\Chane\AppData\Local\Programs\Python\Python313\Lib\site-packages\celery\bootsteps.py", line 365, in start
    return self.obj.start()
           │    │   └ <function Consumer.start at 0x000002A4EB957100>
           │    └ <Consumer: celery@DESKTOP-V9VEJ4N (running)>
           └ <step: Consumer>
  File "C:\Users\Chane\AppData\Local\Programs\Python\Python313\Lib\site-packages\celery\worker\consumer\consumer.py", line 346, in start
    blueprint.start(self)
    │         │     └ <Consumer: celery@DESKTOP-V9VEJ4N (running)>
    │         └ <function Blueprint.start at 0x000002A4E2864180>
    └ <celery.worker.consumer.consumer.Consumer.Blueprint object at 0x000002A4EB9596A0>
  File "C:\Users\Chane\AppData\Local\Programs\Python\Python313\Lib\site-packages\celery\bootsteps.py", line 116, in start
    step.start(parent)
    │    │     └ <Consumer: celery@DESKTOP-V9VEJ4N (running)>
    │    └ <function Evloop.start at 0x000002A4EB9704A0>
    └ <step: event loop>
  File "C:\Users\Chane\AppData\Local\Programs\Python\Python313\Lib\site-packages\celery\worker\consumer\consumer.py", line 788, in start
    c.loop(*c.loop_args())
    │ │     │ └ <function Consumer.loop_args at 0x000002A4EB957600>
    │ │     └ <Consumer: celery@DESKTOP-V9VEJ4N (running)>
    │ └ <function synloop at 0x000002A4EB956840>
    └ <Consumer: celery@DESKTOP-V9VEJ4N (running)>
  File "C:\Users\Chane\AppData\Local\Programs\Python\Python313\Lib\site-packages\celery\worker\loops.py", line 168, in synloop
    _loop_cycle()
    └ <function synloop.<locals>._loop_cycle at 0x000002A4EB9E9EE0>
  File "C:\Users\Chane\AppData\Local\Programs\Python\Python313\Lib\site-packages\celery\worker\loops.py", line 157, in _loop_cycle
    connection.drain_events(timeout=2.0)
    │          └ <function Connection.drain_events at 0x000002A4E163DE40>
    └ <Connection: amqp://guest:**@127.0.0.1:5672// at 0x2a4eb988d60>
  File "C:\Users\Chane\AppData\Local\Programs\Python\Python313\Lib\site-packages\kombu\connection.py", line 343, in drain_events
    return self.transport.drain_events(self.connection, **kwargs)
           │    │                      │    │             └ {'timeout': 2.0}
           │    │                      │    └ <property object at 0x000002A4E1650130>
           │    │                      └ <Connection: amqp://guest:**@127.0.0.1:5672// at 0x2a4eb988d60>
           │    └ <property object at 0x000002A4E16501D0>
           └ <Connection: amqp://guest:**@127.0.0.1:5672// at 0x2a4eb988d60>
  File "C:\Users\Chane\AppData\Local\Programs\Python\Python313\Lib\site-packages\kombu\transport\pyamqp.py", line 171, in drain_events
    return connection.drain_events(**kwargs)
           │          │              └ {'timeout': 2.0}
           │          └ <function Connection.drain_events at 0x000002A4E13D7F60>
           └ <AMQP Connection: 127.0.0.1:5672// using <TCPTransport: 127.0.0.1:50814 -> 127.0.0.1:5672 at 0x2a4eb9a9250> at 0x2a4eb969160>
  File "C:\Users\Chane\AppData\Local\Programs\Python\Python313\Lib\site-packages\amqp\connection.py", line 526, in drain_events
    while not self.blocking_read(timeout):
              │    │             └ 2.0
              │    └ <function Connection.blocking_read at 0x000002A4E13E4040>
              └ <AMQP Connection: 127.0.0.1:5672// using <TCPTransport: 127.0.0.1:50814 -> 127.0.0.1:5672 at 0x2a4eb9a9250> at 0x2a4eb969160>
  File "C:\Users\Chane\AppData\Local\Programs\Python\Python313\Lib\site-packages\amqp\connection.py", line 532, in blocking_read
    return self.on_inbound_frame(frame)
           │    │                └ (3, 1, b'[[54], {}, {"callbacks": null, "errbacks": null, "chain": null, "chord": null}]')
           │    └ <property object at 0x000002A4E13E0130>
           └ <AMQP Connection: 127.0.0.1:5672// using <TCPTransport: 127.0.0.1:50814 -> 127.0.0.1:5672 at 0x2a4eb9a9250> at 0x2a4eb969160>
  File "C:\Users\Chane\AppData\Local\Programs\Python\Python313\Lib\site-packages\amqp\method_framing.py", line 77, in on_frame
    callback(channel, msg.frame_method, msg.frame_args, msg)
    │        │        │   │             │   │           └ <amqp.basic_message.Message object at 0x000002A4EBBE6B50>
    │        │        │   │             │   └ <member 'frame_args' of 'GenericContent' objects>
    │        │        │   │             └ <amqp.basic_message.Message object at 0x000002A4EBBE6B50>
    │        │        │   └ <member 'frame_method' of 'GenericContent' objects>
    │        │        └ <amqp.basic_message.Message object at 0x000002A4EBBE6B50>
    │        └ 1
    └ <bound method Connection.on_inbound_method of <AMQP Connection: 127.0.0.1:5672// using <TCPTransport: 127.0.0.1:50814 -> 127....
  File "C:\Users\Chane\AppData\Local\Programs\Python\Python313\Lib\site-packages\amqp\connection.py", line 538, in on_inbound_method
    return self.channels[channel_id].dispatch_method(
           │    │        └ 1
           │    └ {0: <AMQP Connection: 127.0.0.1:5672// using <TCPTransport: 127.0.0.1:50814 -> 127.0.0.1:5672 at 0x2a4eb9a9250> at 0x2a4eb969...
           └ <AMQP Connection: 127.0.0.1:5672// using <TCPTransport: 127.0.0.1:50814 -> 127.0.0.1:5672 at 0x2a4eb9a9250> at 0x2a4eb969160>
  File "C:\Users\Chane\AppData\Local\Programs\Python\Python313\Lib\site-packages\amqp\abstract_channel.py", line 156, in dispatch_method
    listener(*args)
    │         └ ['None1', 3, False, '', 'celery', <amqp.basic_message.Message object at 0x000002A4EBBE6B50>]
    └ <bound method Channel._on_basic_deliver of <kombu.transport.pyamqp.Channel object at 0x000002A4EB969780>>
  File "C:\Users\Chane\AppData\Local\Programs\Python\Python313\Lib\site-packages\amqp\channel.py", line 1629, in _on_basic_deliver
    fun(msg)
    │   └ <amqp.basic_message.Message object at 0x000002A4EBBE6B50>
    └ <bound method Consumer._receive_callback of <Consumer: [<Queue celery -> <Exchange celery(direct) bound to chan:1> -> celery ...
  File "C:\Users\Chane\AppData\Local\Programs\Python\Python313\Lib\site-packages\kombu\messaging.py", line 668, in _receive_callback
    return on_m(message) if on_m else self.receive(decoded, message)
           │    │           │         │    │       │        └ <Message object at 0x2a4ebbfb890 with details {'state': 'RECEIVED', 'content_type': 'application/json', 'delivery_tag': 3, 'b...
           │    │           │         │    │       └ None
           │    │           │         │    └ <function Consumer.receive at 0x000002A4E219CCC0>
           │    │           │         └ <Consumer: [<Queue celery -> <Exchange celery(direct) bound to chan:1> -> celery bound to chan:1>, <Queue celery@DESKTOP-V9VE...
           │    │           └ <function Consumer.create_task_handler.<locals>.on_task_received at 0x000002A4EB9E9DA0>
           │    └ <Message object at 0x2a4ebbfb890 with details {'state': 'RECEIVED', 'content_type': 'application/json', 'delivery_tag': 3, 'b...
           └ <function Consumer.create_task_handler.<locals>.on_task_received at 0x000002A4EB9E9DA0>
  File "C:\Users\Chane\AppData\Local\Programs\Python\Python313\Lib\site-packages\celery\worker\consumer\consumer.py", line 694, in on_task_received
    strategy(
    └ <function default.<locals>.task_message_handler at 0x000002A4EB9C7600>
  File "C:\Users\Chane\AppData\Local\Programs\Python\Python313\Lib\site-packages\celery\worker\strategy.py", line 208, in task_message_handler
    handle(req)
    │      └ <Request: checker_lesson[03391e41-053f-40f3-a8ff-8ebf1ee81b8a] (54,) {}>
    └ <bound method WorkController._process_task of <Worker: celery@DESKTOP-V9VEJ4N (running)>>
  File "C:\Users\Chane\AppData\Local\Programs\Python\Python313\Lib\site-packages\celery\worker\worker.py", line 226, in _process_task
    req.execute_using_pool(self.pool)
    │   │                  │    └ <celery.concurrency.solo.TaskPool object at 0x000002A4EB8F7CB0>
    │   │                  └ <Worker: celery@DESKTOP-V9VEJ4N (running)>
    │   └ <function create_request_cls.<locals>.Request.execute_using_pool at 0x000002A4EB9C76A0>
    └ <Request: checker_lesson[03391e41-053f-40f3-a8ff-8ebf1ee81b8a] (54,) {}>
  File "C:\Users\Chane\AppData\Local\Programs\Python\Python313\Lib\site-packages\celery\worker\request.py", line 770, in execute_using_pool
    result = apply_async(
             └ <bound method BasePool.apply_async of <celery.concurrency.solo.TaskPool object at 0x000002A4EB8F7CB0>>
  File "C:\Users\Chane\AppData\Local\Programs\Python\Python313\Lib\site-packages\celery\concurrency\base.py", line 153, in apply_async
    return self.on_apply(target, args, kwargs,
           │    │        │       │     └ {}
           │    │        │       └ ('checker_lesson', '03391e41-053f-40f3-a8ff-8ebf1ee81b8a', {'argsrepr': '(54,)', 'baggage': 'sentry-trace_id=96709d774ff54037...
           │    │        └ <function fast_trace_task at 0x000002A4E28F9940>
           │    └ <function apply_target at 0x000002A4E176CCC0>
           └ <celery.concurrency.solo.TaskPool object at 0x000002A4EB8F7CB0>
  File "C:\Users\Chane\AppData\Local\Programs\Python\Python313\Lib\site-packages\celery\concurrency\base.py", line 30, in apply_target
    ret = target(*args, **kwargs)
          │       │       └ {}
          │       └ ('checker_lesson', '03391e41-053f-40f3-a8ff-8ebf1ee81b8a', {'argsrepr': '(54,)', 'baggage': 'sentry-trace_id=96709d774ff54037...
          └ <function fast_trace_task at 0x000002A4E28F9940>
  File "C:\Users\Chane\AppData\Local\Programs\Python\Python313\Lib\site-packages\celery\app\trace.py", line 773, in fast_trace_task
    R, I, T, Rstr = tasks[task].__trace__(
                    │     └ 'checker_lesson'
                    └ {'celery.map': <@task: celery.map of worker at 0x2a4e37f7e00>, 'celery.backend_cleanup': <@task: celery.backend_cleanup of wo...
  File "C:\Users\Chane\AppData\Local\Programs\Python\Python313\Lib\site-packages\celery\app\trace.py", line 585, in trace_task
    R = retval = fun(*args, **kwargs)
                 │    │       └ {}
                 │    └ [54]
                 └ <@task: checker_lesson of worker at 0x2a4e37f7e00>
> File "C:\Users\Chane\AppData\Local\Programs\Python\Python313\Lib\site-packages\celery\app\trace.py", line 858, in __protected_call__
    return self.run(*args, **kwargs)
           │    │    │       └ {}
           │    │    └ (54,)
           │    └ <staticmethod(<function checker_lesson at 0x000002A4EB9023E0>)>
           └ <@task: checker_lesson of worker at 0x2a4e37f7e00>

  File "E:\dev\share_it\back-end\routers\tasks\censore_tasks.py", line 9, in checker_lesson
    return asyncio.run(checker(lesson_id))
           │       │   │       └ 54
           │       │   └ <function checker at 0x000002A4EB774720>
           │       └ <function run at 0x000002A4E22CE0C0>
           └ <module 'asyncio' from 'C:\\Users\\Chane\\AppData\\Local\\Programs\\Python\\Python313\\Lib\\asyncio\\__init__.py'>

  File "C:\Users\Chane\AppData\Local\Programs\Python\Python313\Lib\asyncio\runners.py", line 195, in run
    return runner.run(main)
           │      │   └ <coroutine object checker at 0x000002A4EBB7CBA0>
           │      └ <function Runner.run at 0x000002A4E2305760>
           └ <asyncio.runners.Runner object at 0x000002A4EBD30050>
  File "C:\Users\Chane\AppData\Local\Programs\Python\Python313\Lib\asyncio\runners.py", line 118, in run
    return self._loop.run_until_complete(task)
           │    │                        └ <Task finished name='Task-13' coro=<checker() done, defined at E:\dev\share_it\back-end\databases\lesson_db\lessons_db_utils....
           │    └ None
           └ <asyncio.runners.Runner object at 0x000002A4EBD30050>
  File "C:\Users\Chane\AppData\Local\Programs\Python\Python313\Lib\asyncio\base_events.py", line 725, in run_until_complete
    return future.result()
           │      └ <method 'result' of '_asyncio.Task' objects>
           └ <Task finished name='Task-13' coro=<checker() done, defined at E:\dev\share_it\back-end\databases\lesson_db\lessons_db_utils....

  File "E:\dev\share_it\back-end\databases\lesson_db\lessons_db_utils.py", line 613, in checker
    except Exception as e:

NameError: name 'get_lesson_kb' is not defined
2026-05-09 12:50:54 | ERROR    | asyncio.events:_run:89 - An error has been caught in function '_run', process 'MainProcess' (22996), thread 'MainThread' (18920):
Traceback (most recent call last):

  File "<frozen runpy>", line 198, in _run_module_as_main
  File "<frozen runpy>", line 88, in _run_code

  File "C:\Users\Chane\AppData\Local\Programs\Python\Python313\Scripts\celery.exe\__main__.py", line 7, in <module>

  File "C:\Users\Chane\AppData\Local\Programs\Python\Python313\Lib\site-packages\celery\__main__.py", line 15, in main
    sys.exit(_main())
    │   │    └ <function main at 0x0000024AB9F920C0>
    │   └ <built-in function exit>
    └ <module 'sys' (built-in)>
  File "C:\Users\Chane\AppData\Local\Programs\Python\Python313\Lib\site-packages\celery\bin\celery.py", line 227, in main
    return celery(auto_envvar_prefix="CELERY")
           └ <DYMGroup celery>
  File "C:\Users\Chane\AppData\Local\Programs\Python\Python313\Lib\site-packages\click\core.py", line 1462, in __call__
    return self.main(*args, **kwargs)
           │    │     │       └ {'auto_envvar_prefix': 'CELERY'}
           │    │     └ ()
           │    └ <function Command.main at 0x0000024AB825D1C0>
           └ <DYMGroup celery>
  File "C:\Users\Chane\AppData\Local\Programs\Python\Python313\Lib\site-packages\click\core.py", line 1383, in main
    rv = self.invoke(ctx)
         │    │      └ <click.core.Context object at 0x0000024AB9EA30E0>
         │    └ <function Group.invoke at 0x0000024AB825E0C0>
         └ <DYMGroup celery>
  File "C:\Users\Chane\AppData\Local\Programs\Python\Python313\Lib\site-packages\click\core.py", line 1850, in invoke
    return _process_result(sub_ctx.command.invoke(sub_ctx))
           │               │       │       │      └ <click.core.Context object at 0x0000024ABA289F90>
           │               │       │       └ <function Command.invoke at 0x0000024AB825CEA0>
           │               │       └ <CeleryDaemonCommand worker>
           │               └ <click.core.Context object at 0x0000024ABA289F90>
           └ <function Group.invoke.<locals>._process_result at 0x0000024AB835B4C0>
  File "C:\Users\Chane\AppData\Local\Programs\Python\Python313\Lib\site-packages\click\core.py", line 1246, in invoke
    return ctx.invoke(self.callback, **ctx.params)
           │   │      │    │           │   └ {'loglevel': 20, 'pool': <class 'celery.concurrency.solo.TaskPool'>, 'without_mingle': True, 'without_gossip': True, 'hostnam...
           │   │      │    │           └ <click.core.Context object at 0x0000024ABA289F90>
           │   │      │    └ <function worker at 0x0000024AB934C4A0>
           │   │      └ <CeleryDaemonCommand worker>
           │   └ <function Context.invoke at 0x0000024AB825C0E0>
           └ <click.core.Context object at 0x0000024ABA289F90>
  File "C:\Users\Chane\AppData\Local\Programs\Python\Python313\Lib\site-packages\click\core.py", line 814, in invoke
    return callback(*args, **kwargs)
           │         │       └ {'loglevel': 20, 'pool': <class 'celery.concurrency.solo.TaskPool'>, 'without_mingle': True, 'without_gossip': True, 'hostnam...
           │         └ ()
           └ <function worker at 0x0000024AB934C4A0>
  File "C:\Users\Chane\AppData\Local\Programs\Python\Python313\Lib\site-packages\click\decorators.py", line 34, in new_func
    return f(get_current_context(), *args, **kwargs)
           │ │                       │       └ {'loglevel': 20, 'pool': <class 'celery.concurrency.solo.TaskPool'>, 'without_mingle': True, 'without_gossip': True, 'hostnam...
           │ │                       └ ()
           │ └ <function get_current_context at 0x0000024AB822E340>
           └ <function worker at 0x0000024AB934C400>
  File "C:\Users\Chane\AppData\Local\Programs\Python\Python313\Lib\site-packages\celery\bin\base.py", line 158, in caller
    return f(ctx, *args, **kwargs)
           │ │     │       └ {'loglevel': 20, 'pool': <class 'celery.concurrency.solo.TaskPool'>, 'without_mingle': True, 'without_gossip': True, 'hostnam...
           │ │     └ ()
           │ └ <click.core.Context object at 0x0000024ABA289F90>
           └ <function worker at 0x0000024AB934C360>
  File "C:\Users\Chane\AppData\Local\Programs\Python\Python313\Lib\site-packages\celery\bin\worker.py", line 367, in worker
    worker.start()
    │      └ <function WorkController.start at 0x0000024AB9264540>
    └ <Worker: celery@DESKTOP-V9VEJ4N (running)>
  File "C:\Users\Chane\AppData\Local\Programs\Python\Python313\Lib\site-packages\celery\worker\worker.py", line 203, in start
    self.blueprint.start(self)
    │    │         │     └ <Worker: celery@DESKTOP-V9VEJ4N (running)>
    │    │         └ <function Blueprint.start at 0x0000024AB9254180>
    │    └ <celery.worker.worker.WorkController.Blueprint object at 0x0000024AC22D6660>
    └ <Worker: celery@DESKTOP-V9VEJ4N (running)>
  File "C:\Users\Chane\AppData\Local\Programs\Python\Python313\Lib\site-packages\celery\bootsteps.py", line 116, in start
    step.start(parent)
    │    │     └ <Worker: celery@DESKTOP-V9VEJ4N (running)>
    │    └ <function StartStopStep.start at 0x0000024AB9255440>
    └ <step: Consumer>
  File "C:\Users\Chane\AppData\Local\Programs\Python\Python313\Lib\site-packages\celery\bootsteps.py", line 365, in start
    return self.obj.start()
           │    │   └ <function Consumer.start at 0x0000024AC2337100>
           │    └ <Consumer: celery@DESKTOP-V9VEJ4N (running)>
           └ <step: Consumer>
  File "C:\Users\Chane\AppData\Local\Programs\Python\Python313\Lib\site-packages\celery\worker\consumer\consumer.py", line 346, in start
    blueprint.start(self)
    │         │     └ <Consumer: celery@DESKTOP-V9VEJ4N (running)>
    │         └ <function Blueprint.start at 0x0000024AB9254180>
    └ <celery.worker.consumer.consumer.Consumer.Blueprint object at 0x0000024AC23396A0>
  File "C:\Users\Chane\AppData\Local\Programs\Python\Python313\Lib\site-packages\celery\bootsteps.py", line 116, in start
    step.start(parent)
    │    │     └ <Consumer: celery@DESKTOP-V9VEJ4N (running)>
    │    └ <function Evloop.start at 0x0000024AC23504A0>
    └ <step: event loop>
  File "C:\Users\Chane\AppData\Local\Programs\Python\Python313\Lib\site-packages\celery\worker\consumer\consumer.py", line 788, in start
    c.loop(*c.loop_args())
    │ │     │ └ <function Consumer.loop_args at 0x0000024AC2337600>
    │ │     └ <Consumer: celery@DESKTOP-V9VEJ4N (running)>
    │ └ <function synloop at 0x0000024AC2336840>
    └ <Consumer: celery@DESKTOP-V9VEJ4N (running)>
  File "C:\Users\Chane\AppData\Local\Programs\Python\Python313\Lib\site-packages\celery\worker\loops.py", line 168, in synloop
    _loop_cycle()
    └ <function synloop.<locals>._loop_cycle at 0x0000024AC23C9F80>
  File "C:\Users\Chane\AppData\Local\Programs\Python\Python313\Lib\site-packages\celery\worker\loops.py", line 157, in _loop_cycle
    connection.drain_events(timeout=2.0)
    │          └ <function Connection.drain_events at 0x0000024AB807DE40>
    └ <Connection: amqp://guest:**@127.0.0.1:5672// at 0x24ac2368d60>
  File "C:\Users\Chane\AppData\Local\Programs\Python\Python313\Lib\site-packages\kombu\connection.py", line 343, in drain_events
    return self.transport.drain_events(self.connection, **kwargs)
           │    │                      │    │             └ {'timeout': 2.0}
           │    │                      │    └ <property object at 0x0000024AB8090130>
           │    │                      └ <Connection: amqp://guest:**@127.0.0.1:5672// at 0x24ac2368d60>
           │    └ <property object at 0x0000024AB80901D0>
           └ <Connection: amqp://guest:**@127.0.0.1:5672// at 0x24ac2368d60>
  File "C:\Users\Chane\AppData\Local\Programs\Python\Python313\Lib\site-packages\kombu\transport\pyamqp.py", line 171, in drain_events
    return connection.drain_events(**kwargs)
           │          │              └ {'timeout': 2.0}
           │          └ <function Connection.drain_events at 0x0000024AB7DD7F60>
           └ <AMQP Connection: 127.0.0.1:5672// using <TCPTransport: 127.0.0.1:61202 -> 127.0.0.1:5672 at 0x24ac2389250> at 0x24ac2349160>
  File "C:\Users\Chane\AppData\Local\Programs\Python\Python313\Lib\site-packages\amqp\connection.py", line 526, in drain_events
    while not self.blocking_read(timeout):
              │    │             └ 2.0
              │    └ <function Connection.blocking_read at 0x0000024AB7DE0040>
              └ <AMQP Connection: 127.0.0.1:5672// using <TCPTransport: 127.0.0.1:61202 -> 127.0.0.1:5672 at 0x24ac2389250> at 0x24ac2349160>
  File "C:\Users\Chane\AppData\Local\Programs\Python\Python313\Lib\site-packages\amqp\connection.py", line 532, in blocking_read
    return self.on_inbound_frame(frame)
           │    │                └ (3, 1, b'[[1399867473, "\\u0412\\u0430\\u0448 \\u0443\\u0440\\u043e\\u043a \\u043f\\u043e\\u043b\\u0443\\u0447\\u0438\\u043b ...
           │    └ <property object at 0x0000024AB7DDC130>
           └ <AMQP Connection: 127.0.0.1:5672// using <TCPTransport: 127.0.0.1:61202 -> 127.0.0.1:5672 at 0x24ac2389250> at 0x24ac2349160>
  File "C:\Users\Chane\AppData\Local\Programs\Python\Python313\Lib\site-packages\amqp\method_framing.py", line 77, in on_frame
    callback(channel, msg.frame_method, msg.frame_args, msg)
    │        │        │   │             │   │           └ <amqp.basic_message.Message object at 0x0000024AC25B6F50>
    │        │        │   │             │   └ <member 'frame_args' of 'GenericContent' objects>
    │        │        │   │             └ <amqp.basic_message.Message object at 0x0000024AC25B6F50>
    │        │        │   └ <member 'frame_method' of 'GenericContent' objects>
    │        │        └ <amqp.basic_message.Message object at 0x0000024AC25B6F50>
    │        └ 1
    └ <bound method Connection.on_inbound_method of <AMQP Connection: 127.0.0.1:5672// using <TCPTransport: 127.0.0.1:61202 -> 127....
  File "C:\Users\Chane\AppData\Local\Programs\Python\Python313\Lib\site-packages\amqp\connection.py", line 538, in on_inbound_method
    return self.channels[channel_id].dispatch_method(
           │    │        └ 1
           │    └ {0: <AMQP Connection: 127.0.0.1:5672// using <TCPTransport: 127.0.0.1:61202 -> 127.0.0.1:5672 at 0x24ac2389250> at 0x24ac2349...
           └ <AMQP Connection: 127.0.0.1:5672// using <TCPTransport: 127.0.0.1:61202 -> 127.0.0.1:5672 at 0x24ac2389250> at 0x24ac2349160>
  File "C:\Users\Chane\AppData\Local\Programs\Python\Python313\Lib\site-packages\amqp\abstract_channel.py", line 156, in dispatch_method
    listener(*args)
    │         └ ['None1', 3, False, '', 'celery', <amqp.basic_message.Message object at 0x0000024AC25B6F50>]
    └ <bound method Channel._on_basic_deliver of <kombu.transport.pyamqp.Channel object at 0x0000024AC2349780>>
  File "C:\Users\Chane\AppData\Local\Programs\Python\Python313\Lib\site-packages\amqp\channel.py", line 1629, in _on_basic_deliver
    fun(msg)
    │   └ <amqp.basic_message.Message object at 0x0000024AC25B6F50>
    └ <bound method Consumer._receive_callback of <Consumer: [<Queue celery -> <Exchange celery(direct) bound to chan:1> -> celery ...
  File "C:\Users\Chane\AppData\Local\Programs\Python\Python313\Lib\site-packages\kombu\messaging.py", line 668, in _receive_callback
    return on_m(message) if on_m else self.receive(decoded, message)
           │    │           │         │    │       │        └ <Message object at 0x24ac22f3650 with details {'state': 'RECEIVED', 'content_type': 'application/json', 'delivery_tag': 3, 'b...
           │    │           │         │    │       └ None
           │    │           │         │    └ <function Consumer.receive at 0x0000024AB8BBCCC0>
           │    │           │         └ <Consumer: [<Queue celery -> <Exchange celery(direct) bound to chan:1> -> celery bound to chan:1>, <Queue celery@DESKTOP-V9VE...
           │    │           └ <function Consumer.create_task_handler.<locals>.on_task_received at 0x0000024AC23C9D00>
           │    └ <Message object at 0x24ac22f3650 with details {'state': 'RECEIVED', 'content_type': 'application/json', 'delivery_tag': 3, 'b...
           └ <function Consumer.create_task_handler.<locals>.on_task_received at 0x0000024AC23C9D00>
  File "C:\Users\Chane\AppData\Local\Programs\Python\Python313\Lib\site-packages\celery\worker\consumer\consumer.py", line 694, in on_task_received
    strategy(
    └ <function default.<locals>.task_message_handler at 0x0000024AC2396C00>
  File "C:\Users\Chane\AppData\Local\Programs\Python\Python313\Lib\site-packages\celery\worker\strategy.py", line 203, in task_message_handler
    return limit_task(req, bucket, 1)
           │          │    └ <kombu.utils.limits.TokenBucket object at 0x0000024AC2339550>
           │          └ <Request: send_single_tg_message[7ac8f162-b3bf-4434-b617-afe3649356ab] (1399867473, 'Ваш урок получил новый статус, ознакомьт...
           └ <bound method Consumer._limit_task of <Consumer: celery@DESKTOP-V9VEJ4N (running)>>
  File "C:\Users\Chane\AppData\Local\Programs\Python\Python313\Lib\site-packages\celery\worker\consumer\consumer.py", line 323, in _limit_task
    return self._schedule_bucket_request(bucket)
           │    │                        └ <kombu.utils.limits.TokenBucket object at 0x0000024AC2339550>
           │    └ <function Consumer._schedule_bucket_request at 0x0000024AC2336F20>
           └ <Consumer: celery@DESKTOP-V9VEJ4N (running)>
  File "C:\Users\Chane\AppData\Local\Programs\Python\Python313\Lib\site-packages\celery\worker\consumer\consumer.py", line 306, in _schedule_bucket_request
    self._limit_move_to_pool(request)
    │    │                   └ <Request: send_single_tg_message[7ac8f162-b3bf-4434-b617-afe3649356ab] (1399867473, 'Ваш урок получил новый статус, ознакомьт...
    │    └ <function Consumer._limit_move_to_pool at 0x0000024AC2336E80>
    └ <Consumer: celery@DESKTOP-V9VEJ4N (running)>
  File "C:\Users\Chane\AppData\Local\Programs\Python\Python313\Lib\site-packages\celery\worker\consumer\consumer.py", line 295, in _limit_move_to_pool
    self.on_task_request(request)
    │    │               └ <Request: send_single_tg_message[7ac8f162-b3bf-4434-b617-afe3649356ab] (1399867473, 'Ваш урок получил новый статус, ознакомьт...
    │    └ <bound method WorkController._process_task of <Worker: celery@DESKTOP-V9VEJ4N (running)>>
    └ <Consumer: celery@DESKTOP-V9VEJ4N (running)>
  File "C:\Users\Chane\AppData\Local\Programs\Python\Python313\Lib\site-packages\celery\worker\worker.py", line 226, in _process_task
    req.execute_using_pool(self.pool)
    │   │                  │    └ <celery.concurrency.solo.TaskPool object at 0x0000024AC22D7CB0>
    │   │                  └ <Worker: celery@DESKTOP-V9VEJ4N (running)>
    │   └ <function create_request_cls.<locals>.Request.execute_using_pool at 0x0000024AC2396CA0>
    └ <Request: send_single_tg_message[7ac8f162-b3bf-4434-b617-afe3649356ab] (1399867473, 'Ваш урок получил новый статус, ознакомьт...
  File "C:\Users\Chane\AppData\Local\Programs\Python\Python313\Lib\site-packages\celery\worker\request.py", line 770, in execute_using_pool
    result = apply_async(
             └ <bound method BasePool.apply_async of <celery.concurrency.solo.TaskPool object at 0x0000024AC22D7CB0>>
  File "C:\Users\Chane\AppData\Local\Programs\Python\Python313\Lib\site-packages\celery\concurrency\base.py", line 153, in apply_async
    return self.on_apply(target, args, kwargs,
           │    │        │       │     └ {}
           │    │        │       └ ('send_single_tg_message', '7ac8f162-b3bf-4434-b617-afe3649356ab', {'argsrepr': "(1399867473, 'Ваш урок получил новый статус,...
           │    │        └ <function fast_trace_task at 0x0000024AB92E9940>
           │    └ <function apply_target at 0x0000024AB81ACCC0>
           └ <celery.concurrency.solo.TaskPool object at 0x0000024AC22D7CB0>
  File "C:\Users\Chane\AppData\Local\Programs\Python\Python313\Lib\site-packages\celery\concurrency\base.py", line 30, in apply_target
    ret = target(*args, **kwargs)
          │       │       └ {}
          │       └ ('send_single_tg_message', '7ac8f162-b3bf-4434-b617-afe3649356ab', {'argsrepr': "(1399867473, 'Ваш урок получил новый статус,...
          └ <function fast_trace_task at 0x0000024AB92E9940>
  File "C:\Users\Chane\AppData\Local\Programs\Python\Python313\Lib\site-packages\celery\app\trace.py", line 773, in fast_trace_task
    R, I, T, Rstr = tasks[task].__trace__(
                    │     └ 'send_single_tg_message'
                    └ {'celery.map': <@task: celery.map of worker at 0x24aba1e7e00>, 'celery.backend_cleanup': <@task: celery.backend_cleanup of wo...
  File "C:\Users\Chane\AppData\Local\Programs\Python\Python313\Lib\site-packages\celery\app\trace.py", line 585, in trace_task
    R = retval = fun(*args, **kwargs)
                 │    │       └ {}
                 │    └ [1399867473, 'Ваш урок получил новый статус, ознакомьтесь с ним.', 'exp://10.171.36.68:8081/--/lesson/54']
                 └ <@task: send_single_tg_message of worker at 0x24aba1e7e00>
  File "C:\Users\Chane\AppData\Local\Programs\Python\Python313\Lib\site-packages\celery\app\trace.py", line 858, in __protected_call__
    return self.run(*args, **kwargs)
           │    │    │       └ {}
           │    │    └ (1399867473, 'Ваш урок получил новый статус, ознакомьтесь с ним.', 'exp://10.171.36.68:8081/--/lesson/54')
           │    └ <function send_single_tg_message at 0x0000024AC214B100>
           └ <@task: send_single_tg_message of worker at 0x24aba1e7e00>

  File "E:\dev\share_it\back-end\routers\tasks\notification_tasks.py", line 60, in send_single_tg_message
    _run_async_send(chat_id, message_text, url)
    │               │        │             └ 'exp://10.171.36.68:8081/--/lesson/54'
    │               │        └ 'Ваш урок получил новый статус, ознакомьтесь с ним.'
    │               └ 1399867473
    └ <function _run_async_send at 0x0000024AC214B880>

  File "E:\dev\share_it\back-end\routers\tasks\notification_tasks.py", line 84, in _run_async_send
    asyncio.run(_safe_send_message(chat_id, message_text, url))
    │       │   │                  │        │             └ 'exp://10.171.36.68:8081/--/lesson/54'
    │       │   │                  │        └ 'Ваш урок получил новый статус, ознакомьтесь с ним.'
    │       │   │                  └ 1399867473
    │       │   └ <function _safe_send_message at 0x0000024AC214B4C0>
    │       └ <function run at 0x0000024AB8CDE0C0>
    └ <module 'asyncio' from 'C:\\Users\\Chane\\AppData\\Local\\Programs\\Python\\Python313\\Lib\\asyncio\\__init__.py'>

  File "C:\Users\Chane\AppData\Local\Programs\Python\Python313\Lib\asyncio\runners.py", line 195, in run
    return runner.run(main)
           │      │   └ <coroutine object _safe_send_message at 0x0000024AC2330F40>
           │      └ <function Runner.run at 0x0000024AB8D19760>
           └ <asyncio.runners.Runner object at 0x0000024AC2424E10>
  File "C:\Users\Chane\AppData\Local\Programs\Python\Python313\Lib\asyncio\runners.py", line 118, in run
    return self._loop.run_until_complete(task)
           │    │     │                  └ <Task pending name='Task-12' coro=<_safe_send_message() running at C:\Users\Chane\AppData\Local\Programs\Python\Python313\Lib...
           │    │     └ <function BaseEventLoop.run_until_complete at 0x0000024AB8D0F1A0>
           │    └ <_WindowsSelectorEventLoop running=True closed=False debug=False>
           └ <asyncio.runners.Runner object at 0x0000024AC2424E10>
  File "C:\Users\Chane\AppData\Local\Programs\Python\Python313\Lib\asyncio\base_events.py", line 712, in run_until_complete
    self.run_forever()
    │    └ <function BaseEventLoop.run_forever at 0x0000024AB8D0F100>
    └ <_WindowsSelectorEventLoop running=True closed=False debug=False>
  File "C:\Users\Chane\AppData\Local\Programs\Python\Python313\Lib\asyncio\base_events.py", line 683, in run_forever
    self._run_once()
    │    └ <function BaseEventLoop._run_once at 0x0000024AB8D18F40>
    └ <_WindowsSelectorEventLoop running=True closed=False debug=False>
  File "C:\Users\Chane\AppData\Local\Programs\Python\Python313\Lib\asyncio\base_events.py", line 2040, in _run_once
    handle._run()
    │      └ <function Handle._run at 0x0000024AB8C56700>
    └ <Handle <_asyncio.TaskStepMethWrapper object at 0x0000024AC22E4580>()>
> File "C:\Users\Chane\AppData\Local\Programs\Python\Python313\Lib\asyncio\events.py", line 89, in _run
    self._context.run(self._callback, *self._args)
    │    │            │    │           │    └ <member '_args' of 'Handle' objects>
    │    │            │    │           └ <Handle <_asyncio.TaskStepMethWrapper object at 0x0000024AC22E4580>()>
    │    │            │    └ <member '_callback' of 'Handle' objects>
    │    │            └ <Handle <_asyncio.TaskStepMethWrapper object at 0x0000024AC22E4580>()>
    │    └ <member '_context' of 'Handle' objects>
    └ <Handle <_asyncio.TaskStepMethWrapper object at 0x0000024AC22E4580>()>

  File "E:\dev\share_it\back-end\routers\tasks\notification_tasks.py", line 71, in _safe_send_message
    from telegram_bot.keyboards.inline_keyboards import get_lesson_kb

ModuleNotFoundError: No module named 'telegram_bot'
2026-05-09 12:53:50 | ERROR    | routers.tasks.notification_tasks:_safe_send_message:76 - Failed to send message to chat_id 1399867473: Telegram server says - Bad Request: inline keyboard button URL 'exp://10.171.36.68:8081/--/lesson/54' is invalid: Unsupported URL protocol
2026-05-09 12:53:51 | ERROR    | asyncio.events:_run:89 - An error has been caught in function '_run', process 'MainProcess' (24152), thread 'MainThread' (8828):
Traceback (most recent call last):

  File "<frozen runpy>", line 198, in _run_module_as_main
  File "<frozen runpy>", line 88, in _run_code

  File "C:\Users\Chane\AppData\Local\Programs\Python\Python313\Scripts\celery.exe\__main__.py", line 7, in <module>

  File "C:\Users\Chane\AppData\Local\Programs\Python\Python313\Lib\site-packages\celery\__main__.py", line 15, in main
    sys.exit(_main())
    │   │    └ <function main at 0x000002375F5620C0>
    │   └ <built-in function exit>
    └ <module 'sys' (built-in)>
  File "C:\Users\Chane\AppData\Local\Programs\Python\Python313\Lib\site-packages\celery\bin\celery.py", line 227, in main
    return celery(auto_envvar_prefix="CELERY")
           └ <DYMGroup celery>
  File "C:\Users\Chane\AppData\Local\Programs\Python\Python313\Lib\site-packages\click\core.py", line 1462, in __call__
    return self.main(*args, **kwargs)
           │    │     │       └ {'auto_envvar_prefix': 'CELERY'}
           │    │     └ ()
           │    └ <function Command.main at 0x000002375D85D1C0>
           └ <DYMGroup celery>
  File "C:\Users\Chane\AppData\Local\Programs\Python\Python313\Lib\site-packages\click\core.py", line 1383, in main
    rv = self.invoke(ctx)
         │    │      └ <click.core.Context object at 0x000002375F4730E0>
         │    └ <function Group.invoke at 0x000002375D85E0C0>
         └ <DYMGroup celery>
  File "C:\Users\Chane\AppData\Local\Programs\Python\Python313\Lib\site-packages\click\core.py", line 1850, in invoke
    return _process_result(sub_ctx.command.invoke(sub_ctx))
           │               │       │       │      └ <click.core.Context object at 0x000002375F859F90>
           │               │       │       └ <function Command.invoke at 0x000002375D85CEA0>
           │               │       └ <CeleryDaemonCommand worker>
           │               └ <click.core.Context object at 0x000002375F859F90>
           └ <function Group.invoke.<locals>._process_result at 0x000002375D9634C0>
  File "C:\Users\Chane\AppData\Local\Programs\Python\Python313\Lib\site-packages\click\core.py", line 1246, in invoke
    return ctx.invoke(self.callback, **ctx.params)
           │   │      │    │           │   └ {'loglevel': 20, 'pool': <class 'celery.concurrency.solo.TaskPool'>, 'without_mingle': True, 'without_gossip': True, 'hostnam...
           │   │      │    │           └ <click.core.Context object at 0x000002375F859F90>
           │   │      │    └ <function worker at 0x000002375E9384A0>
           │   │      └ <CeleryDaemonCommand worker>
           │   └ <function Context.invoke at 0x000002375D85C0E0>
           └ <click.core.Context object at 0x000002375F859F90>
  File "C:\Users\Chane\AppData\Local\Programs\Python\Python313\Lib\site-packages\click\core.py", line 814, in invoke
    return callback(*args, **kwargs)
           │         │       └ {'loglevel': 20, 'pool': <class 'celery.concurrency.solo.TaskPool'>, 'without_mingle': True, 'without_gossip': True, 'hostnam...
           │         └ ()
           └ <function worker at 0x000002375E9384A0>
  File "C:\Users\Chane\AppData\Local\Programs\Python\Python313\Lib\site-packages\click\decorators.py", line 34, in new_func
    return f(get_current_context(), *args, **kwargs)
           │ │                       │       └ {'loglevel': 20, 'pool': <class 'celery.concurrency.solo.TaskPool'>, 'without_mingle': True, 'without_gossip': True, 'hostnam...
           │ │                       └ ()
           │ └ <function get_current_context at 0x000002375D82A340>
           └ <function worker at 0x000002375E938400>
  File "C:\Users\Chane\AppData\Local\Programs\Python\Python313\Lib\site-packages\celery\bin\base.py", line 158, in caller
    return f(ctx, *args, **kwargs)
           │ │     │       └ {'loglevel': 20, 'pool': <class 'celery.concurrency.solo.TaskPool'>, 'without_mingle': True, 'without_gossip': True, 'hostnam...
           │ │     └ ()
           │ └ <click.core.Context object at 0x000002375F859F90>
           └ <function worker at 0x000002375E938360>
  File "C:\Users\Chane\AppData\Local\Programs\Python\Python313\Lib\site-packages\celery\bin\worker.py", line 367, in worker
    worker.start()
    │      └ <function WorkController.start at 0x000002375E854540>
    └ <Worker: celery@DESKTOP-V9VEJ4N (running)>
  File "C:\Users\Chane\AppData\Local\Programs\Python\Python313\Lib\site-packages\celery\worker\worker.py", line 203, in start
    self.blueprint.start(self)
    │    │         │     └ <Worker: celery@DESKTOP-V9VEJ4N (running)>
    │    │         └ <function Blueprint.start at 0x000002375E844180>
    │    └ <celery.worker.worker.WorkController.Blueprint object at 0x00000237678BA7B0>
    └ <Worker: celery@DESKTOP-V9VEJ4N (running)>
  File "C:\Users\Chane\AppData\Local\Programs\Python\Python313\Lib\site-packages\celery\bootsteps.py", line 116, in start
    step.start(parent)
    │    │     └ <Worker: celery@DESKTOP-V9VEJ4N (running)>
    │    └ <function StartStopStep.start at 0x000002375E845440>
    └ <step: Consumer>
  File "C:\Users\Chane\AppData\Local\Programs\Python\Python313\Lib\site-packages\celery\bootsteps.py", line 365, in start
    return self.obj.start()
           │    │   └ <function Consumer.start at 0x000002376793CF40>
           │    └ <Consumer: celery@DESKTOP-V9VEJ4N (running)>
           └ <step: Consumer>
  File "C:\Users\Chane\AppData\Local\Programs\Python\Python313\Lib\site-packages\celery\worker\consumer\consumer.py", line 346, in start
    blueprint.start(self)
    │         │     └ <Consumer: celery@DESKTOP-V9VEJ4N (running)>
    │         └ <function Blueprint.start at 0x000002375E844180>
    └ <celery.worker.consumer.consumer.Consumer.Blueprint object at 0x00000237679297F0>
  File "C:\Users\Chane\AppData\Local\Programs\Python\Python313\Lib\site-packages\celery\bootsteps.py", line 116, in start
    step.start(parent)
    │    │     └ <Consumer: celery@DESKTOP-V9VEJ4N (running)>
    │    └ <function Evloop.start at 0x000002376793E2A0>
    └ <step: event loop>
  File "C:\Users\Chane\AppData\Local\Programs\Python\Python313\Lib\site-packages\celery\worker\consumer\consumer.py", line 788, in start
    c.loop(*c.loop_args())
    │ │     │ └ <function Consumer.loop_args at 0x000002376793D440>
    │ │     └ <Consumer: celery@DESKTOP-V9VEJ4N (running)>
    │ └ <function synloop at 0x000002376793C680>
    └ <Consumer: celery@DESKTOP-V9VEJ4N (running)>
  File "C:\Users\Chane\AppData\Local\Programs\Python\Python313\Lib\site-packages\celery\worker\loops.py", line 168, in synloop
    _loop_cycle()
    └ <function synloop.<locals>._loop_cycle at 0x00000237679A7D80>
  File "C:\Users\Chane\AppData\Local\Programs\Python\Python313\Lib\site-packages\celery\worker\loops.py", line 157, in _loop_cycle
    connection.drain_events(timeout=2.0)
    │          └ <function Connection.drain_events at 0x000002375D67DE40>
    └ <Connection: amqp://guest:**@127.0.0.1:5672// at 0x2376794d0f0>
  File "C:\Users\Chane\AppData\Local\Programs\Python\Python313\Lib\site-packages\kombu\connection.py", line 343, in drain_events
    return self.transport.drain_events(self.connection, **kwargs)
           │    │                      │    │             └ {'timeout': 2.0}
           │    │                      │    └ <property object at 0x000002375D5BFE20>
           │    │                      └ <Connection: amqp://guest:**@127.0.0.1:5672// at 0x2376794d0f0>
           │    └ <property object at 0x000002375D5BFEC0>
           └ <Connection: amqp://guest:**@127.0.0.1:5672// at 0x2376794d0f0>
  File "C:\Users\Chane\AppData\Local\Programs\Python\Python313\Lib\site-packages\kombu\transport\pyamqp.py", line 171, in drain_events
    return connection.drain_events(**kwargs)
           │          │              └ {'timeout': 2.0}
           │          └ <function Connection.drain_events at 0x000002375BD97F60>
           └ <AMQP Connection: 127.0.0.1:5672// using <TCPTransport: 127.0.0.1:50224 -> 127.0.0.1:5672 at 0x237679724d0> at 0x23767911fd0>
  File "C:\Users\Chane\AppData\Local\Programs\Python\Python313\Lib\site-packages\amqp\connection.py", line 526, in drain_events
    while not self.blocking_read(timeout):
              │    │             └ 2.0
              │    └ <function Connection.blocking_read at 0x000002375BD9C040>
              └ <AMQP Connection: 127.0.0.1:5672// using <TCPTransport: 127.0.0.1:50224 -> 127.0.0.1:5672 at 0x237679724d0> at 0x23767911fd0>
  File "C:\Users\Chane\AppData\Local\Programs\Python\Python313\Lib\site-packages\amqp\connection.py", line 532, in blocking_read
    return self.on_inbound_frame(frame)
           │    │                └ (3, 1, b'[[1399867473, "\\u0412\\u0430\\u0448 \\u0443\\u0440\\u043e\\u043a \\u043f\\u043e\\u043b\\u0443\\u0447\\u0438\\u043b ...
           │    └ <property object at 0x000002375BB2BEC0>
           └ <AMQP Connection: 127.0.0.1:5672// using <TCPTransport: 127.0.0.1:50224 -> 127.0.0.1:5672 at 0x237679724d0> at 0x23767911fd0>
  File "C:\Users\Chane\AppData\Local\Programs\Python\Python313\Lib\site-packages\amqp\method_framing.py", line 77, in on_frame
    callback(channel, msg.frame_method, msg.frame_args, msg)
    │        │        │   │             │   │           └ <amqp.basic_message.Message object at 0x00000237679CC1D0>
    │        │        │   │             │   └ <member 'frame_args' of 'GenericContent' objects>
    │        │        │   │             └ <amqp.basic_message.Message object at 0x00000237679CC1D0>
    │        │        │   └ <member 'frame_method' of 'GenericContent' objects>
    │        │        └ <amqp.basic_message.Message object at 0x00000237679CC1D0>
    │        └ 1
    └ <bound method Connection.on_inbound_method of <AMQP Connection: 127.0.0.1:5672// using <TCPTransport: 127.0.0.1:50224 -> 127....
  File "C:\Users\Chane\AppData\Local\Programs\Python\Python313\Lib\site-packages\amqp\connection.py", line 538, in on_inbound_method
    return self.channels[channel_id].dispatch_method(
           │    │        └ 1
           │    └ {0: <AMQP Connection: 127.0.0.1:5672// using <TCPTransport: 127.0.0.1:50224 -> 127.0.0.1:5672 at 0x237679724d0> at 0x23767911...
           └ <AMQP Connection: 127.0.0.1:5672// using <TCPTransport: 127.0.0.1:50224 -> 127.0.0.1:5672 at 0x237679724d0> at 0x23767911fd0>
  File "C:\Users\Chane\AppData\Local\Programs\Python\Python313\Lib\site-packages\amqp\abstract_channel.py", line 156, in dispatch_method
    listener(*args)
    │         └ ['None1', 2, False, '', 'celery', <amqp.basic_message.Message object at 0x00000237679CC1D0>]
    └ <bound method Channel._on_basic_deliver of <kombu.transport.pyamqp.Channel object at 0x00000237679125F0>>
  File "C:\Users\Chane\AppData\Local\Programs\Python\Python313\Lib\site-packages\amqp\channel.py", line 1629, in _on_basic_deliver
    fun(msg)
    │   └ <amqp.basic_message.Message object at 0x00000237679CC1D0>
    └ <bound method Consumer._receive_callback of <Consumer: [<Queue celery -> <Exchange celery(direct) bound to chan:1> -> celery ...
  File "C:\Users\Chane\AppData\Local\Programs\Python\Python313\Lib\site-packages\kombu\messaging.py", line 668, in _receive_callback
    return on_m(message) if on_m else self.receive(decoded, message)
           │    │           │         │    │       │        └ <Message object at 0x237678dbb60 with details {'state': 'RECEIVED', 'content_type': 'application/json', 'delivery_tag': 2, 'b...
           │    │           │         │    │       └ None
           │    │           │         │    └ <function Consumer.receive at 0x000002375D9BCCC0>
           │    │           │         └ <Consumer: [<Queue celery -> <Exchange celery(direct) bound to chan:1> -> celery bound to chan:1>, <Queue celery@DESKTOP-V9VE...
           │    │           └ <function Consumer.create_task_handler.<locals>.on_task_received at 0x00000237679A7B00>
           │    └ <Message object at 0x237678dbb60 with details {'state': 'RECEIVED', 'content_type': 'application/json', 'delivery_tag': 2, 'b...
           └ <function Consumer.create_task_handler.<locals>.on_task_received at 0x00000237679A7B00>
  File "C:\Users\Chane\AppData\Local\Programs\Python\Python313\Lib\site-packages\celery\worker\consumer\consumer.py", line 694, in on_task_received
    strategy(
    └ <function default.<locals>.task_message_handler at 0x00000237679A67A0>
  File "C:\Users\Chane\AppData\Local\Programs\Python\Python313\Lib\site-packages\celery\worker\strategy.py", line 203, in task_message_handler
    return limit_task(req, bucket, 1)
           │          │    └ <kombu.utils.limits.TokenBucket object at 0x00000237679296A0>
           │          └ <Request: send_single_tg_message[624ac27e-4438-49b3-80c7-3c0dad78ccb3] (1399867473, 'Ваш урок получил новый статус, ознакомьт...
           └ <bound method Consumer._limit_task of <Consumer: celery@DESKTOP-V9VEJ4N (running)>>
  File "C:\Users\Chane\AppData\Local\Programs\Python\Python313\Lib\site-packages\celery\worker\consumer\consumer.py", line 323, in _limit_task
    return self._schedule_bucket_request(bucket)
           │    │                        └ <kombu.utils.limits.TokenBucket object at 0x00000237679296A0>
           │    └ <function Consumer._schedule_bucket_request at 0x000002376793CD60>
           └ <Consumer: celery@DESKTOP-V9VEJ4N (running)>
  File "C:\Users\Chane\AppData\Local\Programs\Python\Python313\Lib\site-packages\celery\worker\consumer\consumer.py", line 306, in _schedule_bucket_request
    self._limit_move_to_pool(request)
    │    │                   └ <Request: send_single_tg_message[624ac27e-4438-49b3-80c7-3c0dad78ccb3] (1399867473, 'Ваш урок получил новый статус, ознакомьт...
    │    └ <function Consumer._limit_move_to_pool at 0x000002376793CCC0>
    └ <Consumer: celery@DESKTOP-V9VEJ4N (running)>
  File "C:\Users\Chane\AppData\Local\Programs\Python\Python313\Lib\site-packages\celery\worker\consumer\consumer.py", line 295, in _limit_move_to_pool
    self.on_task_request(request)
    │    │               └ <Request: send_single_tg_message[624ac27e-4438-49b3-80c7-3c0dad78ccb3] (1399867473, 'Ваш урок получил новый статус, ознакомьт...
    │    └ <bound method WorkController._process_task of <Worker: celery@DESKTOP-V9VEJ4N (running)>>
    └ <Consumer: celery@DESKTOP-V9VEJ4N (running)>
  File "C:\Users\Chane\AppData\Local\Programs\Python\Python313\Lib\site-packages\celery\worker\worker.py", line 226, in _process_task
    req.execute_using_pool(self.pool)
    │   │                  │    └ <celery.concurrency.solo.TaskPool object at 0x00000237678BBE00>
    │   │                  └ <Worker: celery@DESKTOP-V9VEJ4N (running)>
    │   └ <function create_request_cls.<locals>.Request.execute_using_pool at 0x00000237679A6840>
    └ <Request: send_single_tg_message[624ac27e-4438-49b3-80c7-3c0dad78ccb3] (1399867473, 'Ваш урок получил новый статус, ознакомьт...
  File "C:\Users\Chane\AppData\Local\Programs\Python\Python313\Lib\site-packages\celery\worker\request.py", line 770, in execute_using_pool
    result = apply_async(
             └ <bound method BasePool.apply_async of <celery.concurrency.solo.TaskPool object at 0x00000237678BBE00>>
  File "C:\Users\Chane\AppData\Local\Programs\Python\Python313\Lib\site-packages\celery\concurrency\base.py", line 153, in apply_async
    return self.on_apply(target, args, kwargs,
           │    │        │       │     └ {}
           │    │        │       └ ('send_single_tg_message', '624ac27e-4438-49b3-80c7-3c0dad78ccb3', {'argsrepr': "(1399867473, 'Ваш урок получил новый статус,...
           │    │        └ <function fast_trace_task at 0x000002375E8D1940>
           │    └ <function apply_target at 0x000002375D7A8CC0>
           └ <celery.concurrency.solo.TaskPool object at 0x00000237678BBE00>
  File "C:\Users\Chane\AppData\Local\Programs\Python\Python313\Lib\site-packages\celery\concurrency\base.py", line 30, in apply_target
    ret = target(*args, **kwargs)
          │       │       └ {}
          │       └ ('send_single_tg_message', '624ac27e-4438-49b3-80c7-3c0dad78ccb3', {'argsrepr': "(1399867473, 'Ваш урок получил новый статус,...
          └ <function fast_trace_task at 0x000002375E8D1940>
  File "C:\Users\Chane\AppData\Local\Programs\Python\Python313\Lib\site-packages\celery\app\trace.py", line 773, in fast_trace_task
    R, I, T, Rstr = tasks[task].__trace__(
                    │     └ 'send_single_tg_message'
                    └ {'celery.map': <@task: celery.map of worker at 0x2375f7b7e00>, 'celery.backend_cleanup': <@task: celery.backend_cleanup of wo...
  File "C:\Users\Chane\AppData\Local\Programs\Python\Python313\Lib\site-packages\celery\app\trace.py", line 585, in trace_task
    R = retval = fun(*args, **kwargs)
                 │    │       └ {}
                 │    └ [1399867473, 'Ваш урок получил новый статус, ознакомьтесь с ним.', 'exp://10.171.36.68:8081/--/lesson/54']
                 └ <@task: send_single_tg_message of worker at 0x2375f7b7e00>
  File "C:\Users\Chane\AppData\Local\Programs\Python\Python313\Lib\site-packages\celery\app\trace.py", line 858, in __protected_call__
    return self.run(*args, **kwargs)
           │    │    │       └ {}
           │    │    └ (1399867473, 'Ваш урок получил новый статус, ознакомьтесь с ним.', 'exp://10.171.36.68:8081/--/lesson/54')
           │    └ <function send_single_tg_message at 0x0000023767740E00>
           └ <@task: send_single_tg_message of worker at 0x2375f7b7e00>

  File "E:\dev\share_it\back-end\routers\tasks\notification_tasks.py", line 60, in send_single_tg_message
    _run_async_send(chat_id, message_text, url)
    │               │        │             └ 'exp://10.171.36.68:8081/--/lesson/54'
    │               │        └ 'Ваш урок получил новый статус, ознакомьтесь с ним.'
    │               └ 1399867473
    └ <function _run_async_send at 0x0000023767741580>

  File "E:\dev\share_it\back-end\routers\tasks\notification_tasks.py", line 83, in _run_async_send
    asyncio.run(_safe_send_message(chat_id, message_text, url))
    │       │   │                  │        │             └ 'exp://10.171.36.68:8081/--/lesson/54'
    │       │   │                  │        └ 'Ваш урок получил новый статус, ознакомьтесь с ним.'
    │       │   │                  └ 1399867473
    │       │   └ <function _safe_send_message at 0x00000237677411C0>
    │       └ <function run at 0x000002375E2DE0C0>
    └ <module 'asyncio' from 'C:\\Users\\Chane\\AppData\\Local\\Programs\\Python\\Python313\\Lib\\asyncio\\__init__.py'>

  File "C:\Users\Chane\AppData\Local\Programs\Python\Python313\Lib\asyncio\runners.py", line 195, in run
    return runner.run(main)
           │      │   └ <coroutine object _safe_send_message at 0x0000023767915540>
           │      └ <function Runner.run at 0x000002375E315760>
           └ <asyncio.runners.Runner object at 0x0000023767A10F50>
  File "C:\Users\Chane\AppData\Local\Programs\Python\Python313\Lib\asyncio\runners.py", line 118, in run
    return self._loop.run_until_complete(task)
           │    │     │                  └ <Task pending name='Task-7' coro=<_safe_send_message() running at C:\Users\Chane\AppData\Local\Programs\Python\Python313\Lib\...
           │    │     └ <function BaseEventLoop.run_until_complete at 0x000002375E30F1A0>
           │    └ <_WindowsSelectorEventLoop running=True closed=False debug=False>
           └ <asyncio.runners.Runner object at 0x0000023767A10F50>
  File "C:\Users\Chane\AppData\Local\Programs\Python\Python313\Lib\asyncio\base_events.py", line 712, in run_until_complete
    self.run_forever()
    │    └ <function BaseEventLoop.run_forever at 0x000002375E30F100>
    └ <_WindowsSelectorEventLoop running=True closed=False debug=False>
  File "C:\Users\Chane\AppData\Local\Programs\Python\Python313\Lib\asyncio\base_events.py", line 683, in run_forever
    self._run_once()
    │    └ <function BaseEventLoop._run_once at 0x000002375E314F40>
    └ <_WindowsSelectorEventLoop running=True closed=False debug=False>
  File "C:\Users\Chane\AppData\Local\Programs\Python\Python313\Lib\asyncio\base_events.py", line 2040, in _run_once
    handle._run()
    │      └ <function Handle._run at 0x000002375DA56700>
    └ <Handle Task.task_wakeup()>
> File "C:\Users\Chane\AppData\Local\Programs\Python\Python313\Lib\asyncio\events.py", line 89, in _run
    self._context.run(self._callback, *self._args)
    │    │            │    │           │    └ <member '_args' of 'Handle' objects>
    │    │            │    │           └ <Handle Task.task_wakeup()>
    │    │            │    └ <member '_callback' of 'Handle' objects>
    │    │            └ <Handle Task.task_wakeup()>
    │    └ <member '_context' of 'Handle' objects>
    └ <Handle Task.task_wakeup()>

  File "E:\dev\share_it\back-end\routers\tasks\notification_tasks.py", line 77, in _safe_send_message
    raise e

  File "E:\dev\share_it\back-end\routers\tasks\notification_tasks.py", line 74, in _safe_send_message
    await bot.send_message(chat_id, message_text, reply_markup=kb)
          │   │            │        │                          └ InlineKeyboardMarkup(inline_keyboard=[[InlineKeyboardButton(text='Перейти к уроку', url='exp://10.171.36.68:8081/--/lesson/54...
          │   │            │        └ 'Ваш урок получил новый статус, ознакомьтесь с ним.'
          │   │            └ 1399867473
          │   └ <function Bot.send_message at 0x0000023764B9D120>
          └ <aiogram.client.bot.Bot object at 0x00000237679916A0>

  File "C:\Users\Chane\AppData\Local\Programs\Python\Python313\Lib\site-packages\aiogram\client\bot.py", line 2850, in send_message
    return await self(call, request_timeout=request_timeout)
                 │    │                     └ None
                 │    └ SendMessage(chat_id=1399867473, text='Ваш урок получил новый статус, ознакомьтесь с ним.', business_connection_id=None, messa...
                 └ <aiogram.client.bot.Bot object at 0x00000237679916A0>
  File "C:\Users\Chane\AppData\Local\Programs\Python\Python313\Lib\site-packages\aiogram\client\bot.py", line 478, in __call__
    return await self.session(self, method, timeout=request_timeout)
                 │    │       │     │               └ None
                 │    │       │     └ SendMessage(chat_id=1399867473, text='Ваш урок получил новый статус, ознакомьтесь с ним.', business_connection_id=None, messa...
                 │    │       └ <aiogram.client.bot.Bot object at 0x00000237679916A0>
                 │    └ <aiogram.client.session.aiohttp.AiohttpSession object at 0x0000023767990AD0>
                 └ <aiogram.client.bot.Bot object at 0x00000237679916A0>
  File "C:\Users\Chane\AppData\Local\Programs\Python\Python313\Lib\site-packages\aiogram\client\session\base.py", line 254, in __call__
    return cast(TelegramType, await middleware(bot, method))
           │    │                   │          │    └ SendMessage(chat_id=1399867473, text='Ваш урок получил новый статус, ознакомьтесь с ним.', business_connection_id=None, messa...
           │    │                   │          └ <aiogram.client.bot.Bot object at 0x00000237679916A0>
           │    │                   └ functools.partial(<bound method AiohttpSession.make_request of <aiogram.client.session.aiohttp.AiohttpSession object at 0x000...
           │    └ ~TelegramType
           └ <function cast at 0x000002375B14CD60>
  File "C:\Users\Chane\AppData\Local\Programs\Python\Python313\Lib\site-packages\aiogram\client\session\aiohttp.py", line 185, in make_request
    response = self.check_response(
               │    └ <function BaseSession.check_response at 0x0000023764C40900>
               └ <aiogram.client.session.aiohttp.AiohttpSession object at 0x0000023767990AD0>
  File "C:\Users\Chane\AppData\Local\Programs\Python\Python313\Lib\site-packages\aiogram\client\session\base.py", line 120, in check_response
    raise TelegramBadRequest(method=method, message=description)
          │                         │               └ "Bad Request: inline keyboard button URL 'exp://10.171.36.68:8081/--/lesson/54' is invalid: Unsupported URL protocol"
          │                         └ SendMessage(chat_id=1399867473, text='Ваш урок получил новый статус, ознакомьтесь с ним.', business_connection_id=None, messa...
          └ <class 'aiogram.exceptions.TelegramBadRequest'>

aiogram.exceptions.TelegramBadRequest: Telegram server says - Bad Request: inline keyboard button URL 'exp://10.171.36.68:8081/--/lesson/54' is invalid: Unsupported URL protocol
2026-05-09 12:54:20 | ERROR    | routers.tasks.notification_tasks:_safe_send_message:76 - Failed to send message to chat_id 1399867473: Telegram server says - Bad Request: inline keyboard button URL 'exp://10.171.36.68:8081/--/lesson/54' is invalid: Unsupported URL protocol
2026-05-09 12:54:21 | ERROR    | asyncio.events:_run:89 - An error has been caught in function '_run', process 'MainProcess' (13472), thread 'MainThread' (8616):
Traceback (most recent call last):

  File "<frozen runpy>", line 198, in _run_module_as_main
  File "<frozen runpy>", line 88, in _run_code

  File "C:\Users\Chane\AppData\Local\Programs\Python\Python313\Scripts\celery.exe\__main__.py", line 7, in <module>

  File "C:\Users\Chane\AppData\Local\Programs\Python\Python313\Lib\site-packages\celery\__main__.py", line 15, in main
    sys.exit(_main())
    │   │    └ <function main at 0x000002C727B220C0>
    │   └ <built-in function exit>
    └ <module 'sys' (built-in)>
  File "C:\Users\Chane\AppData\Local\Programs\Python\Python313\Lib\site-packages\celery\bin\celery.py", line 227, in main
    return celery(auto_envvar_prefix="CELERY")
           └ <DYMGroup celery>
  File "C:\Users\Chane\AppData\Local\Programs\Python\Python313\Lib\site-packages\click\core.py", line 1462, in __call__
    return self.main(*args, **kwargs)
           │    │     │       └ {'auto_envvar_prefix': 'CELERY'}
           │    │     └ ()
           │    └ <function Command.main at 0x000002C725E3D1C0>
           └ <DYMGroup celery>
  File "C:\Users\Chane\AppData\Local\Programs\Python\Python313\Lib\site-packages\click\core.py", line 1383, in main
    rv = self.invoke(ctx)
         │    │      └ <click.core.Context object at 0x000002C727A330E0>
         │    └ <function Group.invoke at 0x000002C725E3E0C0>
         └ <DYMGroup celery>
  File "C:\Users\Chane\AppData\Local\Programs\Python\Python313\Lib\site-packages\click\core.py", line 1850, in invoke
    return _process_result(sub_ctx.command.invoke(sub_ctx))
           │               │       │       │      └ <click.core.Context object at 0x000002C727E19F90>
           │               │       │       └ <function Command.invoke at 0x000002C725E3CEA0>
           │               │       └ <CeleryDaemonCommand worker>
           │               └ <click.core.Context object at 0x000002C727E19F90>
           └ <function Group.invoke.<locals>._process_result at 0x000002C725F3B4C0>
  File "C:\Users\Chane\AppData\Local\Programs\Python\Python313\Lib\site-packages\click\core.py", line 1246, in invoke
    return ctx.invoke(self.callback, **ctx.params)
           │   │      │    │           │   └ {'loglevel': 20, 'pool': <class 'celery.concurrency.solo.TaskPool'>, 'without_mingle': True, 'without_gossip': True, 'hostnam...
           │   │      │    │           └ <click.core.Context object at 0x000002C727E19F90>
           │   │      │    └ <function worker at 0x000002C726F1C4A0>
           │   │      └ <CeleryDaemonCommand worker>
           │   └ <function Context.invoke at 0x000002C725E3C0E0>
           └ <click.core.Context object at 0x000002C727E19F90>
  File "C:\Users\Chane\AppData\Local\Programs\Python\Python313\Lib\site-packages\click\core.py", line 814, in invoke
    return callback(*args, **kwargs)
           │         │       └ {'loglevel': 20, 'pool': <class 'celery.concurrency.solo.TaskPool'>, 'without_mingle': True, 'without_gossip': True, 'hostnam...
           │         └ ()
           └ <function worker at 0x000002C726F1C4A0>
  File "C:\Users\Chane\AppData\Local\Programs\Python\Python313\Lib\site-packages\click\decorators.py", line 34, in new_func
    return f(get_current_context(), *args, **kwargs)
           │ │                       │       └ {'loglevel': 20, 'pool': <class 'celery.concurrency.solo.TaskPool'>, 'without_mingle': True, 'without_gossip': True, 'hostnam...
           │ │                       └ ()
           │ └ <function get_current_context at 0x000002C725E0E340>
           └ <function worker at 0x000002C726F1C400>
  File "C:\Users\Chane\AppData\Local\Programs\Python\Python313\Lib\site-packages\celery\bin\base.py", line 158, in caller
    return f(ctx, *args, **kwargs)
           │ │     │       └ {'loglevel': 20, 'pool': <class 'celery.concurrency.solo.TaskPool'>, 'without_mingle': True, 'without_gossip': True, 'hostnam...
           │ │     └ ()
           │ └ <click.core.Context object at 0x000002C727E19F90>
           └ <function worker at 0x000002C726F1C360>
  File "C:\Users\Chane\AppData\Local\Programs\Python\Python313\Lib\site-packages\celery\bin\worker.py", line 367, in worker
    worker.start()
    │      └ <function WorkController.start at 0x000002C726E34540>
    └ <Worker: celery@DESKTOP-V9VEJ4N (running)>
  File "C:\Users\Chane\AppData\Local\Programs\Python\Python313\Lib\site-packages\celery\worker\worker.py", line 203, in start
    self.blueprint.start(self)
    │    │         │     └ <Worker: celery@DESKTOP-V9VEJ4N (running)>
    │    │         └ <function Blueprint.start at 0x000002C726E24180>
    │    └ <celery.worker.worker.WorkController.Blueprint object at 0x000002C72FE7A660>
    └ <Worker: celery@DESKTOP-V9VEJ4N (running)>
  File "C:\Users\Chane\AppData\Local\Programs\Python\Python313\Lib\site-packages\celery\bootsteps.py", line 116, in start
    step.start(parent)
    │    │     └ <Worker: celery@DESKTOP-V9VEJ4N (running)>
    │    └ <function StartStopStep.start at 0x000002C726E25440>
    └ <step: Consumer>
  File "C:\Users\Chane\AppData\Local\Programs\Python\Python313\Lib\site-packages\celery\bootsteps.py", line 365, in start
    return self.obj.start()
           │    │   └ <function Consumer.start at 0x000002C72FEFCF40>
           │    └ <Consumer: celery@DESKTOP-V9VEJ4N (running)>
           └ <step: Consumer>
  File "C:\Users\Chane\AppData\Local\Programs\Python\Python313\Lib\site-packages\celery\worker\consumer\consumer.py", line 346, in start
    blueprint.start(self)
    │         │     └ <Consumer: celery@DESKTOP-V9VEJ4N (running)>
    │         └ <function Blueprint.start at 0x000002C726E24180>
    └ <celery.worker.consumer.consumer.Consumer.Blueprint object at 0x000002C72FEE96A0>
  File "C:\Users\Chane\AppData\Local\Programs\Python\Python313\Lib\site-packages\celery\bootsteps.py", line 116, in start
    step.start(parent)
    │    │     └ <Consumer: celery@DESKTOP-V9VEJ4N (running)>
    │    └ <function Evloop.start at 0x000002C72FEFE2A0>
    └ <step: event loop>
  File "C:\Users\Chane\AppData\Local\Programs\Python\Python313\Lib\site-packages\celery\worker\consumer\consumer.py", line 788, in start
    c.loop(*c.loop_args())
    │ │     │ └ <function Consumer.loop_args at 0x000002C72FEFD440>
    │ │     └ <Consumer: celery@DESKTOP-V9VEJ4N (running)>
    │ └ <function synloop at 0x000002C72FEFC680>
    └ <Consumer: celery@DESKTOP-V9VEJ4N (running)>
  File "C:\Users\Chane\AppData\Local\Programs\Python\Python313\Lib\site-packages\celery\worker\loops.py", line 168, in synloop
    _loop_cycle()
    └ <function synloop.<locals>._loop_cycle at 0x000002C72FF43D80>
  File "C:\Users\Chane\AppData\Local\Programs\Python\Python313\Lib\site-packages\celery\worker\loops.py", line 157, in _loop_cycle
    connection.drain_events(timeout=2.0)
    │          └ <function Connection.drain_events at 0x000002C725C5DE40>
    └ <Connection: amqp://guest:**@127.0.0.1:5672// at 0x2c72ff0d0f0>
  File "C:\Users\Chane\AppData\Local\Programs\Python\Python313\Lib\site-packages\kombu\connection.py", line 343, in drain_events
    return self.transport.drain_events(self.connection, **kwargs)
           │    │                      │    │             └ {'timeout': 2.0}
           │    │                      │    └ <property object at 0x000002C725C700E0>
           │    │                      └ <Connection: amqp://guest:**@127.0.0.1:5672// at 0x2c72ff0d0f0>
           │    └ <property object at 0x000002C725C70180>
           └ <Connection: amqp://guest:**@127.0.0.1:5672// at 0x2c72ff0d0f0>
  File "C:\Users\Chane\AppData\Local\Programs\Python\Python313\Lib\site-packages\kombu\transport\pyamqp.py", line 171, in drain_events
    return connection.drain_events(**kwargs)
           │          │              └ {'timeout': 2.0}
           │          └ <function Connection.drain_events at 0x000002C725947F60>
           └ <AMQP Connection: 127.0.0.1:5672// using <TCPTransport: 127.0.0.1:57449 -> 127.0.0.1:5672 at 0x2c72ff364d0> at 0x2c72fed1fd0>
  File "C:\Users\Chane\AppData\Local\Programs\Python\Python313\Lib\site-packages\amqp\connection.py", line 526, in drain_events
    while not self.blocking_read(timeout):
              │    │             └ 2.0
              │    └ <function Connection.blocking_read at 0x000002C725950040>
              └ <AMQP Connection: 127.0.0.1:5672// using <TCPTransport: 127.0.0.1:57449 -> 127.0.0.1:5672 at 0x2c72ff364d0> at 0x2c72fed1fd0>
  File "C:\Users\Chane\AppData\Local\Programs\Python\Python313\Lib\site-packages\amqp\connection.py", line 532, in blocking_read
    return self.on_inbound_frame(frame)
           │    │                └ (3, 1, b'[[1399867473, "\\u0412\\u0430\\u0448 \\u0443\\u0440\\u043e\\u043a \\u043f\\u043e\\u043b\\u0443\\u0447\\u0438\\u043b ...
           │    └ <property object at 0x000002C72594C130>
           └ <AMQP Connection: 127.0.0.1:5672// using <TCPTransport: 127.0.0.1:57449 -> 127.0.0.1:5672 at 0x2c72ff364d0> at 0x2c72fed1fd0>
  File "C:\Users\Chane\AppData\Local\Programs\Python\Python313\Lib\site-packages\amqp\method_framing.py", line 77, in on_frame
    callback(channel, msg.frame_method, msg.frame_args, msg)
    │        │        │   │             │   │           └ <amqp.basic_message.Message object at 0x000002C72FF906D0>
    │        │        │   │             │   └ <member 'frame_args' of 'GenericContent' objects>
    │        │        │   │             └ <amqp.basic_message.Message object at 0x000002C72FF906D0>
    │        │        │   └ <member 'frame_method' of 'GenericContent' objects>
    │        │        └ <amqp.basic_message.Message object at 0x000002C72FF906D0>
    │        └ 1
    └ <bound method Connection.on_inbound_method of <AMQP Connection: 127.0.0.1:5672// using <TCPTransport: 127.0.0.1:57449 -> 127....
  File "C:\Users\Chane\AppData\Local\Programs\Python\Python313\Lib\site-packages\amqp\connection.py", line 538, in on_inbound_method
    return self.channels[channel_id].dispatch_method(
           │    │        └ 1
           │    └ {0: <AMQP Connection: 127.0.0.1:5672// using <TCPTransport: 127.0.0.1:57449 -> 127.0.0.1:5672 at 0x2c72ff364d0> at 0x2c72fed1...
           └ <AMQP Connection: 127.0.0.1:5672// using <TCPTransport: 127.0.0.1:57449 -> 127.0.0.1:5672 at 0x2c72ff364d0> at 0x2c72fed1fd0>
  File "C:\Users\Chane\AppData\Local\Programs\Python\Python313\Lib\site-packages\amqp\abstract_channel.py", line 156, in dispatch_method
    listener(*args)
    │         └ ['None1', 3, False, '', 'celery', <amqp.basic_message.Message object at 0x000002C72FF906D0>]
    └ <bound method Channel._on_basic_deliver of <kombu.transport.pyamqp.Channel object at 0x000002C72FED25F0>>
  File "C:\Users\Chane\AppData\Local\Programs\Python\Python313\Lib\site-packages\amqp\channel.py", line 1629, in _on_basic_deliver
    fun(msg)
    │   └ <amqp.basic_message.Message object at 0x000002C72FF906D0>
    └ <bound method Consumer._receive_callback of <Consumer: [<Queue celery -> <Exchange celery(direct) bound to chan:1> -> celery ...
  File "C:\Users\Chane\AppData\Local\Programs\Python\Python313\Lib\site-packages\kombu\messaging.py", line 668, in _receive_callback
    return on_m(message) if on_m else self.receive(decoded, message)
           │    │           │         │    │       │        └ <Message object at 0x2c72fe9bbf0 with details {'state': 'RECEIVED', 'content_type': 'application/json', 'delivery_tag': 3, 'b...
           │    │           │         │    │       └ None
           │    │           │         │    └ <function Consumer.receive at 0x000002C725F9CCC0>
           │    │           │         └ <Consumer: [<Queue celery -> <Exchange celery(direct) bound to chan:1> -> celery bound to chan:1>, <Queue celery@DESKTOP-V9VE...
           │    │           └ <function Consumer.create_task_handler.<locals>.on_task_received at 0x000002C72FF43B00>
           │    └ <Message object at 0x2c72fe9bbf0 with details {'state': 'RECEIVED', 'content_type': 'application/json', 'delivery_tag': 3, 'b...
           └ <function Consumer.create_task_handler.<locals>.on_task_received at 0x000002C72FF43B00>
  File "C:\Users\Chane\AppData\Local\Programs\Python\Python313\Lib\site-packages\celery\worker\consumer\consumer.py", line 694, in on_task_received
    strategy(
    └ <function default.<locals>.task_message_handler at 0x000002C72FF427A0>
  File "C:\Users\Chane\AppData\Local\Programs\Python\Python313\Lib\site-packages\celery\worker\strategy.py", line 203, in task_message_handler
    return limit_task(req, bucket, 1)
           │          │    └ <kombu.utils.limits.TokenBucket object at 0x000002C72FEE9550>
           │          └ <Request: send_single_tg_message[956a5b5f-a184-4f2e-a59b-7e411749d1d2] (1399867473, 'Ваш урок получил новый статус, ознакомьт...
           └ <bound method Consumer._limit_task of <Consumer: celery@DESKTOP-V9VEJ4N (running)>>
  File "C:\Users\Chane\AppData\Local\Programs\Python\Python313\Lib\site-packages\celery\worker\consumer\consumer.py", line 323, in _limit_task
    return self._schedule_bucket_request(bucket)
           │    │                        └ <kombu.utils.limits.TokenBucket object at 0x000002C72FEE9550>
           │    └ <function Consumer._schedule_bucket_request at 0x000002C72FEFCD60>
           └ <Consumer: celery@DESKTOP-V9VEJ4N (running)>
  File "C:\Users\Chane\AppData\Local\Programs\Python\Python313\Lib\site-packages\celery\worker\consumer\consumer.py", line 306, in _schedule_bucket_request
    self._limit_move_to_pool(request)
    │    │                   └ <Request: send_single_tg_message[956a5b5f-a184-4f2e-a59b-7e411749d1d2] (1399867473, 'Ваш урок получил новый статус, ознакомьт...
    │    └ <function Consumer._limit_move_to_pool at 0x000002C72FEFCCC0>
    └ <Consumer: celery@DESKTOP-V9VEJ4N (running)>
  File "C:\Users\Chane\AppData\Local\Programs\Python\Python313\Lib\site-packages\celery\worker\consumer\consumer.py", line 295, in _limit_move_to_pool
    self.on_task_request(request)
    │    │               └ <Request: send_single_tg_message[956a5b5f-a184-4f2e-a59b-7e411749d1d2] (1399867473, 'Ваш урок получил новый статус, ознакомьт...
    │    └ <bound method WorkController._process_task of <Worker: celery@DESKTOP-V9VEJ4N (running)>>
    └ <Consumer: celery@DESKTOP-V9VEJ4N (running)>
  File "C:\Users\Chane\AppData\Local\Programs\Python\Python313\Lib\site-packages\celery\worker\worker.py", line 226, in _process_task
    req.execute_using_pool(self.pool)
    │   │                  │    └ <celery.concurrency.solo.TaskPool object at 0x000002C72FE7BCB0>
    │   │                  └ <Worker: celery@DESKTOP-V9VEJ4N (running)>
    │   └ <function create_request_cls.<locals>.Request.execute_using_pool at 0x000002C72FF42840>
    └ <Request: send_single_tg_message[956a5b5f-a184-4f2e-a59b-7e411749d1d2] (1399867473, 'Ваш урок получил новый статус, ознакомьт...
  File "C:\Users\Chane\AppData\Local\Programs\Python\Python313\Lib\site-packages\celery\worker\request.py", line 770, in execute_using_pool
    result = apply_async(
             └ <bound method BasePool.apply_async of <celery.concurrency.solo.TaskPool object at 0x000002C72FE7BCB0>>
  File "C:\Users\Chane\AppData\Local\Programs\Python\Python313\Lib\site-packages\celery\concurrency\base.py", line 153, in apply_async
    return self.on_apply(target, args, kwargs,
           │    │        │       │     └ {}
           │    │        │       └ ('send_single_tg_message', '956a5b5f-a184-4f2e-a59b-7e411749d1d2', {'argsrepr': "(1399867473, 'Ваш урок получил новый статус,...
           │    │        └ <function fast_trace_task at 0x000002C726EB9940>
           │    └ <function apply_target at 0x000002C725D8CCC0>
           └ <celery.concurrency.solo.TaskPool object at 0x000002C72FE7BCB0>
  File "C:\Users\Chane\AppData\Local\Programs\Python\Python313\Lib\site-packages\celery\concurrency\base.py", line 30, in apply_target
    ret = target(*args, **kwargs)
          │       │       └ {}
          │       └ ('send_single_tg_message', '956a5b5f-a184-4f2e-a59b-7e411749d1d2', {'argsrepr': "(1399867473, 'Ваш урок получил новый статус,...
          └ <function fast_trace_task at 0x000002C726EB9940>
  File "C:\Users\Chane\AppData\Local\Programs\Python\Python313\Lib\site-packages\celery\app\trace.py", line 773, in fast_trace_task
    R, I, T, Rstr = tasks[task].__trace__(
                    │     └ 'send_single_tg_message'
                    └ {'celery.map': <@task: celery.map of worker at 0x2c727d77e00>, 'celery.backend_cleanup': <@task: celery.backend_cleanup of wo...
  File "C:\Users\Chane\AppData\Local\Programs\Python\Python313\Lib\site-packages\celery\app\trace.py", line 585, in trace_task
    R = retval = fun(*args, **kwargs)
                 │    │       └ {}
                 │    └ [1399867473, 'Ваш урок получил новый статус, ознакомьтесь с ним.', 'exp://10.171.36.68:8081/--/lesson/54']
                 └ <@task: send_single_tg_message of worker at 0x2c727d77e00>
  File "C:\Users\Chane\AppData\Local\Programs\Python\Python313\Lib\site-packages\celery\app\trace.py", line 858, in __protected_call__
    return self.run(*args, **kwargs)
           │    │    │       └ {}
           │    │    └ (1399867473, 'Ваш урок получил новый статус, ознакомьтесь с ним.', 'exp://10.171.36.68:8081/--/lesson/54')
           │    └ <function send_single_tg_message at 0x000002C72FD00E00>
           └ <@task: send_single_tg_message of worker at 0x2c727d77e00>

  File "E:\dev\share_it\back-end\routers\tasks\notification_tasks.py", line 60, in send_single_tg_message
    _run_async_send(chat_id, message_text, url)
    │               │        │             └ 'exp://10.171.36.68:8081/--/lesson/54'
    │               │        └ 'Ваш урок получил новый статус, ознакомьтесь с ним.'
    │               └ 1399867473
    └ <function _run_async_send at 0x000002C72FD01580>

  File "E:\dev\share_it\back-end\routers\tasks\notification_tasks.py", line 83, in _run_async_send
    asyncio.run(_safe_send_message(chat_id, message_text, url))
    │       │   │                  │        │             └ 'exp://10.171.36.68:8081/--/lesson/54'
    │       │   │                  │        └ 'Ваш урок получил новый статус, ознакомьтесь с ним.'
    │       │   │                  └ 1399867473
    │       │   └ <function _safe_send_message at 0x000002C72FD011C0>
    │       └ <function run at 0x000002C7268BE0C0>
    └ <module 'asyncio' from 'C:\\Users\\Chane\\AppData\\Local\\Programs\\Python\\Python313\\Lib\\asyncio\\__init__.py'>

  File "C:\Users\Chane\AppData\Local\Programs\Python\Python313\Lib\asyncio\runners.py", line 195, in run
    return runner.run(main)
           │      │   └ <coroutine object _safe_send_message at 0x000002C72FED7740>
           │      └ <function Runner.run at 0x000002C7268F5760>
           └ <asyncio.runners.Runner object at 0x000002C72FFD1810>
  File "C:\Users\Chane\AppData\Local\Programs\Python\Python313\Lib\asyncio\runners.py", line 118, in run
    return self._loop.run_until_complete(task)
           │    │     │                  └ <Task pending name='Task-12' coro=<_safe_send_message() running at C:\Users\Chane\AppData\Local\Programs\Python\Python313\Lib...
           │    │     └ <function BaseEventLoop.run_until_complete at 0x000002C7268EF1A0>
           │    └ <_WindowsSelectorEventLoop running=True closed=False debug=False>
           └ <asyncio.runners.Runner object at 0x000002C72FFD1810>
  File "C:\Users\Chane\AppData\Local\Programs\Python\Python313\Lib\asyncio\base_events.py", line 712, in run_until_complete
    self.run_forever()
    │    └ <function BaseEventLoop.run_forever at 0x000002C7268EF100>
    └ <_WindowsSelectorEventLoop running=True closed=False debug=False>
  File "C:\Users\Chane\AppData\Local\Programs\Python\Python313\Lib\asyncio\base_events.py", line 683, in run_forever
    self._run_once()
    │    └ <function BaseEventLoop._run_once at 0x000002C7268F4F40>
    └ <_WindowsSelectorEventLoop running=True closed=False debug=False>
  File "C:\Users\Chane\AppData\Local\Programs\Python\Python313\Lib\asyncio\base_events.py", line 2040, in _run_once
    handle._run()
    │      └ <function Handle._run at 0x000002C726036700>
    └ <Handle Task.task_wakeup()>
> File "C:\Users\Chane\AppData\Local\Programs\Python\Python313\Lib\asyncio\events.py", line 89, in _run
    self._context.run(self._callback, *self._args)
    │    │            │    │           │    └ <member '_args' of 'Handle' objects>
    │    │            │    │           └ <Handle Task.task_wakeup()>
    │    │            │    └ <member '_callback' of 'Handle' objects>
    │    │            └ <Handle Task.task_wakeup()>
    │    └ <member '_context' of 'Handle' objects>
    └ <Handle Task.task_wakeup()>

  File "E:\dev\share_it\back-end\routers\tasks\notification_tasks.py", line 77, in _safe_send_message
    raise e

  File "E:\dev\share_it\back-end\routers\tasks\notification_tasks.py", line 74, in _safe_send_message
    await bot.send_message(chat_id, message_text, reply_markup=kb)
          │   │            │        │                          └ InlineKeyboardMarkup(inline_keyboard=[[InlineKeyboardButton(text='Перейти к уроку', url='exp://10.171.36.68:8081/--/lesson/54...
          │   │            │        └ 'Ваш урок получил новый статус, ознакомьтесь с ним.'
          │   │            └ 1399867473
          │   └ <function Bot.send_message at 0x000002C72D155120>
          └ <aiogram.client.bot.Bot object at 0x000002C72FF51550>

  File "C:\Users\Chane\AppData\Local\Programs\Python\Python313\Lib\site-packages\aiogram\client\bot.py", line 2850, in send_message
    return await self(call, request_timeout=request_timeout)
                 │    │                     └ None
                 │    └ SendMessage(chat_id=1399867473, text='Ваш урок получил новый статус, ознакомьтесь с ним.', business_connection_id=None, messa...
                 └ <aiogram.client.bot.Bot object at 0x000002C72FF51550>
  File "C:\Users\Chane\AppData\Local\Programs\Python\Python313\Lib\site-packages\aiogram\client\bot.py", line 478, in __call__
    return await self.session(self, method, timeout=request_timeout)
                 │    │       │     │               └ None
                 │    │       │     └ SendMessage(chat_id=1399867473, text='Ваш урок получил новый статус, ознакомьтесь с ним.', business_connection_id=None, messa...
                 │    │       └ <aiogram.client.bot.Bot object at 0x000002C72FF51550>
                 │    └ <aiogram.client.session.aiohttp.AiohttpSession object at 0x000002C72FF53230>
                 └ <aiogram.client.bot.Bot object at 0x000002C72FF51550>
  File "C:\Users\Chane\AppData\Local\Programs\Python\Python313\Lib\site-packages\aiogram\client\session\base.py", line 254, in __call__
    return cast(TelegramType, await middleware(bot, method))
           │    │                   │          │    └ SendMessage(chat_id=1399867473, text='Ваш урок получил новый статус, ознакомьтесь с ним.', business_connection_id=None, messa...
           │    │                   │          └ <aiogram.client.bot.Bot object at 0x000002C72FF51550>
           │    │                   └ functools.partial(<bound method AiohttpSession.make_request of <aiogram.client.session.aiohttp.AiohttpSession object at 0x000...
           │    └ ~TelegramType
           └ <function cast at 0x000002C7236CCD60>
  File "C:\Users\Chane\AppData\Local\Programs\Python\Python313\Lib\site-packages\aiogram\client\session\aiohttp.py", line 185, in make_request
    response = self.check_response(
               │    └ <function BaseSession.check_response at 0x000002C72D200900>
               └ <aiogram.client.session.aiohttp.AiohttpSession object at 0x000002C72FF53230>
  File "C:\Users\Chane\AppData\Local\Programs\Python\Python313\Lib\site-packages\aiogram\client\session\base.py", line 120, in check_response
    raise TelegramBadRequest(method=method, message=description)
          │                         │               └ "Bad Request: inline keyboard button URL 'exp://10.171.36.68:8081/--/lesson/54' is invalid: Unsupported URL protocol"
          │                         └ SendMessage(chat_id=1399867473, text='Ваш урок получил новый статус, ознакомьтесь с ним.', business_connection_id=None, messa...
          └ <class 'aiogram.exceptions.TelegramBadRequest'>

aiogram.exceptions.TelegramBadRequest: Telegram server says - Bad Request: inline keyboard button URL 'exp://10.171.36.68:8081/--/lesson/54' is invalid: Unsupported URL protocol
2026-05-09 12:58:27 | ERROR    | routers.tasks.notification_tasks:_safe_send_message:76 - Failed to send message to chat_id 1399867473: Telegram server says - Bad Request: inline keyboard button URL 'exp://10.171.36.68:8081/--/lesson/54' is invalid: Unsupported URL protocol
2026-05-09 12:58:27 | ERROR    | asyncio.events:_run:89 - An error has been caught in function '_run', process 'MainProcess' (24152), thread 'MainThread' (8828):
Traceback (most recent call last):

  File "<frozen runpy>", line 198, in _run_module_as_main
  File "<frozen runpy>", line 88, in _run_code

  File "C:\Users\Chane\AppData\Local\Programs\Python\Python313\Scripts\celery.exe\__main__.py", line 7, in <module>

  File "C:\Users\Chane\AppData\Local\Programs\Python\Python313\Lib\site-packages\celery\__main__.py", line 15, in main
    sys.exit(_main())
    │   │    └ <function main at 0x000002375F5620C0>
    │   └ <built-in function exit>
    └ <module 'sys' (built-in)>
  File "C:\Users\Chane\AppData\Local\Programs\Python\Python313\Lib\site-packages\celery\bin\celery.py", line 227, in main
    return celery(auto_envvar_prefix="CELERY")
           └ <DYMGroup celery>
  File "C:\Users\Chane\AppData\Local\Programs\Python\Python313\Lib\site-packages\click\core.py", line 1462, in __call__
    return self.main(*args, **kwargs)
           │    │     │       └ {'auto_envvar_prefix': 'CELERY'}
           │    │     └ ()
           │    └ <function Command.main at 0x000002375D85D1C0>
           └ <DYMGroup celery>
  File "C:\Users\Chane\AppData\Local\Programs\Python\Python313\Lib\site-packages\click\core.py", line 1383, in main
    rv = self.invoke(ctx)
         │    │      └ <click.core.Context object at 0x000002375F4730E0>
         │    └ <function Group.invoke at 0x000002375D85E0C0>
         └ <DYMGroup celery>
  File "C:\Users\Chane\AppData\Local\Programs\Python\Python313\Lib\site-packages\click\core.py", line 1850, in invoke
    return _process_result(sub_ctx.command.invoke(sub_ctx))
           │               │       │       │      └ <click.core.Context object at 0x000002375F859F90>
           │               │       │       └ <function Command.invoke at 0x000002375D85CEA0>
           │               │       └ <CeleryDaemonCommand worker>
           │               └ <click.core.Context object at 0x000002375F859F90>
           └ <function Group.invoke.<locals>._process_result at 0x000002375D9634C0>
  File "C:\Users\Chane\AppData\Local\Programs\Python\Python313\Lib\site-packages\click\core.py", line 1246, in invoke
    return ctx.invoke(self.callback, **ctx.params)
           │   │      │    │           │   └ {'loglevel': 20, 'pool': <class 'celery.concurrency.solo.TaskPool'>, 'without_mingle': True, 'without_gossip': True, 'hostnam...
           │   │      │    │           └ <click.core.Context object at 0x000002375F859F90>
           │   │      │    └ <function worker at 0x000002375E9384A0>
           │   │      └ <CeleryDaemonCommand worker>
           │   └ <function Context.invoke at 0x000002375D85C0E0>
           └ <click.core.Context object at 0x000002375F859F90>
  File "C:\Users\Chane\AppData\Local\Programs\Python\Python313\Lib\site-packages\click\core.py", line 814, in invoke
    return callback(*args, **kwargs)
           │         │       └ {'loglevel': 20, 'pool': <class 'celery.concurrency.solo.TaskPool'>, 'without_mingle': True, 'without_gossip': True, 'hostnam...
           │         └ ()
           └ <function worker at 0x000002375E9384A0>
  File "C:\Users\Chane\AppData\Local\Programs\Python\Python313\Lib\site-packages\click\decorators.py", line 34, in new_func
    return f(get_current_context(), *args, **kwargs)
           │ │                       │       └ {'loglevel': 20, 'pool': <class 'celery.concurrency.solo.TaskPool'>, 'without_mingle': True, 'without_gossip': True, 'hostnam...
           │ │                       └ ()
           │ └ <function get_current_context at 0x000002375D82A340>
           └ <function worker at 0x000002375E938400>
  File "C:\Users\Chane\AppData\Local\Programs\Python\Python313\Lib\site-packages\celery\bin\base.py", line 158, in caller
    return f(ctx, *args, **kwargs)
           │ │     │       └ {'loglevel': 20, 'pool': <class 'celery.concurrency.solo.TaskPool'>, 'without_mingle': True, 'without_gossip': True, 'hostnam...
           │ │     └ ()
           │ └ <click.core.Context object at 0x000002375F859F90>
           └ <function worker at 0x000002375E938360>
  File "C:\Users\Chane\AppData\Local\Programs\Python\Python313\Lib\site-packages\celery\bin\worker.py", line 367, in worker
    worker.start()
    │      └ <function WorkController.start at 0x000002375E854540>
    └ <Worker: celery@DESKTOP-V9VEJ4N (running)>
  File "C:\Users\Chane\AppData\Local\Programs\Python\Python313\Lib\site-packages\celery\worker\worker.py", line 203, in start
    self.blueprint.start(self)
    │    │         │     └ <Worker: celery@DESKTOP-V9VEJ4N (running)>
    │    │         └ <function Blueprint.start at 0x000002375E844180>
    │    └ <celery.worker.worker.WorkController.Blueprint object at 0x00000237678BA7B0>
    └ <Worker: celery@DESKTOP-V9VEJ4N (running)>
  File "C:\Users\Chane\AppData\Local\Programs\Python\Python313\Lib\site-packages\celery\bootsteps.py", line 116, in start
    step.start(parent)
    │    │     └ <Worker: celery@DESKTOP-V9VEJ4N (running)>
    │    └ <function StartStopStep.start at 0x000002375E845440>
    └ <step: Consumer>
  File "C:\Users\Chane\AppData\Local\Programs\Python\Python313\Lib\site-packages\celery\bootsteps.py", line 365, in start
    return self.obj.start()
           │    │   └ <function Consumer.start at 0x000002376793CF40>
           │    └ <Consumer: celery@DESKTOP-V9VEJ4N (running)>
           └ <step: Consumer>
  File "C:\Users\Chane\AppData\Local\Programs\Python\Python313\Lib\site-packages\celery\worker\consumer\consumer.py", line 346, in start
    blueprint.start(self)
    │         │     └ <Consumer: celery@DESKTOP-V9VEJ4N (running)>
    │         └ <function Blueprint.start at 0x000002375E844180>
    └ <celery.worker.consumer.consumer.Consumer.Blueprint object at 0x00000237679297F0>
  File "C:\Users\Chane\AppData\Local\Programs\Python\Python313\Lib\site-packages\celery\bootsteps.py", line 116, in start
    step.start(parent)
    │    │     └ <Consumer: celery@DESKTOP-V9VEJ4N (running)>
    │    └ <function Evloop.start at 0x000002376793E2A0>
    └ <step: event loop>
  File "C:\Users\Chane\AppData\Local\Programs\Python\Python313\Lib\site-packages\celery\worker\consumer\consumer.py", line 788, in start
    c.loop(*c.loop_args())
    │ │     │ └ <function Consumer.loop_args at 0x000002376793D440>
    │ │     └ <Consumer: celery@DESKTOP-V9VEJ4N (running)>
    │ └ <function synloop at 0x000002376793C680>
    └ <Consumer: celery@DESKTOP-V9VEJ4N (running)>
  File "C:\Users\Chane\AppData\Local\Programs\Python\Python313\Lib\site-packages\celery\worker\loops.py", line 168, in synloop
    _loop_cycle()
    └ <function synloop.<locals>._loop_cycle at 0x00000237679A7D80>
  File "C:\Users\Chane\AppData\Local\Programs\Python\Python313\Lib\site-packages\celery\worker\loops.py", line 157, in _loop_cycle
    connection.drain_events(timeout=2.0)
    │          └ <function Connection.drain_events at 0x000002375D67DE40>
    └ <Connection: amqp://guest:**@127.0.0.1:5672// at 0x2376794d0f0>
  File "C:\Users\Chane\AppData\Local\Programs\Python\Python313\Lib\site-packages\kombu\connection.py", line 343, in drain_events
    return self.transport.drain_events(self.connection, **kwargs)
           │    │                      │    │             └ {'timeout': 2.0}
           │    │                      │    └ <property object at 0x000002375D5BFE20>
           │    │                      └ <Connection: amqp://guest:**@127.0.0.1:5672// at 0x2376794d0f0>
           │    └ <property object at 0x000002375D5BFEC0>
           └ <Connection: amqp://guest:**@127.0.0.1:5672// at 0x2376794d0f0>
  File "C:\Users\Chane\AppData\Local\Programs\Python\Python313\Lib\site-packages\kombu\transport\pyamqp.py", line 171, in drain_events
    return connection.drain_events(**kwargs)
           │          │              └ {'timeout': 2.0}
           │          └ <function Connection.drain_events at 0x000002375BD97F60>
           └ <AMQP Connection: 127.0.0.1:5672// using <TCPTransport: 127.0.0.1:50224 -> 127.0.0.1:5672 at 0x237679724d0> at 0x23767911fd0>
  File "C:\Users\Chane\AppData\Local\Programs\Python\Python313\Lib\site-packages\amqp\connection.py", line 526, in drain_events
    while not self.blocking_read(timeout):
              │    │             └ 2.0
              │    └ <function Connection.blocking_read at 0x000002375BD9C040>
              └ <AMQP Connection: 127.0.0.1:5672// using <TCPTransport: 127.0.0.1:50224 -> 127.0.0.1:5672 at 0x237679724d0> at 0x23767911fd0>
  File "C:\Users\Chane\AppData\Local\Programs\Python\Python313\Lib\site-packages\amqp\connection.py", line 532, in blocking_read
    return self.on_inbound_frame(frame)
           │    │                └ (3, 1, b'[[1399867473, "\\u0412\\u0430\\u0448 \\u0443\\u0440\\u043e\\u043a \\u043f\\u043e\\u043b\\u0443\\u0447\\u0438\\u043b ...
           │    └ <property object at 0x000002375BB2BEC0>
           └ <AMQP Connection: 127.0.0.1:5672// using <TCPTransport: 127.0.0.1:50224 -> 127.0.0.1:5672 at 0x237679724d0> at 0x23767911fd0>
  File "C:\Users\Chane\AppData\Local\Programs\Python\Python313\Lib\site-packages\amqp\method_framing.py", line 77, in on_frame
    callback(channel, msg.frame_method, msg.frame_args, msg)
    │        │        │   │             │   │           └ <amqp.basic_message.Message object at 0x0000023767D67C50>
    │        │        │   │             │   └ <member 'frame_args' of 'GenericContent' objects>
    │        │        │   │             └ <amqp.basic_message.Message object at 0x0000023767D67C50>
    │        │        │   └ <member 'frame_method' of 'GenericContent' objects>
    │        │        └ <amqp.basic_message.Message object at 0x0000023767D67C50>
    │        └ 1
    └ <bound method Connection.on_inbound_method of <AMQP Connection: 127.0.0.1:5672// using <TCPTransport: 127.0.0.1:50224 -> 127....
  File "C:\Users\Chane\AppData\Local\Programs\Python\Python313\Lib\site-packages\amqp\connection.py", line 538, in on_inbound_method
    return self.channels[channel_id].dispatch_method(
           │    │        └ 1
           │    └ {0: <AMQP Connection: 127.0.0.1:5672// using <TCPTransport: 127.0.0.1:50224 -> 127.0.0.1:5672 at 0x237679724d0> at 0x23767911...
           └ <AMQP Connection: 127.0.0.1:5672// using <TCPTransport: 127.0.0.1:50224 -> 127.0.0.1:5672 at 0x237679724d0> at 0x23767911fd0>
  File "C:\Users\Chane\AppData\Local\Programs\Python\Python313\Lib\site-packages\amqp\abstract_channel.py", line 156, in dispatch_method
    listener(*args)
    │         └ ['None1', 5, False, '', 'celery', <amqp.basic_message.Message object at 0x0000023767D67C50>]
    └ <bound method Channel._on_basic_deliver of <kombu.transport.pyamqp.Channel object at 0x00000237679125F0>>
  File "C:\Users\Chane\AppData\Local\Programs\Python\Python313\Lib\site-packages\amqp\channel.py", line 1629, in _on_basic_deliver
    fun(msg)
    │   └ <amqp.basic_message.Message object at 0x0000023767D67C50>
    └ <bound method Consumer._receive_callback of <Consumer: [<Queue celery -> <Exchange celery(direct) bound to chan:1> -> celery ...
  File "C:\Users\Chane\AppData\Local\Programs\Python\Python313\Lib\site-packages\kombu\messaging.py", line 668, in _receive_callback
    return on_m(message) if on_m else self.receive(decoded, message)
           │    │           │         │    │       │        └ <Message object at 0x237678dbb60 with details {'state': 'RECEIVED', 'content_type': 'application/json', 'delivery_tag': 5, 'b...
           │    │           │         │    │       └ None
           │    │           │         │    └ <function Consumer.receive at 0x000002375D9BCCC0>
           │    │           │         └ <Consumer: [<Queue celery -> <Exchange celery(direct) bound to chan:1> -> celery bound to chan:1>, <Queue celery@DESKTOP-V9VE...
           │    │           └ <function Consumer.create_task_handler.<locals>.on_task_received at 0x00000237679A7B00>
           │    └ <Message object at 0x237678dbb60 with details {'state': 'RECEIVED', 'content_type': 'application/json', 'delivery_tag': 5, 'b...
           └ <function Consumer.create_task_handler.<locals>.on_task_received at 0x00000237679A7B00>
  File "C:\Users\Chane\AppData\Local\Programs\Python\Python313\Lib\site-packages\celery\worker\consumer\consumer.py", line 694, in on_task_received
    strategy(
    └ <function default.<locals>.task_message_handler at 0x00000237679A67A0>
  File "C:\Users\Chane\AppData\Local\Programs\Python\Python313\Lib\site-packages\celery\worker\strategy.py", line 203, in task_message_handler
    return limit_task(req, bucket, 1)
           │          │    └ <kombu.utils.limits.TokenBucket object at 0x00000237679296A0>
           │          └ <Request: send_single_tg_message[32e91b0c-fa0f-47f8-bf17-ef29f42519ca] (1399867473, 'Ваш урок получил новый статус, ознакомьт...
           └ <bound method Consumer._limit_task of <Consumer: celery@DESKTOP-V9VEJ4N (running)>>
  File "C:\Users\Chane\AppData\Local\Programs\Python\Python313\Lib\site-packages\celery\worker\consumer\consumer.py", line 323, in _limit_task
    return self._schedule_bucket_request(bucket)
           │    │                        └ <kombu.utils.limits.TokenBucket object at 0x00000237679296A0>
           │    └ <function Consumer._schedule_bucket_request at 0x000002376793CD60>
           └ <Consumer: celery@DESKTOP-V9VEJ4N (running)>
  File "C:\Users\Chane\AppData\Local\Programs\Python\Python313\Lib\site-packages\celery\worker\consumer\consumer.py", line 306, in _schedule_bucket_request
    self._limit_move_to_pool(request)
    │    │                   └ <Request: send_single_tg_message[32e91b0c-fa0f-47f8-bf17-ef29f42519ca] (1399867473, 'Ваш урок получил новый статус, ознакомьт...
    │    └ <function Consumer._limit_move_to_pool at 0x000002376793CCC0>
    └ <Consumer: celery@DESKTOP-V9VEJ4N (running)>
  File "C:\Users\Chane\AppData\Local\Programs\Python\Python313\Lib\site-packages\celery\worker\consumer\consumer.py", line 295, in _limit_move_to_pool
    self.on_task_request(request)
    │    │               └ <Request: send_single_tg_message[32e91b0c-fa0f-47f8-bf17-ef29f42519ca] (1399867473, 'Ваш урок получил новый статус, ознакомьт...
    │    └ <bound method WorkController._process_task of <Worker: celery@DESKTOP-V9VEJ4N (running)>>
    └ <Consumer: celery@DESKTOP-V9VEJ4N (running)>
  File "C:\Users\Chane\AppData\Local\Programs\Python\Python313\Lib\site-packages\celery\worker\worker.py", line 226, in _process_task
    req.execute_using_pool(self.pool)
    │   │                  │    └ <celery.concurrency.solo.TaskPool object at 0x00000237678BBE00>
    │   │                  └ <Worker: celery@DESKTOP-V9VEJ4N (running)>
    │   └ <function create_request_cls.<locals>.Request.execute_using_pool at 0x00000237679A6840>
    └ <Request: send_single_tg_message[32e91b0c-fa0f-47f8-bf17-ef29f42519ca] (1399867473, 'Ваш урок получил новый статус, ознакомьт...
  File "C:\Users\Chane\AppData\Local\Programs\Python\Python313\Lib\site-packages\celery\worker\request.py", line 770, in execute_using_pool
    result = apply_async(
             └ <bound method BasePool.apply_async of <celery.concurrency.solo.TaskPool object at 0x00000237678BBE00>>
  File "C:\Users\Chane\AppData\Local\Programs\Python\Python313\Lib\site-packages\celery\concurrency\base.py", line 153, in apply_async
    return self.on_apply(target, args, kwargs,
           │    │        │       │     └ {}
           │    │        │       └ ('send_single_tg_message', '32e91b0c-fa0f-47f8-bf17-ef29f42519ca', {'argsrepr': "(1399867473, 'Ваш урок получил новый статус,...
           │    │        └ <function fast_trace_task at 0x000002375E8D1940>
           │    └ <function apply_target at 0x000002375D7A8CC0>
           └ <celery.concurrency.solo.TaskPool object at 0x00000237678BBE00>
  File "C:\Users\Chane\AppData\Local\Programs\Python\Python313\Lib\site-packages\celery\concurrency\base.py", line 30, in apply_target
    ret = target(*args, **kwargs)
          │       │       └ {}
          │       └ ('send_single_tg_message', '32e91b0c-fa0f-47f8-bf17-ef29f42519ca', {'argsrepr': "(1399867473, 'Ваш урок получил новый статус,...
          └ <function fast_trace_task at 0x000002375E8D1940>
  File "C:\Users\Chane\AppData\Local\Programs\Python\Python313\Lib\site-packages\celery\app\trace.py", line 773, in fast_trace_task
    R, I, T, Rstr = tasks[task].__trace__(
                    │     └ 'send_single_tg_message'
                    └ {'celery.map': <@task: celery.map of worker at 0x2375f7b7e00>, 'celery.backend_cleanup': <@task: celery.backend_cleanup of wo...
  File "C:\Users\Chane\AppData\Local\Programs\Python\Python313\Lib\site-packages\celery\app\trace.py", line 585, in trace_task
    R = retval = fun(*args, **kwargs)
                 │    │       └ {}
                 │    └ [1399867473, 'Ваш урок получил новый статус, ознакомьтесь с ним.', 'exp://10.171.36.68:8081/--/lesson/54']
                 └ <@task: send_single_tg_message of worker at 0x2375f7b7e00>
  File "C:\Users\Chane\AppData\Local\Programs\Python\Python313\Lib\site-packages\celery\app\trace.py", line 858, in __protected_call__
    return self.run(*args, **kwargs)
           │    │    │       └ {}
           │    │    └ (1399867473, 'Ваш урок получил новый статус, ознакомьтесь с ним.', 'exp://10.171.36.68:8081/--/lesson/54')
           │    └ <function send_single_tg_message at 0x0000023767740E00>
           └ <@task: send_single_tg_message of worker at 0x2375f7b7e00>

  File "E:\dev\share_it\back-end\routers\tasks\notification_tasks.py", line 60, in send_single_tg_message
    _run_async_send(chat_id, message_text, url)
    │               │        │             └ 'exp://10.171.36.68:8081/--/lesson/54'
    │               │        └ 'Ваш урок получил новый статус, ознакомьтесь с ним.'
    │               └ 1399867473
    └ <function _run_async_send at 0x0000023767741580>

  File "E:\dev\share_it\back-end\routers\tasks\notification_tasks.py", line 83, in _run_async_send
    asyncio.run(_safe_send_message(chat_id, message_text, url))
    │       │   │                  │        │             └ 'exp://10.171.36.68:8081/--/lesson/54'
    │       │   │                  │        └ 'Ваш урок получил новый статус, ознакомьтесь с ним.'
    │       │   │                  └ 1399867473
    │       │   └ <function _safe_send_message at 0x00000237677411C0>
    │       └ <function run at 0x000002375E2DE0C0>
    └ <module 'asyncio' from 'C:\\Users\\Chane\\AppData\\Local\\Programs\\Python\\Python313\\Lib\\asyncio\\__init__.py'>

  File "C:\Users\Chane\AppData\Local\Programs\Python\Python313\Lib\asyncio\runners.py", line 195, in run
    return runner.run(main)
           │      │   └ <coroutine object _safe_send_message at 0x0000023767917240>
           │      └ <function Runner.run at 0x000002375E315760>
           └ <asyncio.runners.Runner object at 0x0000023767A86520>
  File "C:\Users\Chane\AppData\Local\Programs\Python\Python313\Lib\asyncio\runners.py", line 118, in run
    return self._loop.run_until_complete(task)
           │    │     │                  └ <Task pending name='Task-24' coro=<_safe_send_message() running at C:\Users\Chane\AppData\Local\Programs\Python\Python313\Lib...
           │    │     └ <function BaseEventLoop.run_until_complete at 0x000002375E30F1A0>
           │    └ <_WindowsSelectorEventLoop running=True closed=False debug=False>
           └ <asyncio.runners.Runner object at 0x0000023767A86520>
  File "C:\Users\Chane\AppData\Local\Programs\Python\Python313\Lib\asyncio\base_events.py", line 712, in run_until_complete
    self.run_forever()
    │    └ <function BaseEventLoop.run_forever at 0x000002375E30F100>
    └ <_WindowsSelectorEventLoop running=True closed=False debug=False>
  File "C:\Users\Chane\AppData\Local\Programs\Python\Python313\Lib\asyncio\base_events.py", line 683, in run_forever
    self._run_once()
    │    └ <function BaseEventLoop._run_once at 0x000002375E314F40>
    └ <_WindowsSelectorEventLoop running=True closed=False debug=False>
  File "C:\Users\Chane\AppData\Local\Programs\Python\Python313\Lib\asyncio\base_events.py", line 2040, in _run_once
    handle._run()
    │      └ <function Handle._run at 0x000002375DA56700>
    └ <Handle Task.task_wakeup()>
> File "C:\Users\Chane\AppData\Local\Programs\Python\Python313\Lib\asyncio\events.py", line 89, in _run
    self._context.run(self._callback, *self._args)
    │    │            │    │           │    └ <member '_args' of 'Handle' objects>
    │    │            │    │           └ <Handle Task.task_wakeup()>
    │    │            │    └ <member '_callback' of 'Handle' objects>
    │    │            └ <Handle Task.task_wakeup()>
    │    └ <member '_context' of 'Handle' objects>
    └ <Handle Task.task_wakeup()>

  File "E:\dev\share_it\back-end\routers\tasks\notification_tasks.py", line 77, in _safe_send_message
    raise e

  File "E:\dev\share_it\back-end\routers\tasks\notification_tasks.py", line 74, in _safe_send_message
    await bot.send_message(chat_id, message_text, reply_markup=kb)
          │   │            │        │                          └ InlineKeyboardMarkup(inline_keyboard=[[InlineKeyboardButton(text='Перейти к уроку', url='exp://10.171.36.68:8081/--/lesson/54...
          │   │            │        └ 'Ваш урок получил новый статус, ознакомьтесь с ним.'
          │   │            └ 1399867473
          │   └ <function Bot.send_message at 0x0000023764B9D120>
          └ <aiogram.client.bot.Bot object at 0x0000023767BC6C10>

  File "C:\Users\Chane\AppData\Local\Programs\Python\Python313\Lib\site-packages\aiogram\client\bot.py", line 2850, in send_message
    return await self(call, request_timeout=request_timeout)
                 │    │                     └ None
                 │    └ SendMessage(chat_id=1399867473, text='Ваш урок получил новый статус, ознакомьтесь с ним.', business_connection_id=None, messa...
                 └ <aiogram.client.bot.Bot object at 0x0000023767BC6C10>
  File "C:\Users\Chane\AppData\Local\Programs\Python\Python313\Lib\site-packages\aiogram\client\bot.py", line 478, in __call__
    return await self.session(self, method, timeout=request_timeout)
                 │    │       │     │               └ None
                 │    │       │     └ SendMessage(chat_id=1399867473, text='Ваш урок получил новый статус, ознакомьтесь с ним.', business_connection_id=None, messa...
                 │    │       └ <aiogram.client.bot.Bot object at 0x0000023767BC6C10>
                 │    └ <aiogram.client.session.aiohttp.AiohttpSession object at 0x0000023767BC6D50>
                 └ <aiogram.client.bot.Bot object at 0x0000023767BC6C10>
  File "C:\Users\Chane\AppData\Local\Programs\Python\Python313\Lib\site-packages\aiogram\client\session\base.py", line 254, in __call__
    return cast(TelegramType, await middleware(bot, method))
           │    │                   │          │    └ SendMessage(chat_id=1399867473, text='Ваш урок получил новый статус, ознакомьтесь с ним.', business_connection_id=None, messa...
           │    │                   │          └ <aiogram.client.bot.Bot object at 0x0000023767BC6C10>
           │    │                   └ functools.partial(<bound method AiohttpSession.make_request of <aiogram.client.session.aiohttp.AiohttpSession object at 0x000...
           │    └ ~TelegramType
           └ <function cast at 0x000002375B14CD60>
  File "C:\Users\Chane\AppData\Local\Programs\Python\Python313\Lib\site-packages\aiogram\client\session\aiohttp.py", line 185, in make_request
    response = self.check_response(
               │    └ <function BaseSession.check_response at 0x0000023764C40900>
               └ <aiogram.client.session.aiohttp.AiohttpSession object at 0x0000023767BC6D50>
  File "C:\Users\Chane\AppData\Local\Programs\Python\Python313\Lib\site-packages\aiogram\client\session\base.py", line 120, in check_response
    raise TelegramBadRequest(method=method, message=description)
          │                         │               └ "Bad Request: inline keyboard button URL 'exp://10.171.36.68:8081/--/lesson/54' is invalid: Unsupported URL protocol"
          │                         └ SendMessage(chat_id=1399867473, text='Ваш урок получил новый статус, ознакомьтесь с ним.', business_connection_id=None, messa...
          └ <class 'aiogram.exceptions.TelegramBadRequest'>

aiogram.exceptions.TelegramBadRequest: Telegram server says - Bad Request: inline keyboard button URL 'exp://10.171.36.68:8081/--/lesson/54' is invalid: Unsupported URL protocol
2026-05-09 12:58:40 | ERROR    | routers.tasks.notification_tasks:_safe_send_message:76 - Failed to send message to chat_id 1399867473: Telegram server says - Bad Request: inline keyboard button URL 'exp://10.171.36.68:8081/--/lesson/54' is invalid: Unsupported URL protocol
2026-05-09 12:58:40 | ERROR    | asyncio.events:_run:89 - An error has been caught in function '_run', process 'MainProcess' (13472), thread 'MainThread' (8616):
Traceback (most recent call last):

  File "<frozen runpy>", line 198, in _run_module_as_main
  File "<frozen runpy>", line 88, in _run_code

  File "C:\Users\Chane\AppData\Local\Programs\Python\Python313\Scripts\celery.exe\__main__.py", line 7, in <module>

  File "C:\Users\Chane\AppData\Local\Programs\Python\Python313\Lib\site-packages\celery\__main__.py", line 15, in main
    sys.exit(_main())
    │   │    └ <function main at 0x000002C727B220C0>
    │   └ <built-in function exit>
    └ <module 'sys' (built-in)>
  File "C:\Users\Chane\AppData\Local\Programs\Python\Python313\Lib\site-packages\celery\bin\celery.py", line 227, in main
    return celery(auto_envvar_prefix="CELERY")
           └ <DYMGroup celery>
  File "C:\Users\Chane\AppData\Local\Programs\Python\Python313\Lib\site-packages\click\core.py", line 1462, in __call__
    return self.main(*args, **kwargs)
           │    │     │       └ {'auto_envvar_prefix': 'CELERY'}
           │    │     └ ()
           │    └ <function Command.main at 0x000002C725E3D1C0>
           └ <DYMGroup celery>
  File "C:\Users\Chane\AppData\Local\Programs\Python\Python313\Lib\site-packages\click\core.py", line 1383, in main
    rv = self.invoke(ctx)
         │    │      └ <click.core.Context object at 0x000002C727A330E0>
         │    └ <function Group.invoke at 0x000002C725E3E0C0>
         └ <DYMGroup celery>
  File "C:\Users\Chane\AppData\Local\Programs\Python\Python313\Lib\site-packages\click\core.py", line 1850, in invoke
    return _process_result(sub_ctx.command.invoke(sub_ctx))
           │               │       │       │      └ <click.core.Context object at 0x000002C727E19F90>
           │               │       │       └ <function Command.invoke at 0x000002C725E3CEA0>
           │               │       └ <CeleryDaemonCommand worker>
           │               └ <click.core.Context object at 0x000002C727E19F90>
           └ <function Group.invoke.<locals>._process_result at 0x000002C725F3B4C0>
  File "C:\Users\Chane\AppData\Local\Programs\Python\Python313\Lib\site-packages\click\core.py", line 1246, in invoke
    return ctx.invoke(self.callback, **ctx.params)
           │   │      │    │           │   └ {'loglevel': 20, 'pool': <class 'celery.concurrency.solo.TaskPool'>, 'without_mingle': True, 'without_gossip': True, 'hostnam...
           │   │      │    │           └ <click.core.Context object at 0x000002C727E19F90>
           │   │      │    └ <function worker at 0x000002C726F1C4A0>
           │   │      └ <CeleryDaemonCommand worker>
           │   └ <function Context.invoke at 0x000002C725E3C0E0>
           └ <click.core.Context object at 0x000002C727E19F90>
  File "C:\Users\Chane\AppData\Local\Programs\Python\Python313\Lib\site-packages\click\core.py", line 814, in invoke
    return callback(*args, **kwargs)
           │         │       └ {'loglevel': 20, 'pool': <class 'celery.concurrency.solo.TaskPool'>, 'without_mingle': True, 'without_gossip': True, 'hostnam...
           │         └ ()
           └ <function worker at 0x000002C726F1C4A0>
  File "C:\Users\Chane\AppData\Local\Programs\Python\Python313\Lib\site-packages\click\decorators.py", line 34, in new_func
    return f(get_current_context(), *args, **kwargs)
           │ │                       │       └ {'loglevel': 20, 'pool': <class 'celery.concurrency.solo.TaskPool'>, 'without_mingle': True, 'without_gossip': True, 'hostnam...
           │ │                       └ ()
           │ └ <function get_current_context at 0x000002C725E0E340>
           └ <function worker at 0x000002C726F1C400>
  File "C:\Users\Chane\AppData\Local\Programs\Python\Python313\Lib\site-packages\celery\bin\base.py", line 158, in caller
    return f(ctx, *args, **kwargs)
           │ │     │       └ {'loglevel': 20, 'pool': <class 'celery.concurrency.solo.TaskPool'>, 'without_mingle': True, 'without_gossip': True, 'hostnam...
           │ │     └ ()
           │ └ <click.core.Context object at 0x000002C727E19F90>
           └ <function worker at 0x000002C726F1C360>
  File "C:\Users\Chane\AppData\Local\Programs\Python\Python313\Lib\site-packages\celery\bin\worker.py", line 367, in worker
    worker.start()
    │      └ <function WorkController.start at 0x000002C726E34540>
    └ <Worker: celery@DESKTOP-V9VEJ4N (running)>
  File "C:\Users\Chane\AppData\Local\Programs\Python\Python313\Lib\site-packages\celery\worker\worker.py", line 203, in start
    self.blueprint.start(self)
    │    │         │     └ <Worker: celery@DESKTOP-V9VEJ4N (running)>
    │    │         └ <function Blueprint.start at 0x000002C726E24180>
    │    └ <celery.worker.worker.WorkController.Blueprint object at 0x000002C72FE7A660>
    └ <Worker: celery@DESKTOP-V9VEJ4N (running)>
  File "C:\Users\Chane\AppData\Local\Programs\Python\Python313\Lib\site-packages\celery\bootsteps.py", line 116, in start
    step.start(parent)
    │    │     └ <Worker: celery@DESKTOP-V9VEJ4N (running)>
    │    └ <function StartStopStep.start at 0x000002C726E25440>
    └ <step: Consumer>
  File "C:\Users\Chane\AppData\Local\Programs\Python\Python313\Lib\site-packages\celery\bootsteps.py", line 365, in start
    return self.obj.start()
           │    │   └ <function Consumer.start at 0x000002C72FEFCF40>
           │    └ <Consumer: celery@DESKTOP-V9VEJ4N (running)>
           └ <step: Consumer>
  File "C:\Users\Chane\AppData\Local\Programs\Python\Python313\Lib\site-packages\celery\worker\consumer\consumer.py", line 346, in start
    blueprint.start(self)
    │         │     └ <Consumer: celery@DESKTOP-V9VEJ4N (running)>
    │         └ <function Blueprint.start at 0x000002C726E24180>
    └ <celery.worker.consumer.consumer.Consumer.Blueprint object at 0x000002C72FEE96A0>
  File "C:\Users\Chane\AppData\Local\Programs\Python\Python313\Lib\site-packages\celery\bootsteps.py", line 116, in start
    step.start(parent)
    │    │     └ <Consumer: celery@DESKTOP-V9VEJ4N (running)>
    │    └ <function Evloop.start at 0x000002C72FEFE2A0>
    └ <step: event loop>
  File "C:\Users\Chane\AppData\Local\Programs\Python\Python313\Lib\site-packages\celery\worker\consumer\consumer.py", line 788, in start
    c.loop(*c.loop_args())
    │ │     │ └ <function Consumer.loop_args at 0x000002C72FEFD440>
    │ │     └ <Consumer: celery@DESKTOP-V9VEJ4N (running)>
    │ └ <function synloop at 0x000002C72FEFC680>
    └ <Consumer: celery@DESKTOP-V9VEJ4N (running)>
  File "C:\Users\Chane\AppData\Local\Programs\Python\Python313\Lib\site-packages\celery\worker\loops.py", line 168, in synloop
    _loop_cycle()
    └ <function synloop.<locals>._loop_cycle at 0x000002C72FF43D80>
  File "C:\Users\Chane\AppData\Local\Programs\Python\Python313\Lib\site-packages\celery\worker\loops.py", line 157, in _loop_cycle
    connection.drain_events(timeout=2.0)
    │          └ <function Connection.drain_events at 0x000002C725C5DE40>
    └ <Connection: amqp://guest:**@127.0.0.1:5672// at 0x2c72ff0d0f0>
  File "C:\Users\Chane\AppData\Local\Programs\Python\Python313\Lib\site-packages\kombu\connection.py", line 343, in drain_events
    return self.transport.drain_events(self.connection, **kwargs)
           │    │                      │    │             └ {'timeout': 2.0}
           │    │                      │    └ <property object at 0x000002C725C700E0>
           │    │                      └ <Connection: amqp://guest:**@127.0.0.1:5672// at 0x2c72ff0d0f0>
           │    └ <property object at 0x000002C725C70180>
           └ <Connection: amqp://guest:**@127.0.0.1:5672// at 0x2c72ff0d0f0>
  File "C:\Users\Chane\AppData\Local\Programs\Python\Python313\Lib\site-packages\kombu\transport\pyamqp.py", line 171, in drain_events
    return connection.drain_events(**kwargs)
           │          │              └ {'timeout': 2.0}
           │          └ <function Connection.drain_events at 0x000002C725947F60>
           └ <AMQP Connection: 127.0.0.1:5672// using <TCPTransport: 127.0.0.1:57449 -> 127.0.0.1:5672 at 0x2c72ff364d0> at 0x2c72fed1fd0>
  File "C:\Users\Chane\AppData\Local\Programs\Python\Python313\Lib\site-packages\amqp\connection.py", line 526, in drain_events
    while not self.blocking_read(timeout):
              │    │             └ 2.0
              │    └ <function Connection.blocking_read at 0x000002C725950040>
              └ <AMQP Connection: 127.0.0.1:5672// using <TCPTransport: 127.0.0.1:57449 -> 127.0.0.1:5672 at 0x2c72ff364d0> at 0x2c72fed1fd0>
  File "C:\Users\Chane\AppData\Local\Programs\Python\Python313\Lib\site-packages\amqp\connection.py", line 532, in blocking_read
    return self.on_inbound_frame(frame)
           │    │                └ (3, 1, b'[[1399867473, "\\u0412\\u0430\\u0448 \\u0443\\u0440\\u043e\\u043a \\u043f\\u043e\\u043b\\u0443\\u0447\\u0438\\u043b ...
           │    └ <property object at 0x000002C72594C130>
           └ <AMQP Connection: 127.0.0.1:5672// using <TCPTransport: 127.0.0.1:57449 -> 127.0.0.1:5672 at 0x2c72ff364d0> at 0x2c72fed1fd0>
  File "C:\Users\Chane\AppData\Local\Programs\Python\Python313\Lib\site-packages\amqp\method_framing.py", line 77, in on_frame
    callback(channel, msg.frame_method, msg.frame_args, msg)
    │        │        │   │             │   │           └ <amqp.basic_message.Message object at 0x000002C73032B6D0>
    │        │        │   │             │   └ <member 'frame_args' of 'GenericContent' objects>
    │        │        │   │             └ <amqp.basic_message.Message object at 0x000002C73032B6D0>
    │        │        │   └ <member 'frame_method' of 'GenericContent' objects>
    │        │        └ <amqp.basic_message.Message object at 0x000002C73032B6D0>
    │        └ 1
    └ <bound method Connection.on_inbound_method of <AMQP Connection: 127.0.0.1:5672// using <TCPTransport: 127.0.0.1:57449 -> 127....
  File "C:\Users\Chane\AppData\Local\Programs\Python\Python313\Lib\site-packages\amqp\connection.py", line 538, in on_inbound_method
    return self.channels[channel_id].dispatch_method(
           │    │        └ 1
           │    └ {0: <AMQP Connection: 127.0.0.1:5672// using <TCPTransport: 127.0.0.1:57449 -> 127.0.0.1:5672 at 0x2c72ff364d0> at 0x2c72fed1...
           └ <AMQP Connection: 127.0.0.1:5672// using <TCPTransport: 127.0.0.1:57449 -> 127.0.0.1:5672 at 0x2c72ff364d0> at 0x2c72fed1fd0>
  File "C:\Users\Chane\AppData\Local\Programs\Python\Python313\Lib\site-packages\amqp\abstract_channel.py", line 156, in dispatch_method
    listener(*args)
    │         └ ['None1', 6, False, '', 'celery', <amqp.basic_message.Message object at 0x000002C73032B6D0>]
    └ <bound method Channel._on_basic_deliver of <kombu.transport.pyamqp.Channel object at 0x000002C72FED25F0>>
  File "C:\Users\Chane\AppData\Local\Programs\Python\Python313\Lib\site-packages\amqp\channel.py", line 1629, in _on_basic_deliver
    fun(msg)
    │   └ <amqp.basic_message.Message object at 0x000002C73032B6D0>
    └ <bound method Consumer._receive_callback of <Consumer: [<Queue celery -> <Exchange celery(direct) bound to chan:1> -> celery ...
  File "C:\Users\Chane\AppData\Local\Programs\Python\Python313\Lib\site-packages\kombu\messaging.py", line 668, in _receive_callback
    return on_m(message) if on_m else self.receive(decoded, message)
           │    │           │         │    │       │        └ <Message object at 0x2c72fe9bbf0 with details {'state': 'RECEIVED', 'content_type': 'application/json', 'delivery_tag': 6, 'b...
           │    │           │         │    │       └ None
           │    │           │         │    └ <function Consumer.receive at 0x000002C725F9CCC0>
           │    │           │         └ <Consumer: [<Queue celery -> <Exchange celery(direct) bound to chan:1> -> celery bound to chan:1>, <Queue celery@DESKTOP-V9VE...
           │    │           └ <function Consumer.create_task_handler.<locals>.on_task_received at 0x000002C72FF43B00>
           │    └ <Message object at 0x2c72fe9bbf0 with details {'state': 'RECEIVED', 'content_type': 'application/json', 'delivery_tag': 6, 'b...
           └ <function Consumer.create_task_handler.<locals>.on_task_received at 0x000002C72FF43B00>
  File "C:\Users\Chane\AppData\Local\Programs\Python\Python313\Lib\site-packages\celery\worker\consumer\consumer.py", line 694, in on_task_received
    strategy(
    └ <function default.<locals>.task_message_handler at 0x000002C72FF427A0>
  File "C:\Users\Chane\AppData\Local\Programs\Python\Python313\Lib\site-packages\celery\worker\strategy.py", line 203, in task_message_handler
    return limit_task(req, bucket, 1)
           │          │    └ <kombu.utils.limits.TokenBucket object at 0x000002C72FEE9550>
           │          └ <Request: send_single_tg_message[9afa6c30-3db9-432b-9049-0ff97a99391e] (1399867473, 'Ваш урок получил новый статус, ознакомьт...
           └ <bound method Consumer._limit_task of <Consumer: celery@DESKTOP-V9VEJ4N (running)>>
  File "C:\Users\Chane\AppData\Local\Programs\Python\Python313\Lib\site-packages\celery\worker\consumer\consumer.py", line 323, in _limit_task
    return self._schedule_bucket_request(bucket)
           │    │                        └ <kombu.utils.limits.TokenBucket object at 0x000002C72FEE9550>
           │    └ <function Consumer._schedule_bucket_request at 0x000002C72FEFCD60>
           └ <Consumer: celery@DESKTOP-V9VEJ4N (running)>
  File "C:\Users\Chane\AppData\Local\Programs\Python\Python313\Lib\site-packages\celery\worker\consumer\consumer.py", line 306, in _schedule_bucket_request
    self._limit_move_to_pool(request)
    │    │                   └ <Request: send_single_tg_message[9afa6c30-3db9-432b-9049-0ff97a99391e] (1399867473, 'Ваш урок получил новый статус, ознакомьт...
    │    └ <function Consumer._limit_move_to_pool at 0x000002C72FEFCCC0>
    └ <Consumer: celery@DESKTOP-V9VEJ4N (running)>
  File "C:\Users\Chane\AppData\Local\Programs\Python\Python313\Lib\site-packages\celery\worker\consumer\consumer.py", line 295, in _limit_move_to_pool
    self.on_task_request(request)
    │    │               └ <Request: send_single_tg_message[9afa6c30-3db9-432b-9049-0ff97a99391e] (1399867473, 'Ваш урок получил новый статус, ознакомьт...
    │    └ <bound method WorkController._process_task of <Worker: celery@DESKTOP-V9VEJ4N (running)>>
    └ <Consumer: celery@DESKTOP-V9VEJ4N (running)>
  File "C:\Users\Chane\AppData\Local\Programs\Python\Python313\Lib\site-packages\celery\worker\worker.py", line 226, in _process_task
    req.execute_using_pool(self.pool)
    │   │                  │    └ <celery.concurrency.solo.TaskPool object at 0x000002C72FE7BCB0>
    │   │                  └ <Worker: celery@DESKTOP-V9VEJ4N (running)>
    │   └ <function create_request_cls.<locals>.Request.execute_using_pool at 0x000002C72FF42840>
    └ <Request: send_single_tg_message[9afa6c30-3db9-432b-9049-0ff97a99391e] (1399867473, 'Ваш урок получил новый статус, ознакомьт...
  File "C:\Users\Chane\AppData\Local\Programs\Python\Python313\Lib\site-packages\celery\worker\request.py", line 770, in execute_using_pool
    result = apply_async(
             └ <bound method BasePool.apply_async of <celery.concurrency.solo.TaskPool object at 0x000002C72FE7BCB0>>
  File "C:\Users\Chane\AppData\Local\Programs\Python\Python313\Lib\site-packages\celery\concurrency\base.py", line 153, in apply_async
    return self.on_apply(target, args, kwargs,
           │    │        │       │     └ {}
           │    │        │       └ ('send_single_tg_message', '9afa6c30-3db9-432b-9049-0ff97a99391e', {'argsrepr': "(1399867473, 'Ваш урок получил новый статус,...
           │    │        └ <function fast_trace_task at 0x000002C726EB9940>
           │    └ <function apply_target at 0x000002C725D8CCC0>
           └ <celery.concurrency.solo.TaskPool object at 0x000002C72FE7BCB0>
  File "C:\Users\Chane\AppData\Local\Programs\Python\Python313\Lib\site-packages\celery\concurrency\base.py", line 30, in apply_target
    ret = target(*args, **kwargs)
          │       │       └ {}
          │       └ ('send_single_tg_message', '9afa6c30-3db9-432b-9049-0ff97a99391e', {'argsrepr': "(1399867473, 'Ваш урок получил новый статус,...
          └ <function fast_trace_task at 0x000002C726EB9940>
  File "C:\Users\Chane\AppData\Local\Programs\Python\Python313\Lib\site-packages\celery\app\trace.py", line 773, in fast_trace_task
    R, I, T, Rstr = tasks[task].__trace__(
                    │     └ 'send_single_tg_message'
                    └ {'celery.map': <@task: celery.map of worker at 0x2c727d77e00>, 'celery.backend_cleanup': <@task: celery.backend_cleanup of wo...
  File "C:\Users\Chane\AppData\Local\Programs\Python\Python313\Lib\site-packages\celery\app\trace.py", line 585, in trace_task
    R = retval = fun(*args, **kwargs)
                 │    │       └ {}
                 │    └ [1399867473, 'Ваш урок получил новый статус, ознакомьтесь с ним.', 'exp://10.171.36.68:8081/--/lesson/54']
                 └ <@task: send_single_tg_message of worker at 0x2c727d77e00>
  File "C:\Users\Chane\AppData\Local\Programs\Python\Python313\Lib\site-packages\celery\app\trace.py", line 858, in __protected_call__
    return self.run(*args, **kwargs)
           │    │    │       └ {}
           │    │    └ (1399867473, 'Ваш урок получил новый статус, ознакомьтесь с ним.', 'exp://10.171.36.68:8081/--/lesson/54')
           │    └ <function send_single_tg_message at 0x000002C72FD00E00>
           └ <@task: send_single_tg_message of worker at 0x2c727d77e00>

  File "E:\dev\share_it\back-end\routers\tasks\notification_tasks.py", line 60, in send_single_tg_message
    _run_async_send(chat_id, message_text, url)
    │               │        │             └ 'exp://10.171.36.68:8081/--/lesson/54'
    │               │        └ 'Ваш урок получил новый статус, ознакомьтесь с ним.'
    │               └ 1399867473
    └ <function _run_async_send at 0x000002C72FD01580>

  File "E:\dev\share_it\back-end\routers\tasks\notification_tasks.py", line 83, in _run_async_send
    asyncio.run(_safe_send_message(chat_id, message_text, url))
    │       │   │                  │        │             └ 'exp://10.171.36.68:8081/--/lesson/54'
    │       │   │                  │        └ 'Ваш урок получил новый статус, ознакомьтесь с ним.'
    │       │   │                  └ 1399867473
    │       │   └ <function _safe_send_message at 0x000002C72FD011C0>
    │       └ <function run at 0x000002C7268BE0C0>
    └ <module 'asyncio' from 'C:\\Users\\Chane\\AppData\\Local\\Programs\\Python\\Python313\\Lib\\asyncio\\__init__.py'>

  File "C:\Users\Chane\AppData\Local\Programs\Python\Python313\Lib\asyncio\runners.py", line 195, in run
    return runner.run(main)
           │      │   └ <coroutine object _safe_send_message at 0x000002C72FED6B40>
           │      └ <function Runner.run at 0x000002C7268F5760>
           └ <asyncio.runners.Runner object at 0x000002C73005B890>
  File "C:\Users\Chane\AppData\Local\Programs\Python\Python313\Lib\asyncio\runners.py", line 118, in run
    return self._loop.run_until_complete(task)
           │    │     │                  └ <Task pending name='Task-29' coro=<_safe_send_message() running at C:\Users\Chane\AppData\Local\Programs\Python\Python313\Lib...
           │    │     └ <function BaseEventLoop.run_until_complete at 0x000002C7268EF1A0>
           │    └ <_WindowsSelectorEventLoop running=True closed=False debug=False>
           └ <asyncio.runners.Runner object at 0x000002C73005B890>
  File "C:\Users\Chane\AppData\Local\Programs\Python\Python313\Lib\asyncio\base_events.py", line 712, in run_until_complete
    self.run_forever()
    │    └ <function BaseEventLoop.run_forever at 0x000002C7268EF100>
    └ <_WindowsSelectorEventLoop running=True closed=False debug=False>
  File "C:\Users\Chane\AppData\Local\Programs\Python\Python313\Lib\asyncio\base_events.py", line 683, in run_forever
    self._run_once()
    │    └ <function BaseEventLoop._run_once at 0x000002C7268F4F40>
    └ <_WindowsSelectorEventLoop running=True closed=False debug=False>
  File "C:\Users\Chane\AppData\Local\Programs\Python\Python313\Lib\asyncio\base_events.py", line 2040, in _run_once
    handle._run()
    │      └ <function Handle._run at 0x000002C726036700>
    └ <Handle Task.task_wakeup()>
> File "C:\Users\Chane\AppData\Local\Programs\Python\Python313\Lib\asyncio\events.py", line 89, in _run
    self._context.run(self._callback, *self._args)
    │    │            │    │           │    └ <member '_args' of 'Handle' objects>
    │    │            │    │           └ <Handle Task.task_wakeup()>
    │    │            │    └ <member '_callback' of 'Handle' objects>
    │    │            └ <Handle Task.task_wakeup()>
    │    └ <member '_context' of 'Handle' objects>
    └ <Handle Task.task_wakeup()>

  File "E:\dev\share_it\back-end\routers\tasks\notification_tasks.py", line 77, in _safe_send_message
    raise e

  File "E:\dev\share_it\back-end\routers\tasks\notification_tasks.py", line 74, in _safe_send_message
    await bot.send_message(chat_id, message_text, reply_markup=kb)
          │   │            │        │                          └ InlineKeyboardMarkup(inline_keyboard=[[InlineKeyboardButton(text='Перейти к уроку', url='exp://10.171.36.68:8081/--/lesson/54...
          │   │            │        └ 'Ваш урок получил новый статус, ознакомьтесь с ним.'
          │   │            └ 1399867473
          │   └ <function Bot.send_message at 0x000002C72D155120>
          └ <aiogram.client.bot.Bot object at 0x000002C72FFD1090>

  File "C:\Users\Chane\AppData\Local\Programs\Python\Python313\Lib\site-packages\aiogram\client\bot.py", line 2850, in send_message
    return await self(call, request_timeout=request_timeout)
                 │    │                     └ None
                 │    └ SendMessage(chat_id=1399867473, text='Ваш урок получил новый статус, ознакомьтесь с ним.', business_connection_id=None, messa...
                 └ <aiogram.client.bot.Bot object at 0x000002C72FFD1090>
  File "C:\Users\Chane\AppData\Local\Programs\Python\Python313\Lib\site-packages\aiogram\client\bot.py", line 478, in __call__
    return await self.session(self, method, timeout=request_timeout)
                 │    │       │     │               └ None
                 │    │       │     └ SendMessage(chat_id=1399867473, text='Ваш урок получил новый статус, ознакомьтесь с ним.', business_connection_id=None, messa...
                 │    │       └ <aiogram.client.bot.Bot object at 0x000002C72FFD1090>
                 │    └ <aiogram.client.session.aiohttp.AiohttpSession object at 0x000002C72FFD1BD0>
                 └ <aiogram.client.bot.Bot object at 0x000002C72FFD1090>
  File "C:\Users\Chane\AppData\Local\Programs\Python\Python313\Lib\site-packages\aiogram\client\session\base.py", line 254, in __call__
    return cast(TelegramType, await middleware(bot, method))
           │    │                   │          │    └ SendMessage(chat_id=1399867473, text='Ваш урок получил новый статус, ознакомьтесь с ним.', business_connection_id=None, messa...
           │    │                   │          └ <aiogram.client.bot.Bot object at 0x000002C72FFD1090>
           │    │                   └ functools.partial(<bound method AiohttpSession.make_request of <aiogram.client.session.aiohttp.AiohttpSession object at 0x000...
           │    └ ~TelegramType
           └ <function cast at 0x000002C7236CCD60>
  File "C:\Users\Chane\AppData\Local\Programs\Python\Python313\Lib\site-packages\aiogram\client\session\aiohttp.py", line 185, in make_request
    response = self.check_response(
               │    └ <function BaseSession.check_response at 0x000002C72D200900>
               └ <aiogram.client.session.aiohttp.AiohttpSession object at 0x000002C72FFD1BD0>
  File "C:\Users\Chane\AppData\Local\Programs\Python\Python313\Lib\site-packages\aiogram\client\session\base.py", line 120, in check_response
    raise TelegramBadRequest(method=method, message=description)
          │                         │               └ "Bad Request: inline keyboard button URL 'exp://10.171.36.68:8081/--/lesson/54' is invalid: Unsupported URL protocol"
          │                         └ SendMessage(chat_id=1399867473, text='Ваш урок получил новый статус, ознакомьтесь с ним.', business_connection_id=None, messa...
          └ <class 'aiogram.exceptions.TelegramBadRequest'>

aiogram.exceptions.TelegramBadRequest: Telegram server says - Bad Request: inline keyboard button URL 'exp://10.171.36.68:8081/--/lesson/54' is invalid: Unsupported URL protocol
2026-05-09 12:59:07 | ERROR    | routers.tasks.notification_tasks:_safe_send_message:76 - Failed to send message to chat_id 1399867473: Telegram server says - Bad Request: inline keyboard button URL 'exp://10.171.36.68:8081/--/lesson/54' is invalid: Unsupported URL protocol
2026-05-09 12:59:07 | ERROR    | asyncio.events:_run:89 - An error has been caught in function '_run', process 'MainProcess' (24152), thread 'MainThread' (8828):
Traceback (most recent call last):

  File "<frozen runpy>", line 198, in _run_module_as_main
  File "<frozen runpy>", line 88, in _run_code

  File "C:\Users\Chane\AppData\Local\Programs\Python\Python313\Scripts\celery.exe\__main__.py", line 7, in <module>

  File "C:\Users\Chane\AppData\Local\Programs\Python\Python313\Lib\site-packages\celery\__main__.py", line 15, in main
    sys.exit(_main())
    │   │    └ <function main at 0x000002375F5620C0>
    │   └ <built-in function exit>
    └ <module 'sys' (built-in)>
  File "C:\Users\Chane\AppData\Local\Programs\Python\Python313\Lib\site-packages\celery\bin\celery.py", line 227, in main
    return celery(auto_envvar_prefix="CELERY")
           └ <DYMGroup celery>
  File "C:\Users\Chane\AppData\Local\Programs\Python\Python313\Lib\site-packages\click\core.py", line 1462, in __call__
    return self.main(*args, **kwargs)
           │    │     │       └ {'auto_envvar_prefix': 'CELERY'}
           │    │     └ ()
           │    └ <function Command.main at 0x000002375D85D1C0>
           └ <DYMGroup celery>
  File "C:\Users\Chane\AppData\Local\Programs\Python\Python313\Lib\site-packages\click\core.py", line 1383, in main
    rv = self.invoke(ctx)
         │    │      └ <click.core.Context object at 0x000002375F4730E0>
         │    └ <function Group.invoke at 0x000002375D85E0C0>
         └ <DYMGroup celery>
  File "C:\Users\Chane\AppData\Local\Programs\Python\Python313\Lib\site-packages\click\core.py", line 1850, in invoke
    return _process_result(sub_ctx.command.invoke(sub_ctx))
           │               │       │       │      └ <click.core.Context object at 0x000002375F859F90>
           │               │       │       └ <function Command.invoke at 0x000002375D85CEA0>
           │               │       └ <CeleryDaemonCommand worker>
           │               └ <click.core.Context object at 0x000002375F859F90>
           └ <function Group.invoke.<locals>._process_result at 0x000002375D9634C0>
  File "C:\Users\Chane\AppData\Local\Programs\Python\Python313\Lib\site-packages\click\core.py", line 1246, in invoke
    return ctx.invoke(self.callback, **ctx.params)
           │   │      │    │           │   └ {'loglevel': 20, 'pool': <class 'celery.concurrency.solo.TaskPool'>, 'without_mingle': True, 'without_gossip': True, 'hostnam...
           │   │      │    │           └ <click.core.Context object at 0x000002375F859F90>
           │   │      │    └ <function worker at 0x000002375E9384A0>
           │   │      └ <CeleryDaemonCommand worker>
           │   └ <function Context.invoke at 0x000002375D85C0E0>
           └ <click.core.Context object at 0x000002375F859F90>
  File "C:\Users\Chane\AppData\Local\Programs\Python\Python313\Lib\site-packages\click\core.py", line 814, in invoke
    return callback(*args, **kwargs)
           │         │       └ {'loglevel': 20, 'pool': <class 'celery.concurrency.solo.TaskPool'>, 'without_mingle': True, 'without_gossip': True, 'hostnam...
           │         └ ()
           └ <function worker at 0x000002375E9384A0>
  File "C:\Users\Chane\AppData\Local\Programs\Python\Python313\Lib\site-packages\click\decorators.py", line 34, in new_func
    return f(get_current_context(), *args, **kwargs)
           │ │                       │       └ {'loglevel': 20, 'pool': <class 'celery.concurrency.solo.TaskPool'>, 'without_mingle': True, 'without_gossip': True, 'hostnam...
           │ │                       └ ()
           │ └ <function get_current_context at 0x000002375D82A340>
           └ <function worker at 0x000002375E938400>
  File "C:\Users\Chane\AppData\Local\Programs\Python\Python313\Lib\site-packages\celery\bin\base.py", line 158, in caller
    return f(ctx, *args, **kwargs)
           │ │     │       └ {'loglevel': 20, 'pool': <class 'celery.concurrency.solo.TaskPool'>, 'without_mingle': True, 'without_gossip': True, 'hostnam...
           │ │     └ ()
           │ └ <click.core.Context object at 0x000002375F859F90>
           └ <function worker at 0x000002375E938360>
  File "C:\Users\Chane\AppData\Local\Programs\Python\Python313\Lib\site-packages\celery\bin\worker.py", line 367, in worker
    worker.start()
    │      └ <function WorkController.start at 0x000002375E854540>
    └ <Worker: celery@DESKTOP-V9VEJ4N (running)>
  File "C:\Users\Chane\AppData\Local\Programs\Python\Python313\Lib\site-packages\celery\worker\worker.py", line 203, in start
    self.blueprint.start(self)
    │    │         │     └ <Worker: celery@DESKTOP-V9VEJ4N (running)>
    │    │         └ <function Blueprint.start at 0x000002375E844180>
    │    └ <celery.worker.worker.WorkController.Blueprint object at 0x00000237678BA7B0>
    └ <Worker: celery@DESKTOP-V9VEJ4N (running)>
  File "C:\Users\Chane\AppData\Local\Programs\Python\Python313\Lib\site-packages\celery\bootsteps.py", line 116, in start
    step.start(parent)
    │    │     └ <Worker: celery@DESKTOP-V9VEJ4N (running)>
    │    └ <function StartStopStep.start at 0x000002375E845440>
    └ <step: Consumer>
  File "C:\Users\Chane\AppData\Local\Programs\Python\Python313\Lib\site-packages\celery\bootsteps.py", line 365, in start
    return self.obj.start()
           │    │   └ <function Consumer.start at 0x000002376793CF40>
           │    └ <Consumer: celery@DESKTOP-V9VEJ4N (running)>
           └ <step: Consumer>
  File "C:\Users\Chane\AppData\Local\Programs\Python\Python313\Lib\site-packages\celery\worker\consumer\consumer.py", line 346, in start
    blueprint.start(self)
    │         │     └ <Consumer: celery@DESKTOP-V9VEJ4N (running)>
    │         └ <function Blueprint.start at 0x000002375E844180>
    └ <celery.worker.consumer.consumer.Consumer.Blueprint object at 0x00000237679297F0>
  File "C:\Users\Chane\AppData\Local\Programs\Python\Python313\Lib\site-packages\celery\bootsteps.py", line 116, in start
    step.start(parent)
    │    │     └ <Consumer: celery@DESKTOP-V9VEJ4N (running)>
    │    └ <function Evloop.start at 0x000002376793E2A0>
    └ <step: event loop>
  File "C:\Users\Chane\AppData\Local\Programs\Python\Python313\Lib\site-packages\celery\worker\consumer\consumer.py", line 788, in start
    c.loop(*c.loop_args())
    │ │     │ └ <function Consumer.loop_args at 0x000002376793D440>
    │ │     └ <Consumer: celery@DESKTOP-V9VEJ4N (running)>
    │ └ <function synloop at 0x000002376793C680>
    └ <Consumer: celery@DESKTOP-V9VEJ4N (running)>
  File "C:\Users\Chane\AppData\Local\Programs\Python\Python313\Lib\site-packages\celery\worker\loops.py", line 168, in synloop
    _loop_cycle()
    └ <function synloop.<locals>._loop_cycle at 0x00000237679A7D80>
  File "C:\Users\Chane\AppData\Local\Programs\Python\Python313\Lib\site-packages\celery\worker\loops.py", line 157, in _loop_cycle
    connection.drain_events(timeout=2.0)
    │          └ <function Connection.drain_events at 0x000002375D67DE40>
    └ <Connection: amqp://guest:**@127.0.0.1:5672// at 0x2376794d0f0>
  File "C:\Users\Chane\AppData\Local\Programs\Python\Python313\Lib\site-packages\kombu\connection.py", line 343, in drain_events
    return self.transport.drain_events(self.connection, **kwargs)
           │    │                      │    │             └ {'timeout': 2.0}
           │    │                      │    └ <property object at 0x000002375D5BFE20>
           │    │                      └ <Connection: amqp://guest:**@127.0.0.1:5672// at 0x2376794d0f0>
           │    └ <property object at 0x000002375D5BFEC0>
           └ <Connection: amqp://guest:**@127.0.0.1:5672// at 0x2376794d0f0>
  File "C:\Users\Chane\AppData\Local\Programs\Python\Python313\Lib\site-packages\kombu\transport\pyamqp.py", line 171, in drain_events
    return connection.drain_events(**kwargs)
           │          │              └ {'timeout': 2.0}
           │          └ <function Connection.drain_events at 0x000002375BD97F60>
           └ <AMQP Connection: 127.0.0.1:5672// using <TCPTransport: 127.0.0.1:50224 -> 127.0.0.1:5672 at 0x237679724d0> at 0x23767911fd0>
  File "C:\Users\Chane\AppData\Local\Programs\Python\Python313\Lib\site-packages\amqp\connection.py", line 526, in drain_events
    while not self.blocking_read(timeout):
              │    │             └ 2.0
              │    └ <function Connection.blocking_read at 0x000002375BD9C040>
              └ <AMQP Connection: 127.0.0.1:5672// using <TCPTransport: 127.0.0.1:50224 -> 127.0.0.1:5672 at 0x237679724d0> at 0x23767911fd0>
  File "C:\Users\Chane\AppData\Local\Programs\Python\Python313\Lib\site-packages\amqp\connection.py", line 532, in blocking_read
    return self.on_inbound_frame(frame)
           │    │                └ (3, 1, b'[[1399867473, "\\u0412\\u0430\\u0448 \\u0443\\u0440\\u043e\\u043a \\u043f\\u043e\\u043b\\u0443\\u0447\\u0438\\u043b ...
           │    └ <property object at 0x000002375BB2BEC0>
           └ <AMQP Connection: 127.0.0.1:5672// using <TCPTransport: 127.0.0.1:50224 -> 127.0.0.1:5672 at 0x237679724d0> at 0x23767911fd0>
  File "C:\Users\Chane\AppData\Local\Programs\Python\Python313\Lib\site-packages\amqp\method_framing.py", line 77, in on_frame
    callback(channel, msg.frame_method, msg.frame_args, msg)
    │        │        │   │             │   │           └ <amqp.basic_message.Message object at 0x0000023767D67A50>
    │        │        │   │             │   └ <member 'frame_args' of 'GenericContent' objects>
    │        │        │   │             └ <amqp.basic_message.Message object at 0x0000023767D67A50>
    │        │        │   └ <member 'frame_method' of 'GenericContent' objects>
    │        │        └ <amqp.basic_message.Message object at 0x0000023767D67A50>
    │        └ 1
    └ <bound method Connection.on_inbound_method of <AMQP Connection: 127.0.0.1:5672// using <TCPTransport: 127.0.0.1:50224 -> 127....
  File "C:\Users\Chane\AppData\Local\Programs\Python\Python313\Lib\site-packages\amqp\connection.py", line 538, in on_inbound_method
    return self.channels[channel_id].dispatch_method(
           │    │        └ 1
           │    └ {0: <AMQP Connection: 127.0.0.1:5672// using <TCPTransport: 127.0.0.1:50224 -> 127.0.0.1:5672 at 0x237679724d0> at 0x23767911...
           └ <AMQP Connection: 127.0.0.1:5672// using <TCPTransport: 127.0.0.1:50224 -> 127.0.0.1:5672 at 0x237679724d0> at 0x23767911fd0>
  File "C:\Users\Chane\AppData\Local\Programs\Python\Python313\Lib\site-packages\amqp\abstract_channel.py", line 156, in dispatch_method
    listener(*args)
    │         └ ['None1', 8, False, '', 'celery', <amqp.basic_message.Message object at 0x0000023767D67A50>]
    └ <bound method Channel._on_basic_deliver of <kombu.transport.pyamqp.Channel object at 0x00000237679125F0>>
  File "C:\Users\Chane\AppData\Local\Programs\Python\Python313\Lib\site-packages\amqp\channel.py", line 1629, in _on_basic_deliver
    fun(msg)
    │   └ <amqp.basic_message.Message object at 0x0000023767D67A50>
    └ <bound method Consumer._receive_callback of <Consumer: [<Queue celery -> <Exchange celery(direct) bound to chan:1> -> celery ...
  File "C:\Users\Chane\AppData\Local\Programs\Python\Python313\Lib\site-packages\kombu\messaging.py", line 668, in _receive_callback
    return on_m(message) if on_m else self.receive(decoded, message)
           │    │           │         │    │       │        └ <Message object at 0x23767db00e0 with details {'state': 'RECEIVED', 'content_type': 'application/json', 'delivery_tag': 8, 'b...
           │    │           │         │    │       └ None
           │    │           │         │    └ <function Consumer.receive at 0x000002375D9BCCC0>
           │    │           │         └ <Consumer: [<Queue celery -> <Exchange celery(direct) bound to chan:1> -> celery bound to chan:1>, <Queue celery@DESKTOP-V9VE...
           │    │           └ <function Consumer.create_task_handler.<locals>.on_task_received at 0x00000237679A7B00>
           │    └ <Message object at 0x23767db00e0 with details {'state': 'RECEIVED', 'content_type': 'application/json', 'delivery_tag': 8, 'b...
           └ <function Consumer.create_task_handler.<locals>.on_task_received at 0x00000237679A7B00>
  File "C:\Users\Chane\AppData\Local\Programs\Python\Python313\Lib\site-packages\celery\worker\consumer\consumer.py", line 694, in on_task_received
    strategy(
    └ <function default.<locals>.task_message_handler at 0x00000237679A67A0>
  File "C:\Users\Chane\AppData\Local\Programs\Python\Python313\Lib\site-packages\celery\worker\strategy.py", line 203, in task_message_handler
    return limit_task(req, bucket, 1)
           │          │    └ <kombu.utils.limits.TokenBucket object at 0x00000237679296A0>
           │          └ <Request: send_single_tg_message[98525773-ec4d-4942-b5f0-e23ced65bcc7] (1399867473, 'Ваш урок получил новый статус, ознакомьт...
           └ <bound method Consumer._limit_task of <Consumer: celery@DESKTOP-V9VEJ4N (running)>>
  File "C:\Users\Chane\AppData\Local\Programs\Python\Python313\Lib\site-packages\celery\worker\consumer\consumer.py", line 323, in _limit_task
    return self._schedule_bucket_request(bucket)
           │    │                        └ <kombu.utils.limits.TokenBucket object at 0x00000237679296A0>
           │    └ <function Consumer._schedule_bucket_request at 0x000002376793CD60>
           └ <Consumer: celery@DESKTOP-V9VEJ4N (running)>
  File "C:\Users\Chane\AppData\Local\Programs\Python\Python313\Lib\site-packages\celery\worker\consumer\consumer.py", line 306, in _schedule_bucket_request
    self._limit_move_to_pool(request)
    │    │                   └ <Request: send_single_tg_message[98525773-ec4d-4942-b5f0-e23ced65bcc7] (1399867473, 'Ваш урок получил новый статус, ознакомьт...
    │    └ <function Consumer._limit_move_to_pool at 0x000002376793CCC0>
    └ <Consumer: celery@DESKTOP-V9VEJ4N (running)>
  File "C:\Users\Chane\AppData\Local\Programs\Python\Python313\Lib\site-packages\celery\worker\consumer\consumer.py", line 295, in _limit_move_to_pool
    self.on_task_request(request)
    │    │               └ <Request: send_single_tg_message[98525773-ec4d-4942-b5f0-e23ced65bcc7] (1399867473, 'Ваш урок получил новый статус, ознакомьт...
    │    └ <bound method WorkController._process_task of <Worker: celery@DESKTOP-V9VEJ4N (running)>>
    └ <Consumer: celery@DESKTOP-V9VEJ4N (running)>
  File "C:\Users\Chane\AppData\Local\Programs\Python\Python313\Lib\site-packages\celery\worker\worker.py", line 226, in _process_task
    req.execute_using_pool(self.pool)
    │   │                  │    └ <celery.concurrency.solo.TaskPool object at 0x00000237678BBE00>
    │   │                  └ <Worker: celery@DESKTOP-V9VEJ4N (running)>
    │   └ <function create_request_cls.<locals>.Request.execute_using_pool at 0x00000237679A6840>
    └ <Request: send_single_tg_message[98525773-ec4d-4942-b5f0-e23ced65bcc7] (1399867473, 'Ваш урок получил новый статус, ознакомьт...
  File "C:\Users\Chane\AppData\Local\Programs\Python\Python313\Lib\site-packages\celery\worker\request.py", line 770, in execute_using_pool
    result = apply_async(
             └ <bound method BasePool.apply_async of <celery.concurrency.solo.TaskPool object at 0x00000237678BBE00>>
  File "C:\Users\Chane\AppData\Local\Programs\Python\Python313\Lib\site-packages\celery\concurrency\base.py", line 153, in apply_async
    return self.on_apply(target, args, kwargs,
           │    │        │       │     └ {}
           │    │        │       └ ('send_single_tg_message', '98525773-ec4d-4942-b5f0-e23ced65bcc7', {'argsrepr': "(1399867473, 'Ваш урок получил новый статус,...
           │    │        └ <function fast_trace_task at 0x000002375E8D1940>
           │    └ <function apply_target at 0x000002375D7A8CC0>
           └ <celery.concurrency.solo.TaskPool object at 0x00000237678BBE00>
  File "C:\Users\Chane\AppData\Local\Programs\Python\Python313\Lib\site-packages\celery\concurrency\base.py", line 30, in apply_target
    ret = target(*args, **kwargs)
          │       │       └ {}
          │       └ ('send_single_tg_message', '98525773-ec4d-4942-b5f0-e23ced65bcc7', {'argsrepr': "(1399867473, 'Ваш урок получил новый статус,...
          └ <function fast_trace_task at 0x000002375E8D1940>
  File "C:\Users\Chane\AppData\Local\Programs\Python\Python313\Lib\site-packages\celery\app\trace.py", line 773, in fast_trace_task
    R, I, T, Rstr = tasks[task].__trace__(
                    │     └ 'send_single_tg_message'
                    └ {'celery.map': <@task: celery.map of worker at 0x2375f7b7e00>, 'celery.backend_cleanup': <@task: celery.backend_cleanup of wo...
  File "C:\Users\Chane\AppData\Local\Programs\Python\Python313\Lib\site-packages\celery\app\trace.py", line 585, in trace_task
    R = retval = fun(*args, **kwargs)
                 │    │       └ {}
                 │    └ [1399867473, 'Ваш урок получил новый статус, ознакомьтесь с ним.', 'exp://10.171.36.68:8081/--/lesson/54']
                 └ <@task: send_single_tg_message of worker at 0x2375f7b7e00>
  File "C:\Users\Chane\AppData\Local\Programs\Python\Python313\Lib\site-packages\celery\app\trace.py", line 858, in __protected_call__
    return self.run(*args, **kwargs)
           │    │    │       └ {}
           │    │    └ (1399867473, 'Ваш урок получил новый статус, ознакомьтесь с ним.', 'exp://10.171.36.68:8081/--/lesson/54')
           │    └ <function send_single_tg_message at 0x0000023767740E00>
           └ <@task: send_single_tg_message of worker at 0x2375f7b7e00>

  File "E:\dev\share_it\back-end\routers\tasks\notification_tasks.py", line 60, in send_single_tg_message
    _run_async_send(chat_id, message_text, url)
    │               │        │             └ 'exp://10.171.36.68:8081/--/lesson/54'
    │               │        └ 'Ваш урок получил новый статус, ознакомьтесь с ним.'
    │               └ 1399867473
    └ <function _run_async_send at 0x0000023767741580>

  File "E:\dev\share_it\back-end\routers\tasks\notification_tasks.py", line 83, in _run_async_send
    asyncio.run(_safe_send_message(chat_id, message_text, url))
    │       │   │                  │        │             └ 'exp://10.171.36.68:8081/--/lesson/54'
    │       │   │                  │        └ 'Ваш урок получил новый статус, ознакомьтесь с ним.'
    │       │   │                  └ 1399867473
    │       │   └ <function _safe_send_message at 0x00000237677411C0>
    │       └ <function run at 0x000002375E2DE0C0>
    └ <module 'asyncio' from 'C:\\Users\\Chane\\AppData\\Local\\Programs\\Python\\Python313\\Lib\\asyncio\\__init__.py'>

  File "C:\Users\Chane\AppData\Local\Programs\Python\Python313\Lib\asyncio\runners.py", line 195, in run
    return runner.run(main)
           │      │   └ <coroutine object _safe_send_message at 0x0000023767B44440>
           │      └ <function Runner.run at 0x000002375E315760>
           └ <asyncio.runners.Runner object at 0x0000023767DAC7C0>
  File "C:\Users\Chane\AppData\Local\Programs\Python\Python313\Lib\asyncio\runners.py", line 118, in run
    return self._loop.run_until_complete(task)
           │    │     │                  └ <Task pending name='Task-41' coro=<_safe_send_message() running at C:\Users\Chane\AppData\Local\Programs\Python\Python313\Lib...
           │    │     └ <function BaseEventLoop.run_until_complete at 0x000002375E30F1A0>
           │    └ <_WindowsSelectorEventLoop running=True closed=False debug=False>
           └ <asyncio.runners.Runner object at 0x0000023767DAC7C0>
  File "C:\Users\Chane\AppData\Local\Programs\Python\Python313\Lib\asyncio\base_events.py", line 712, in run_until_complete
    self.run_forever()
    │    └ <function BaseEventLoop.run_forever at 0x000002375E30F100>
    └ <_WindowsSelectorEventLoop running=True closed=False debug=False>
  File "C:\Users\Chane\AppData\Local\Programs\Python\Python313\Lib\asyncio\base_events.py", line 683, in run_forever
    self._run_once()
    │    └ <function BaseEventLoop._run_once at 0x000002375E314F40>
    └ <_WindowsSelectorEventLoop running=True closed=False debug=False>
  File "C:\Users\Chane\AppData\Local\Programs\Python\Python313\Lib\asyncio\base_events.py", line 2040, in _run_once
    handle._run()
    │      └ <function Handle._run at 0x000002375DA56700>
    └ <Handle Task.task_wakeup()>
> File "C:\Users\Chane\AppData\Local\Programs\Python\Python313\Lib\asyncio\events.py", line 89, in _run
    self._context.run(self._callback, *self._args)
    │    │            │    │           │    └ <member '_args' of 'Handle' objects>
    │    │            │    │           └ <Handle Task.task_wakeup()>
    │    │            │    └ <member '_callback' of 'Handle' objects>
    │    │            └ <Handle Task.task_wakeup()>
    │    └ <member '_context' of 'Handle' objects>
    └ <Handle Task.task_wakeup()>

  File "E:\dev\share_it\back-end\routers\tasks\notification_tasks.py", line 77, in _safe_send_message
    raise e

  File "E:\dev\share_it\back-end\routers\tasks\notification_tasks.py", line 74, in _safe_send_message
    await bot.send_message(chat_id, message_text, reply_markup=kb)
          │   │            │        │                          └ InlineKeyboardMarkup(inline_keyboard=[[InlineKeyboardButton(text='Перейти к уроку', url='exp://10.171.36.68:8081/--/lesson/54...
          │   │            │        └ 'Ваш урок получил новый статус, ознакомьтесь с ним.'
          │   │            └ 1399867473
          │   └ <function Bot.send_message at 0x0000023764B9D120>
          └ <aiogram.client.bot.Bot object at 0x0000023767BC6C10>

  File "C:\Users\Chane\AppData\Local\Programs\Python\Python313\Lib\site-packages\aiogram\client\bot.py", line 2850, in send_message
    return await self(call, request_timeout=request_timeout)
                 │    │                     └ None
                 │    └ SendMessage(chat_id=1399867473, text='Ваш урок получил новый статус, ознакомьтесь с ним.', business_connection_id=None, messa...
                 └ <aiogram.client.bot.Bot object at 0x0000023767BC6C10>
  File "C:\Users\Chane\AppData\Local\Programs\Python\Python313\Lib\site-packages\aiogram\client\bot.py", line 478, in __call__
    return await self.session(self, method, timeout=request_timeout)
                 │    │       │     │               └ None
                 │    │       │     └ SendMessage(chat_id=1399867473, text='Ваш урок получил новый статус, ознакомьтесь с ним.', business_connection_id=None, messa...
                 │    │       └ <aiogram.client.bot.Bot object at 0x0000023767BC6C10>
                 │    └ <aiogram.client.session.aiohttp.AiohttpSession object at 0x0000023767BC4050>
                 └ <aiogram.client.bot.Bot object at 0x0000023767BC6C10>
  File "C:\Users\Chane\AppData\Local\Programs\Python\Python313\Lib\site-packages\aiogram\client\session\base.py", line 254, in __call__
    return cast(TelegramType, await middleware(bot, method))
           │    │                   │          │    └ SendMessage(chat_id=1399867473, text='Ваш урок получил новый статус, ознакомьтесь с ним.', business_connection_id=None, messa...
           │    │                   │          └ <aiogram.client.bot.Bot object at 0x0000023767BC6C10>
           │    │                   └ functools.partial(<bound method AiohttpSession.make_request of <aiogram.client.session.aiohttp.AiohttpSession object at 0x000...
           │    └ ~TelegramType
           └ <function cast at 0x000002375B14CD60>
  File "C:\Users\Chane\AppData\Local\Programs\Python\Python313\Lib\site-packages\aiogram\client\session\aiohttp.py", line 185, in make_request
    response = self.check_response(
               │    └ <function BaseSession.check_response at 0x0000023764C40900>
               └ <aiogram.client.session.aiohttp.AiohttpSession object at 0x0000023767BC4050>
  File "C:\Users\Chane\AppData\Local\Programs\Python\Python313\Lib\site-packages\aiogram\client\session\base.py", line 120, in check_response
    raise TelegramBadRequest(method=method, message=description)
          │                         │               └ "Bad Request: inline keyboard button URL 'exp://10.171.36.68:8081/--/lesson/54' is invalid: Unsupported URL protocol"
          │                         └ SendMessage(chat_id=1399867473, text='Ваш урок получил новый статус, ознакомьтесь с ним.', business_connection_id=None, messa...
          └ <class 'aiogram.exceptions.TelegramBadRequest'>

aiogram.exceptions.TelegramBadRequest: Telegram server says - Bad Request: inline keyboard button URL 'exp://10.171.36.68:8081/--/lesson/54' is invalid: Unsupported URL protocol
2026-05-09 13:01:29 | ERROR    | routers.tasks.notification_tasks:_safe_send_message:76 - Failed to send message to chat_id 1399867473: Telegram server says - Bad Request: inline keyboard button URL 'exp://10.171.36.68:8081/--/lesson/54' is invalid: Unsupported URL protocol
2026-05-09 13:01:29 | ERROR    | asyncio.events:_run:89 - An error has been caught in function '_run', process 'MainProcess' (24152), thread 'MainThread' (8828):
Traceback (most recent call last):

  File "<frozen runpy>", line 198, in _run_module_as_main
  File "<frozen runpy>", line 88, in _run_code

  File "C:\Users\Chane\AppData\Local\Programs\Python\Python313\Scripts\celery.exe\__main__.py", line 7, in <module>

  File "C:\Users\Chane\AppData\Local\Programs\Python\Python313\Lib\site-packages\celery\__main__.py", line 15, in main
    sys.exit(_main())
    │   │    └ <function main at 0x000002375F5620C0>
    │   └ <built-in function exit>
    └ <module 'sys' (built-in)>
  File "C:\Users\Chane\AppData\Local\Programs\Python\Python313\Lib\site-packages\celery\bin\celery.py", line 227, in main
    return celery(auto_envvar_prefix="CELERY")
           └ <DYMGroup celery>
  File "C:\Users\Chane\AppData\Local\Programs\Python\Python313\Lib\site-packages\click\core.py", line 1462, in __call__
    return self.main(*args, **kwargs)
           │    │     │       └ {'auto_envvar_prefix': 'CELERY'}
           │    │     └ ()
           │    └ <function Command.main at 0x000002375D85D1C0>
           └ <DYMGroup celery>
  File "C:\Users\Chane\AppData\Local\Programs\Python\Python313\Lib\site-packages\click\core.py", line 1383, in main
    rv = self.invoke(ctx)
         │    │      └ <click.core.Context object at 0x000002375F4730E0>
         │    └ <function Group.invoke at 0x000002375D85E0C0>
         └ <DYMGroup celery>
  File "C:\Users\Chane\AppData\Local\Programs\Python\Python313\Lib\site-packages\click\core.py", line 1850, in invoke
    return _process_result(sub_ctx.command.invoke(sub_ctx))
           │               │       │       │      └ <click.core.Context object at 0x000002375F859F90>
           │               │       │       └ <function Command.invoke at 0x000002375D85CEA0>
           │               │       └ <CeleryDaemonCommand worker>
           │               └ <click.core.Context object at 0x000002375F859F90>
           └ <function Group.invoke.<locals>._process_result at 0x000002375D9634C0>
  File "C:\Users\Chane\AppData\Local\Programs\Python\Python313\Lib\site-packages\click\core.py", line 1246, in invoke
    return ctx.invoke(self.callback, **ctx.params)
           │   │      │    │           │   └ {'loglevel': 20, 'pool': <class 'celery.concurrency.solo.TaskPool'>, 'without_mingle': True, 'without_gossip': True, 'hostnam...
           │   │      │    │           └ <click.core.Context object at 0x000002375F859F90>
           │   │      │    └ <function worker at 0x000002375E9384A0>
           │   │      └ <CeleryDaemonCommand worker>
           │   └ <function Context.invoke at 0x000002375D85C0E0>
           └ <click.core.Context object at 0x000002375F859F90>
  File "C:\Users\Chane\AppData\Local\Programs\Python\Python313\Lib\site-packages\click\core.py", line 814, in invoke
    return callback(*args, **kwargs)
           │         │       └ {'loglevel': 20, 'pool': <class 'celery.concurrency.solo.TaskPool'>, 'without_mingle': True, 'without_gossip': True, 'hostnam...
           │         └ ()
           └ <function worker at 0x000002375E9384A0>
  File "C:\Users\Chane\AppData\Local\Programs\Python\Python313\Lib\site-packages\click\decorators.py", line 34, in new_func
    return f(get_current_context(), *args, **kwargs)
           │ │                       │       └ {'loglevel': 20, 'pool': <class 'celery.concurrency.solo.TaskPool'>, 'without_mingle': True, 'without_gossip': True, 'hostnam...
           │ │                       └ ()
           │ └ <function get_current_context at 0x000002375D82A340>
           └ <function worker at 0x000002375E938400>
  File "C:\Users\Chane\AppData\Local\Programs\Python\Python313\Lib\site-packages\celery\bin\base.py", line 158, in caller
    return f(ctx, *args, **kwargs)
           │ │     │       └ {'loglevel': 20, 'pool': <class 'celery.concurrency.solo.TaskPool'>, 'without_mingle': True, 'without_gossip': True, 'hostnam...
           │ │     └ ()
           │ └ <click.core.Context object at 0x000002375F859F90>
           └ <function worker at 0x000002375E938360>
  File "C:\Users\Chane\AppData\Local\Programs\Python\Python313\Lib\site-packages\celery\bin\worker.py", line 367, in worker
    worker.start()
    │      └ <function WorkController.start at 0x000002375E854540>
    └ <Worker: celery@DESKTOP-V9VEJ4N (running)>
  File "C:\Users\Chane\AppData\Local\Programs\Python\Python313\Lib\site-packages\celery\worker\worker.py", line 203, in start
    self.blueprint.start(self)
    │    │         │     └ <Worker: celery@DESKTOP-V9VEJ4N (running)>
    │    │         └ <function Blueprint.start at 0x000002375E844180>
    │    └ <celery.worker.worker.WorkController.Blueprint object at 0x00000237678BA7B0>
    └ <Worker: celery@DESKTOP-V9VEJ4N (running)>
  File "C:\Users\Chane\AppData\Local\Programs\Python\Python313\Lib\site-packages\celery\bootsteps.py", line 116, in start
    step.start(parent)
    │    │     └ <Worker: celery@DESKTOP-V9VEJ4N (running)>
    │    └ <function StartStopStep.start at 0x000002375E845440>
    └ <step: Consumer>
  File "C:\Users\Chane\AppData\Local\Programs\Python\Python313\Lib\site-packages\celery\bootsteps.py", line 365, in start
    return self.obj.start()
           │    │   └ <function Consumer.start at 0x000002376793CF40>
           │    └ <Consumer: celery@DESKTOP-V9VEJ4N (running)>
           └ <step: Consumer>
  File "C:\Users\Chane\AppData\Local\Programs\Python\Python313\Lib\site-packages\celery\worker\consumer\consumer.py", line 346, in start
    blueprint.start(self)
    │         │     └ <Consumer: celery@DESKTOP-V9VEJ4N (running)>
    │         └ <function Blueprint.start at 0x000002375E844180>
    └ <celery.worker.consumer.consumer.Consumer.Blueprint object at 0x00000237679297F0>
  File "C:\Users\Chane\AppData\Local\Programs\Python\Python313\Lib\site-packages\celery\bootsteps.py", line 116, in start
    step.start(parent)
    │    │     └ <Consumer: celery@DESKTOP-V9VEJ4N (running)>
    │    └ <function Evloop.start at 0x000002376793E2A0>
    └ <step: event loop>
  File "C:\Users\Chane\AppData\Local\Programs\Python\Python313\Lib\site-packages\celery\worker\consumer\consumer.py", line 788, in start
    c.loop(*c.loop_args())
    │ │     │ └ <function Consumer.loop_args at 0x000002376793D440>
    │ │     └ <Consumer: celery@DESKTOP-V9VEJ4N (running)>
    │ └ <function synloop at 0x000002376793C680>
    └ <Consumer: celery@DESKTOP-V9VEJ4N (running)>
  File "C:\Users\Chane\AppData\Local\Programs\Python\Python313\Lib\site-packages\celery\worker\loops.py", line 168, in synloop
    _loop_cycle()
    └ <function synloop.<locals>._loop_cycle at 0x00000237679A7D80>
  File "C:\Users\Chane\AppData\Local\Programs\Python\Python313\Lib\site-packages\celery\worker\loops.py", line 157, in _loop_cycle
    connection.drain_events(timeout=2.0)
    │          └ <function Connection.drain_events at 0x000002375D67DE40>
    └ <Connection: amqp://guest:**@127.0.0.1:5672// at 0x2376794d0f0>
  File "C:\Users\Chane\AppData\Local\Programs\Python\Python313\Lib\site-packages\kombu\connection.py", line 343, in drain_events
    return self.transport.drain_events(self.connection, **kwargs)
           │    │                      │    │             └ {'timeout': 2.0}
           │    │                      │    └ <property object at 0x000002375D5BFE20>
           │    │                      └ <Connection: amqp://guest:**@127.0.0.1:5672// at 0x2376794d0f0>
           │    └ <property object at 0x000002375D5BFEC0>
           └ <Connection: amqp://guest:**@127.0.0.1:5672// at 0x2376794d0f0>
  File "C:\Users\Chane\AppData\Local\Programs\Python\Python313\Lib\site-packages\kombu\transport\pyamqp.py", line 171, in drain_events
    return connection.drain_events(**kwargs)
           │          │              └ {'timeout': 2.0}
           │          └ <function Connection.drain_events at 0x000002375BD97F60>
           └ <AMQP Connection: 127.0.0.1:5672// using <TCPTransport: 127.0.0.1:50224 -> 127.0.0.1:5672 at 0x237679724d0> at 0x23767911fd0>
  File "C:\Users\Chane\AppData\Local\Programs\Python\Python313\Lib\site-packages\amqp\connection.py", line 526, in drain_events
    while not self.blocking_read(timeout):
              │    │             └ 2.0
              │    └ <function Connection.blocking_read at 0x000002375BD9C040>
              └ <AMQP Connection: 127.0.0.1:5672// using <TCPTransport: 127.0.0.1:50224 -> 127.0.0.1:5672 at 0x237679724d0> at 0x23767911fd0>
  File "C:\Users\Chane\AppData\Local\Programs\Python\Python313\Lib\site-packages\amqp\connection.py", line 532, in blocking_read
    return self.on_inbound_frame(frame)
           │    │                └ (3, 1, b'[[1399867473, "\\u0412\\u0430\\u0448 \\u0443\\u0440\\u043e\\u043a \\u043f\\u043e\\u043b\\u0443\\u0447\\u0438\\u043b ...
           │    └ <property object at 0x000002375BB2BEC0>
           └ <AMQP Connection: 127.0.0.1:5672// using <TCPTransport: 127.0.0.1:50224 -> 127.0.0.1:5672 at 0x237679724d0> at 0x23767911fd0>
  File "C:\Users\Chane\AppData\Local\Programs\Python\Python313\Lib\site-packages\amqp\method_framing.py", line 77, in on_frame
    callback(channel, msg.frame_method, msg.frame_args, msg)
    │        │        │   │             │   │           └ <amqp.basic_message.Message object at 0x0000023767A026D0>
    │        │        │   │             │   └ <member 'frame_args' of 'GenericContent' objects>
    │        │        │   │             └ <amqp.basic_message.Message object at 0x0000023767A026D0>
    │        │        │   └ <member 'frame_method' of 'GenericContent' objects>
    │        │        └ <amqp.basic_message.Message object at 0x0000023767A026D0>
    │        └ 1
    └ <bound method Connection.on_inbound_method of <AMQP Connection: 127.0.0.1:5672// using <TCPTransport: 127.0.0.1:50224 -> 127....
  File "C:\Users\Chane\AppData\Local\Programs\Python\Python313\Lib\site-packages\amqp\connection.py", line 538, in on_inbound_method
    return self.channels[channel_id].dispatch_method(
           │    │        └ 1
           │    └ {0: <AMQP Connection: 127.0.0.1:5672// using <TCPTransport: 127.0.0.1:50224 -> 127.0.0.1:5672 at 0x237679724d0> at 0x23767911...
           └ <AMQP Connection: 127.0.0.1:5672// using <TCPTransport: 127.0.0.1:50224 -> 127.0.0.1:5672 at 0x237679724d0> at 0x23767911fd0>
  File "C:\Users\Chane\AppData\Local\Programs\Python\Python313\Lib\site-packages\amqp\abstract_channel.py", line 156, in dispatch_method
    listener(*args)
    │         └ ['None1', 12, False, '', 'celery', <amqp.basic_message.Message object at 0x0000023767A026D0>]
    └ <bound method Channel._on_basic_deliver of <kombu.transport.pyamqp.Channel object at 0x00000237679125F0>>
  File "C:\Users\Chane\AppData\Local\Programs\Python\Python313\Lib\site-packages\amqp\channel.py", line 1629, in _on_basic_deliver
    fun(msg)
    │   └ <amqp.basic_message.Message object at 0x0000023767A026D0>
    └ <bound method Consumer._receive_callback of <Consumer: [<Queue celery -> <Exchange celery(direct) bound to chan:1> -> celery ...
  File "C:\Users\Chane\AppData\Local\Programs\Python\Python313\Lib\site-packages\kombu\messaging.py", line 668, in _receive_callback
    return on_m(message) if on_m else self.receive(decoded, message)
           │    │           │         │    │       │        └ <Message object at 0x237678dbb60 with details {'state': 'RECEIVED', 'content_type': 'application/json', 'delivery_tag': 12, '...
           │    │           │         │    │       └ None
           │    │           │         │    └ <function Consumer.receive at 0x000002375D9BCCC0>
           │    │           │         └ <Consumer: [<Queue celery -> <Exchange celery(direct) bound to chan:1> -> celery bound to chan:1>, <Queue celery@DESKTOP-V9VE...
           │    │           └ <function Consumer.create_task_handler.<locals>.on_task_received at 0x00000237679A7B00>
           │    └ <Message object at 0x237678dbb60 with details {'state': 'RECEIVED', 'content_type': 'application/json', 'delivery_tag': 12, '...
           └ <function Consumer.create_task_handler.<locals>.on_task_received at 0x00000237679A7B00>
  File "C:\Users\Chane\AppData\Local\Programs\Python\Python313\Lib\site-packages\celery\worker\consumer\consumer.py", line 694, in on_task_received
    strategy(
    └ <function default.<locals>.task_message_handler at 0x00000237679A67A0>
  File "C:\Users\Chane\AppData\Local\Programs\Python\Python313\Lib\site-packages\celery\worker\strategy.py", line 203, in task_message_handler
    return limit_task(req, bucket, 1)
           │          │    └ <kombu.utils.limits.TokenBucket object at 0x00000237679296A0>
           │          └ <Request: send_single_tg_message[fa59e60b-2075-48f2-b8d5-67d5e69b5bfe] (1399867473, 'Ваш урок получил новый статус, ознакомьт...
           └ <bound method Consumer._limit_task of <Consumer: celery@DESKTOP-V9VEJ4N (running)>>
  File "C:\Users\Chane\AppData\Local\Programs\Python\Python313\Lib\site-packages\celery\worker\consumer\consumer.py", line 323, in _limit_task
    return self._schedule_bucket_request(bucket)
           │    │                        └ <kombu.utils.limits.TokenBucket object at 0x00000237679296A0>
           │    └ <function Consumer._schedule_bucket_request at 0x000002376793CD60>
           └ <Consumer: celery@DESKTOP-V9VEJ4N (running)>
  File "C:\Users\Chane\AppData\Local\Programs\Python\Python313\Lib\site-packages\celery\worker\consumer\consumer.py", line 306, in _schedule_bucket_request
    self._limit_move_to_pool(request)
    │    │                   └ <Request: send_single_tg_message[fa59e60b-2075-48f2-b8d5-67d5e69b5bfe] (1399867473, 'Ваш урок получил новый статус, ознакомьт...
    │    └ <function Consumer._limit_move_to_pool at 0x000002376793CCC0>
    └ <Consumer: celery@DESKTOP-V9VEJ4N (running)>
  File "C:\Users\Chane\AppData\Local\Programs\Python\Python313\Lib\site-packages\celery\worker\consumer\consumer.py", line 295, in _limit_move_to_pool
    self.on_task_request(request)
    │    │               └ <Request: send_single_tg_message[fa59e60b-2075-48f2-b8d5-67d5e69b5bfe] (1399867473, 'Ваш урок получил новый статус, ознакомьт...
    │    └ <bound method WorkController._process_task of <Worker: celery@DESKTOP-V9VEJ4N (running)>>
    └ <Consumer: celery@DESKTOP-V9VEJ4N (running)>
  File "C:\Users\Chane\AppData\Local\Programs\Python\Python313\Lib\site-packages\celery\worker\worker.py", line 226, in _process_task
    req.execute_using_pool(self.pool)
    │   │                  │    └ <celery.concurrency.solo.TaskPool object at 0x00000237678BBE00>
    │   │                  └ <Worker: celery@DESKTOP-V9VEJ4N (running)>
    │   └ <function create_request_cls.<locals>.Request.execute_using_pool at 0x00000237679A6840>
    └ <Request: send_single_tg_message[fa59e60b-2075-48f2-b8d5-67d5e69b5bfe] (1399867473, 'Ваш урок получил новый статус, ознакомьт...
  File "C:\Users\Chane\AppData\Local\Programs\Python\Python313\Lib\site-packages\celery\worker\request.py", line 770, in execute_using_pool
    result = apply_async(
             └ <bound method BasePool.apply_async of <celery.concurrency.solo.TaskPool object at 0x00000237678BBE00>>
  File "C:\Users\Chane\AppData\Local\Programs\Python\Python313\Lib\site-packages\celery\concurrency\base.py", line 153, in apply_async
    return self.on_apply(target, args, kwargs,
           │    │        │       │     └ {}
           │    │        │       └ ('send_single_tg_message', 'fa59e60b-2075-48f2-b8d5-67d5e69b5bfe', {'argsrepr': "(1399867473, 'Ваш урок получил новый статус,...
           │    │        └ <function fast_trace_task at 0x000002375E8D1940>
           │    └ <function apply_target at 0x000002375D7A8CC0>
           └ <celery.concurrency.solo.TaskPool object at 0x00000237678BBE00>
  File "C:\Users\Chane\AppData\Local\Programs\Python\Python313\Lib\site-packages\celery\concurrency\base.py", line 30, in apply_target
    ret = target(*args, **kwargs)
          │       │       └ {}
          │       └ ('send_single_tg_message', 'fa59e60b-2075-48f2-b8d5-67d5e69b5bfe', {'argsrepr': "(1399867473, 'Ваш урок получил новый статус,...
          └ <function fast_trace_task at 0x000002375E8D1940>
  File "C:\Users\Chane\AppData\Local\Programs\Python\Python313\Lib\site-packages\celery\app\trace.py", line 773, in fast_trace_task
    R, I, T, Rstr = tasks[task].__trace__(
                    │     └ 'send_single_tg_message'
                    └ {'celery.map': <@task: celery.map of worker at 0x2375f7b7e00>, 'celery.backend_cleanup': <@task: celery.backend_cleanup of wo...
  File "C:\Users\Chane\AppData\Local\Programs\Python\Python313\Lib\site-packages\celery\app\trace.py", line 585, in trace_task
    R = retval = fun(*args, **kwargs)
                 │    │       └ {}
                 │    └ [1399867473, 'Ваш урок получил новый статус, ознакомьтесь с ним.', 'exp://10.171.36.68:8081/--/lesson/54']
                 └ <@task: send_single_tg_message of worker at 0x2375f7b7e00>
  File "C:\Users\Chane\AppData\Local\Programs\Python\Python313\Lib\site-packages\celery\app\trace.py", line 858, in __protected_call__
    return self.run(*args, **kwargs)
           │    │    │       └ {}
           │    │    └ (1399867473, 'Ваш урок получил новый статус, ознакомьтесь с ним.', 'exp://10.171.36.68:8081/--/lesson/54')
           │    └ <function send_single_tg_message at 0x0000023767740E00>
           └ <@task: send_single_tg_message of worker at 0x2375f7b7e00>

  File "E:\dev\share_it\back-end\routers\tasks\notification_tasks.py", line 60, in send_single_tg_message
    _run_async_send(chat_id, message_text, url)
    │               │        │             └ 'exp://10.171.36.68:8081/--/lesson/54'
    │               │        └ 'Ваш урок получил новый статус, ознакомьтесь с ним.'
    │               └ 1399867473
    └ <function _run_async_send at 0x0000023767741580>

  File "E:\dev\share_it\back-end\routers\tasks\notification_tasks.py", line 83, in _run_async_send
    asyncio.run(_safe_send_message(chat_id, message_text, url))
    │       │   │                  │        │             └ 'exp://10.171.36.68:8081/--/lesson/54'
    │       │   │                  │        └ 'Ваш урок получил новый статус, ознакомьтесь с ним.'
    │       │   │                  └ 1399867473
    │       │   └ <function _safe_send_message at 0x00000237677411C0>
    │       └ <function run at 0x000002375E2DE0C0>
    └ <module 'asyncio' from 'C:\\Users\\Chane\\AppData\\Local\\Programs\\Python\\Python313\\Lib\\asyncio\\__init__.py'>

  File "C:\Users\Chane\AppData\Local\Programs\Python\Python313\Lib\asyncio\runners.py", line 195, in run
    return runner.run(main)
           │      │   └ <coroutine object _safe_send_message at 0x0000023767A0BA40>
           │      └ <function Runner.run at 0x000002375E315760>
           └ <asyncio.runners.Runner object at 0x0000023767A3E5D0>
  File "C:\Users\Chane\AppData\Local\Programs\Python\Python313\Lib\asyncio\runners.py", line 118, in run
    return self._loop.run_until_complete(task)
           │    │     │                  └ <Task pending name='Task-63' coro=<_safe_send_message() running at C:\Users\Chane\AppData\Local\Programs\Python\Python313\Lib...
           │    │     └ <function BaseEventLoop.run_until_complete at 0x000002375E30F1A0>
           │    └ <_WindowsSelectorEventLoop running=True closed=False debug=False>
           └ <asyncio.runners.Runner object at 0x0000023767A3E5D0>
  File "C:\Users\Chane\AppData\Local\Programs\Python\Python313\Lib\asyncio\base_events.py", line 712, in run_until_complete
    self.run_forever()
    │    └ <function BaseEventLoop.run_forever at 0x000002375E30F100>
    └ <_WindowsSelectorEventLoop running=True closed=False debug=False>
  File "C:\Users\Chane\AppData\Local\Programs\Python\Python313\Lib\asyncio\base_events.py", line 683, in run_forever
    self._run_once()
    │    └ <function BaseEventLoop._run_once at 0x000002375E314F40>
    └ <_WindowsSelectorEventLoop running=True closed=False debug=False>
  File "C:\Users\Chane\AppData\Local\Programs\Python\Python313\Lib\asyncio\base_events.py", line 2040, in _run_once
    handle._run()
    │      └ <function Handle._run at 0x000002375DA56700>
    └ <Handle Task.task_wakeup()>
> File "C:\Users\Chane\AppData\Local\Programs\Python\Python313\Lib\asyncio\events.py", line 89, in _run
    self._context.run(self._callback, *self._args)
    │    │            │    │           │    └ <member '_args' of 'Handle' objects>
    │    │            │    │           └ <Handle Task.task_wakeup()>
    │    │            │    └ <member '_callback' of 'Handle' objects>
    │    │            └ <Handle Task.task_wakeup()>
    │    └ <member '_context' of 'Handle' objects>
    └ <Handle Task.task_wakeup()>

  File "E:\dev\share_it\back-end\routers\tasks\notification_tasks.py", line 77, in _safe_send_message
    raise e

  File "E:\dev\share_it\back-end\routers\tasks\notification_tasks.py", line 74, in _safe_send_message
    await bot.send_message(chat_id, message_text, reply_markup=kb)
          │   │            │        │                          └ InlineKeyboardMarkup(inline_keyboard=[[InlineKeyboardButton(text='Перейти к уроку', url='exp://10.171.36.68:8081/--/lesson/54...
          │   │            │        └ 'Ваш урок получил новый статус, ознакомьтесь с ним.'
          │   │            └ 1399867473
          │   └ <function Bot.send_message at 0x0000023764B9D120>
          └ <aiogram.client.bot.Bot object at 0x0000023767A87360>

  File "C:\Users\Chane\AppData\Local\Programs\Python\Python313\Lib\site-packages\aiogram\client\bot.py", line 2850, in send_message
    return await self(call, request_timeout=request_timeout)
                 │    │                     └ None
                 │    └ SendMessage(chat_id=1399867473, text='Ваш урок получил новый статус, ознакомьтесь с ним.', business_connection_id=None, messa...
                 └ <aiogram.client.bot.Bot object at 0x0000023767A87360>
  File "C:\Users\Chane\AppData\Local\Programs\Python\Python313\Lib\site-packages\aiogram\client\bot.py", line 478, in __call__
    return await self.session(self, method, timeout=request_timeout)
                 │    │       │     │               └ None
                 │    │       │     └ SendMessage(chat_id=1399867473, text='Ваш урок получил новый статус, ознакомьтесь с ним.', business_connection_id=None, messa...
                 │    │       └ <aiogram.client.bot.Bot object at 0x0000023767A87360>
                 │    └ <aiogram.client.session.aiohttp.AiohttpSession object at 0x0000023767A876F0>
                 └ <aiogram.client.bot.Bot object at 0x0000023767A87360>
  File "C:\Users\Chane\AppData\Local\Programs\Python\Python313\Lib\site-packages\aiogram\client\session\base.py", line 254, in __call__
    return cast(TelegramType, await middleware(bot, method))
           │    │                   │          │    └ SendMessage(chat_id=1399867473, text='Ваш урок получил новый статус, ознакомьтесь с ним.', business_connection_id=None, messa...
           │    │                   │          └ <aiogram.client.bot.Bot object at 0x0000023767A87360>
           │    │                   └ functools.partial(<bound method AiohttpSession.make_request of <aiogram.client.session.aiohttp.AiohttpSession object at 0x000...
           │    └ ~TelegramType
           └ <function cast at 0x000002375B14CD60>
  File "C:\Users\Chane\AppData\Local\Programs\Python\Python313\Lib\site-packages\aiogram\client\session\aiohttp.py", line 185, in make_request
    response = self.check_response(
               │    └ <function BaseSession.check_response at 0x0000023764C40900>
               └ <aiogram.client.session.aiohttp.AiohttpSession object at 0x0000023767A876F0>
  File "C:\Users\Chane\AppData\Local\Programs\Python\Python313\Lib\site-packages\aiogram\client\session\base.py", line 120, in check_response
    raise TelegramBadRequest(method=method, message=description)
          │                         │               └ "Bad Request: inline keyboard button URL 'exp://10.171.36.68:8081/--/lesson/54' is invalid: Unsupported URL protocol"
          │                         └ SendMessage(chat_id=1399867473, text='Ваш урок получил новый статус, ознакомьтесь с ним.', business_connection_id=None, messa...
          └ <class 'aiogram.exceptions.TelegramBadRequest'>

aiogram.exceptions.TelegramBadRequest: Telegram server says - Bad Request: inline keyboard button URL 'exp://10.171.36.68:8081/--/lesson/54' is invalid: Unsupported URL protocol
2026-05-09 13:02:08 | ERROR    | routers.tasks.notification_tasks:_safe_send_message:76 - Failed to send message to chat_id 1399867473: Telegram server says - Bad Request: inline keyboard button URL 'exp://10.171.36.68:8081/--/lesson/54' is invalid: Unsupported URL protocol
2026-05-09 13:02:08 | ERROR    | asyncio.events:_run:89 - An error has been caught in function '_run', process 'MainProcess' (24152), thread 'MainThread' (8828):
Traceback (most recent call last):

  File "<frozen runpy>", line 198, in _run_module_as_main
  File "<frozen runpy>", line 88, in _run_code

  File "C:\Users\Chane\AppData\Local\Programs\Python\Python313\Scripts\celery.exe\__main__.py", line 7, in <module>

  File "C:\Users\Chane\AppData\Local\Programs\Python\Python313\Lib\site-packages\celery\__main__.py", line 15, in main
    sys.exit(_main())
    │   │    └ <function main at 0x000002375F5620C0>
    │   └ <built-in function exit>
    └ <module 'sys' (built-in)>
  File "C:\Users\Chane\AppData\Local\Programs\Python\Python313\Lib\site-packages\celery\bin\celery.py", line 227, in main
    return celery(auto_envvar_prefix="CELERY")
           └ <DYMGroup celery>
  File "C:\Users\Chane\AppData\Local\Programs\Python\Python313\Lib\site-packages\click\core.py", line 1462, in __call__
    return self.main(*args, **kwargs)
           │    │     │       └ {'auto_envvar_prefix': 'CELERY'}
           │    │     └ ()
           │    └ <function Command.main at 0x000002375D85D1C0>
           └ <DYMGroup celery>
  File "C:\Users\Chane\AppData\Local\Programs\Python\Python313\Lib\site-packages\click\core.py", line 1383, in main
    rv = self.invoke(ctx)
         │    │      └ <click.core.Context object at 0x000002375F4730E0>
         │    └ <function Group.invoke at 0x000002375D85E0C0>
         └ <DYMGroup celery>
  File "C:\Users\Chane\AppData\Local\Programs\Python\Python313\Lib\site-packages\click\core.py", line 1850, in invoke
    return _process_result(sub_ctx.command.invoke(sub_ctx))
           │               │       │       │      └ <click.core.Context object at 0x000002375F859F90>
           │               │       │       └ <function Command.invoke at 0x000002375D85CEA0>
           │               │       └ <CeleryDaemonCommand worker>
           │               └ <click.core.Context object at 0x000002375F859F90>
           └ <function Group.invoke.<locals>._process_result at 0x000002375D9634C0>
  File "C:\Users\Chane\AppData\Local\Programs\Python\Python313\Lib\site-packages\click\core.py", line 1246, in invoke
    return ctx.invoke(self.callback, **ctx.params)
           │   │      │    │           │   └ {'loglevel': 20, 'pool': <class 'celery.concurrency.solo.TaskPool'>, 'without_mingle': True, 'without_gossip': True, 'hostnam...
           │   │      │    │           └ <click.core.Context object at 0x000002375F859F90>
           │   │      │    └ <function worker at 0x000002375E9384A0>
           │   │      └ <CeleryDaemonCommand worker>
           │   └ <function Context.invoke at 0x000002375D85C0E0>
           └ <click.core.Context object at 0x000002375F859F90>
  File "C:\Users\Chane\AppData\Local\Programs\Python\Python313\Lib\site-packages\click\core.py", line 814, in invoke
    return callback(*args, **kwargs)
           │         │       └ {'loglevel': 20, 'pool': <class 'celery.concurrency.solo.TaskPool'>, 'without_mingle': True, 'without_gossip': True, 'hostnam...
           │         └ ()
           └ <function worker at 0x000002375E9384A0>
  File "C:\Users\Chane\AppData\Local\Programs\Python\Python313\Lib\site-packages\click\decorators.py", line 34, in new_func
    return f(get_current_context(), *args, **kwargs)
           │ │                       │       └ {'loglevel': 20, 'pool': <class 'celery.concurrency.solo.TaskPool'>, 'without_mingle': True, 'without_gossip': True, 'hostnam...
           │ │                       └ ()
           │ └ <function get_current_context at 0x000002375D82A340>
           └ <function worker at 0x000002375E938400>
  File "C:\Users\Chane\AppData\Local\Programs\Python\Python313\Lib\site-packages\celery\bin\base.py", line 158, in caller
    return f(ctx, *args, **kwargs)
           │ │     │       └ {'loglevel': 20, 'pool': <class 'celery.concurrency.solo.TaskPool'>, 'without_mingle': True, 'without_gossip': True, 'hostnam...
           │ │     └ ()
           │ └ <click.core.Context object at 0x000002375F859F90>
           └ <function worker at 0x000002375E938360>
  File "C:\Users\Chane\AppData\Local\Programs\Python\Python313\Lib\site-packages\celery\bin\worker.py", line 367, in worker
    worker.start()
    │      └ <function WorkController.start at 0x000002375E854540>
    └ <Worker: celery@DESKTOP-V9VEJ4N (running)>
  File "C:\Users\Chane\AppData\Local\Programs\Python\Python313\Lib\site-packages\celery\worker\worker.py", line 203, in start
    self.blueprint.start(self)
    │    │         │     └ <Worker: celery@DESKTOP-V9VEJ4N (running)>
    │    │         └ <function Blueprint.start at 0x000002375E844180>
    │    └ <celery.worker.worker.WorkController.Blueprint object at 0x00000237678BA7B0>
    └ <Worker: celery@DESKTOP-V9VEJ4N (running)>
  File "C:\Users\Chane\AppData\Local\Programs\Python\Python313\Lib\site-packages\celery\bootsteps.py", line 116, in start
    step.start(parent)
    │    │     └ <Worker: celery@DESKTOP-V9VEJ4N (running)>
    │    └ <function StartStopStep.start at 0x000002375E845440>
    └ <step: Consumer>
  File "C:\Users\Chane\AppData\Local\Programs\Python\Python313\Lib\site-packages\celery\bootsteps.py", line 365, in start
    return self.obj.start()
           │    │   └ <function Consumer.start at 0x000002376793CF40>
           │    └ <Consumer: celery@DESKTOP-V9VEJ4N (running)>
           └ <step: Consumer>
  File "C:\Users\Chane\AppData\Local\Programs\Python\Python313\Lib\site-packages\celery\worker\consumer\consumer.py", line 346, in start
    blueprint.start(self)
    │         │     └ <Consumer: celery@DESKTOP-V9VEJ4N (running)>
    │         └ <function Blueprint.start at 0x000002375E844180>
    └ <celery.worker.consumer.consumer.Consumer.Blueprint object at 0x00000237679297F0>
  File "C:\Users\Chane\AppData\Local\Programs\Python\Python313\Lib\site-packages\celery\bootsteps.py", line 116, in start
    step.start(parent)
    │    │     └ <Consumer: celery@DESKTOP-V9VEJ4N (running)>
    │    └ <function Evloop.start at 0x000002376793E2A0>
    └ <step: event loop>
  File "C:\Users\Chane\AppData\Local\Programs\Python\Python313\Lib\site-packages\celery\worker\consumer\consumer.py", line 788, in start
    c.loop(*c.loop_args())
    │ │     │ └ <function Consumer.loop_args at 0x000002376793D440>
    │ │     └ <Consumer: celery@DESKTOP-V9VEJ4N (running)>
    │ └ <function synloop at 0x000002376793C680>
    └ <Consumer: celery@DESKTOP-V9VEJ4N (running)>
  File "C:\Users\Chane\AppData\Local\Programs\Python\Python313\Lib\site-packages\celery\worker\loops.py", line 168, in synloop
    _loop_cycle()
    └ <function synloop.<locals>._loop_cycle at 0x00000237679A7D80>
  File "C:\Users\Chane\AppData\Local\Programs\Python\Python313\Lib\site-packages\celery\worker\loops.py", line 157, in _loop_cycle
    connection.drain_events(timeout=2.0)
    │          └ <function Connection.drain_events at 0x000002375D67DE40>
    └ <Connection: amqp://guest:**@127.0.0.1:5672// at 0x2376794d0f0>
  File "C:\Users\Chane\AppData\Local\Programs\Python\Python313\Lib\site-packages\kombu\connection.py", line 343, in drain_events
    return self.transport.drain_events(self.connection, **kwargs)
           │    │                      │    │             └ {'timeout': 2.0}
           │    │                      │    └ <property object at 0x000002375D5BFE20>
           │    │                      └ <Connection: amqp://guest:**@127.0.0.1:5672// at 0x2376794d0f0>
           │    └ <property object at 0x000002375D5BFEC0>
           └ <Connection: amqp://guest:**@127.0.0.1:5672// at 0x2376794d0f0>
  File "C:\Users\Chane\AppData\Local\Programs\Python\Python313\Lib\site-packages\kombu\transport\pyamqp.py", line 171, in drain_events
    return connection.drain_events(**kwargs)
           │          │              └ {'timeout': 2.0}
           │          └ <function Connection.drain_events at 0x000002375BD97F60>
           └ <AMQP Connection: 127.0.0.1:5672// using <TCPTransport: 127.0.0.1:50224 -> 127.0.0.1:5672 at 0x237679724d0> at 0x23767911fd0>
  File "C:\Users\Chane\AppData\Local\Programs\Python\Python313\Lib\site-packages\amqp\connection.py", line 526, in drain_events
    while not self.blocking_read(timeout):
              │    │             └ 2.0
              │    └ <function Connection.blocking_read at 0x000002375BD9C040>
              └ <AMQP Connection: 127.0.0.1:5672// using <TCPTransport: 127.0.0.1:50224 -> 127.0.0.1:5672 at 0x237679724d0> at 0x23767911fd0>
  File "C:\Users\Chane\AppData\Local\Programs\Python\Python313\Lib\site-packages\amqp\connection.py", line 532, in blocking_read
    return self.on_inbound_frame(frame)
           │    │                └ (3, 1, b'[[1399867473, "\\u0412\\u0430\\u0448 \\u0443\\u0440\\u043e\\u043a \\u043f\\u043e\\u043b\\u0443\\u0447\\u0438\\u043b ...
           │    └ <property object at 0x000002375BB2BEC0>
           └ <AMQP Connection: 127.0.0.1:5672// using <TCPTransport: 127.0.0.1:50224 -> 127.0.0.1:5672 at 0x237679724d0> at 0x23767911fd0>
  File "C:\Users\Chane\AppData\Local\Programs\Python\Python313\Lib\site-packages\amqp\method_framing.py", line 77, in on_frame
    callback(channel, msg.frame_method, msg.frame_args, msg)
    │        │        │   │             │   │           └ <amqp.basic_message.Message object at 0x0000023767D67950>
    │        │        │   │             │   └ <member 'frame_args' of 'GenericContent' objects>
    │        │        │   │             └ <amqp.basic_message.Message object at 0x0000023767D67950>
    │        │        │   └ <member 'frame_method' of 'GenericContent' objects>
    │        │        └ <amqp.basic_message.Message object at 0x0000023767D67950>
    │        └ 1
    └ <bound method Connection.on_inbound_method of <AMQP Connection: 127.0.0.1:5672// using <TCPTransport: 127.0.0.1:50224 -> 127....
  File "C:\Users\Chane\AppData\Local\Programs\Python\Python313\Lib\site-packages\amqp\connection.py", line 538, in on_inbound_method
    return self.channels[channel_id].dispatch_method(
           │    │        └ 1
           │    └ {0: <AMQP Connection: 127.0.0.1:5672// using <TCPTransport: 127.0.0.1:50224 -> 127.0.0.1:5672 at 0x237679724d0> at 0x23767911...
           └ <AMQP Connection: 127.0.0.1:5672// using <TCPTransport: 127.0.0.1:50224 -> 127.0.0.1:5672 at 0x237679724d0> at 0x23767911fd0>
  File "C:\Users\Chane\AppData\Local\Programs\Python\Python313\Lib\site-packages\amqp\abstract_channel.py", line 156, in dispatch_method
    listener(*args)
    │         └ ['None1', 14, False, '', 'celery', <amqp.basic_message.Message object at 0x0000023767D67950>]
    └ <bound method Channel._on_basic_deliver of <kombu.transport.pyamqp.Channel object at 0x00000237679125F0>>
  File "C:\Users\Chane\AppData\Local\Programs\Python\Python313\Lib\site-packages\amqp\channel.py", line 1629, in _on_basic_deliver
    fun(msg)
    │   └ <amqp.basic_message.Message object at 0x0000023767D67950>
    └ <bound method Consumer._receive_callback of <Consumer: [<Queue celery -> <Exchange celery(direct) bound to chan:1> -> celery ...
  File "C:\Users\Chane\AppData\Local\Programs\Python\Python313\Lib\site-packages\kombu\messaging.py", line 668, in _receive_callback
    return on_m(message) if on_m else self.receive(decoded, message)
           │    │           │         │    │       │        └ <Message object at 0x23767bb8440 with details {'state': 'RECEIVED', 'content_type': 'application/json', 'delivery_tag': 14, '...
           │    │           │         │    │       └ None
           │    │           │         │    └ <function Consumer.receive at 0x000002375D9BCCC0>
           │    │           │         └ <Consumer: [<Queue celery -> <Exchange celery(direct) bound to chan:1> -> celery bound to chan:1>, <Queue celery@DESKTOP-V9VE...
           │    │           └ <function Consumer.create_task_handler.<locals>.on_task_received at 0x00000237679A7B00>
           │    └ <Message object at 0x23767bb8440 with details {'state': 'RECEIVED', 'content_type': 'application/json', 'delivery_tag': 14, '...
           └ <function Consumer.create_task_handler.<locals>.on_task_received at 0x00000237679A7B00>
  File "C:\Users\Chane\AppData\Local\Programs\Python\Python313\Lib\site-packages\celery\worker\consumer\consumer.py", line 694, in on_task_received
    strategy(
    └ <function default.<locals>.task_message_handler at 0x00000237679A67A0>
  File "C:\Users\Chane\AppData\Local\Programs\Python\Python313\Lib\site-packages\celery\worker\strategy.py", line 203, in task_message_handler
    return limit_task(req, bucket, 1)
           │          │    └ <kombu.utils.limits.TokenBucket object at 0x00000237679296A0>
           │          └ <Request: send_single_tg_message[bb4fc38b-3303-4e9d-bc7b-f4b8c7f14421] (1399867473, 'Ваш урок получил новый статус, ознакомьт...
           └ <bound method Consumer._limit_task of <Consumer: celery@DESKTOP-V9VEJ4N (running)>>
  File "C:\Users\Chane\AppData\Local\Programs\Python\Python313\Lib\site-packages\celery\worker\consumer\consumer.py", line 323, in _limit_task
    return self._schedule_bucket_request(bucket)
           │    │                        └ <kombu.utils.limits.TokenBucket object at 0x00000237679296A0>
           │    └ <function Consumer._schedule_bucket_request at 0x000002376793CD60>
           └ <Consumer: celery@DESKTOP-V9VEJ4N (running)>
  File "C:\Users\Chane\AppData\Local\Programs\Python\Python313\Lib\site-packages\celery\worker\consumer\consumer.py", line 306, in _schedule_bucket_request
    self._limit_move_to_pool(request)
    │    │                   └ <Request: send_single_tg_message[bb4fc38b-3303-4e9d-bc7b-f4b8c7f14421] (1399867473, 'Ваш урок получил новый статус, ознакомьт...
    │    └ <function Consumer._limit_move_to_pool at 0x000002376793CCC0>
    └ <Consumer: celery@DESKTOP-V9VEJ4N (running)>
  File "C:\Users\Chane\AppData\Local\Programs\Python\Python313\Lib\site-packages\celery\worker\consumer\consumer.py", line 295, in _limit_move_to_pool
    self.on_task_request(request)
    │    │               └ <Request: send_single_tg_message[bb4fc38b-3303-4e9d-bc7b-f4b8c7f14421] (1399867473, 'Ваш урок получил новый статус, ознакомьт...
    │    └ <bound method WorkController._process_task of <Worker: celery@DESKTOP-V9VEJ4N (running)>>
    └ <Consumer: celery@DESKTOP-V9VEJ4N (running)>
  File "C:\Users\Chane\AppData\Local\Programs\Python\Python313\Lib\site-packages\celery\worker\worker.py", line 226, in _process_task
    req.execute_using_pool(self.pool)
    │   │                  │    └ <celery.concurrency.solo.TaskPool object at 0x00000237678BBE00>
    │   │                  └ <Worker: celery@DESKTOP-V9VEJ4N (running)>
    │   └ <function create_request_cls.<locals>.Request.execute_using_pool at 0x00000237679A6840>
    └ <Request: send_single_tg_message[bb4fc38b-3303-4e9d-bc7b-f4b8c7f14421] (1399867473, 'Ваш урок получил новый статус, ознакомьт...
  File "C:\Users\Chane\AppData\Local\Programs\Python\Python313\Lib\site-packages\celery\worker\request.py", line 770, in execute_using_pool
    result = apply_async(
             └ <bound method BasePool.apply_async of <celery.concurrency.solo.TaskPool object at 0x00000237678BBE00>>
  File "C:\Users\Chane\AppData\Local\Programs\Python\Python313\Lib\site-packages\celery\concurrency\base.py", line 153, in apply_async
    return self.on_apply(target, args, kwargs,
           │    │        │       │     └ {}
           │    │        │       └ ('send_single_tg_message', 'bb4fc38b-3303-4e9d-bc7b-f4b8c7f14421', {'argsrepr': "(1399867473, 'Ваш урок получил новый статус,...
           │    │        └ <function fast_trace_task at 0x000002375E8D1940>
           │    └ <function apply_target at 0x000002375D7A8CC0>
           └ <celery.concurrency.solo.TaskPool object at 0x00000237678BBE00>
  File "C:\Users\Chane\AppData\Local\Programs\Python\Python313\Lib\site-packages\celery\concurrency\base.py", line 30, in apply_target
    ret = target(*args, **kwargs)
          │       │       └ {}
          │       └ ('send_single_tg_message', 'bb4fc38b-3303-4e9d-bc7b-f4b8c7f14421', {'argsrepr': "(1399867473, 'Ваш урок получил новый статус,...
          └ <function fast_trace_task at 0x000002375E8D1940>
  File "C:\Users\Chane\AppData\Local\Programs\Python\Python313\Lib\site-packages\celery\app\trace.py", line 773, in fast_trace_task
    R, I, T, Rstr = tasks[task].__trace__(
                    │     └ 'send_single_tg_message'
                    └ {'celery.map': <@task: celery.map of worker at 0x2375f7b7e00>, 'celery.backend_cleanup': <@task: celery.backend_cleanup of wo...
  File "C:\Users\Chane\AppData\Local\Programs\Python\Python313\Lib\site-packages\celery\app\trace.py", line 585, in trace_task
    R = retval = fun(*args, **kwargs)
                 │    │       └ {}
                 │    └ [1399867473, 'Ваш урок получил новый статус, ознакомьтесь с ним.', 'exp://10.171.36.68:8081/--/lesson/54']
                 └ <@task: send_single_tg_message of worker at 0x2375f7b7e00>
  File "C:\Users\Chane\AppData\Local\Programs\Python\Python313\Lib\site-packages\celery\app\trace.py", line 858, in __protected_call__
    return self.run(*args, **kwargs)
           │    │    │       └ {}
           │    │    └ (1399867473, 'Ваш урок получил новый статус, ознакомьтесь с ним.', 'exp://10.171.36.68:8081/--/lesson/54')
           │    └ <function send_single_tg_message at 0x0000023767740E00>
           └ <@task: send_single_tg_message of worker at 0x2375f7b7e00>

  File "E:\dev\share_it\back-end\routers\tasks\notification_tasks.py", line 60, in send_single_tg_message
    _run_async_send(chat_id, message_text, url)
    │               │        │             └ 'exp://10.171.36.68:8081/--/lesson/54'
    │               │        └ 'Ваш урок получил новый статус, ознакомьтесь с ним.'
    │               └ 1399867473
    └ <function _run_async_send at 0x0000023767741580>

  File "E:\dev\share_it\back-end\routers\tasks\notification_tasks.py", line 83, in _run_async_send
    asyncio.run(_safe_send_message(chat_id, message_text, url))
    │       │   │                  │        │             └ 'exp://10.171.36.68:8081/--/lesson/54'
    │       │   │                  │        └ 'Ваш урок получил новый статус, ознакомьтесь с ним.'
    │       │   │                  └ 1399867473
    │       │   └ <function _safe_send_message at 0x00000237677411C0>
    │       └ <function run at 0x000002375E2DE0C0>
    └ <module 'asyncio' from 'C:\\Users\\Chane\\AppData\\Local\\Programs\\Python\\Python313\\Lib\\asyncio\\__init__.py'>

  File "C:\Users\Chane\AppData\Local\Programs\Python\Python313\Lib\asyncio\runners.py", line 195, in run
    return runner.run(main)
           │      │   └ <coroutine object _safe_send_message at 0x0000023767A0BA40>
           │      └ <function Runner.run at 0x000002375E315760>
           └ <asyncio.runners.Runner object at 0x0000023767BCC9F0>
  File "C:\Users\Chane\AppData\Local\Programs\Python\Python313\Lib\asyncio\runners.py", line 118, in run
    return self._loop.run_until_complete(task)
           │    │     │                  └ <Task pending name='Task-75' coro=<_safe_send_message() running at C:\Users\Chane\AppData\Local\Programs\Python\Python313\Lib...
           │    │     └ <function BaseEventLoop.run_until_complete at 0x000002375E30F1A0>
           │    └ <_WindowsSelectorEventLoop running=True closed=False debug=False>
           └ <asyncio.runners.Runner object at 0x0000023767BCC9F0>
  File "C:\Users\Chane\AppData\Local\Programs\Python\Python313\Lib\asyncio\base_events.py", line 712, in run_until_complete
    self.run_forever()
    │    └ <function BaseEventLoop.run_forever at 0x000002375E30F100>
    └ <_WindowsSelectorEventLoop running=True closed=False debug=False>
  File "C:\Users\Chane\AppData\Local\Programs\Python\Python313\Lib\asyncio\base_events.py", line 683, in run_forever
    self._run_once()
    │    └ <function BaseEventLoop._run_once at 0x000002375E314F40>
    └ <_WindowsSelectorEventLoop running=True closed=False debug=False>
  File "C:\Users\Chane\AppData\Local\Programs\Python\Python313\Lib\asyncio\base_events.py", line 2040, in _run_once
    handle._run()
    │      └ <function Handle._run at 0x000002375DA56700>
    └ <Handle Task.task_wakeup()>
> File "C:\Users\Chane\AppData\Local\Programs\Python\Python313\Lib\asyncio\events.py", line 89, in _run
    self._context.run(self._callback, *self._args)
    │    │            │    │           │    └ <member '_args' of 'Handle' objects>
    │    │            │    │           └ <Handle Task.task_wakeup()>
    │    │            │    └ <member '_callback' of 'Handle' objects>
    │    │            └ <Handle Task.task_wakeup()>
    │    └ <member '_context' of 'Handle' objects>
    └ <Handle Task.task_wakeup()>

  File "E:\dev\share_it\back-end\routers\tasks\notification_tasks.py", line 77, in _safe_send_message
    raise e

  File "E:\dev\share_it\back-end\routers\tasks\notification_tasks.py", line 74, in _safe_send_message
    await bot.send_message(chat_id, message_text, reply_markup=kb)
          │   │            │        │                          └ InlineKeyboardMarkup(inline_keyboard=[[InlineKeyboardButton(text='Перейти к уроку', url='exp://10.171.36.68:8081/--/lesson/54...
          │   │            │        └ 'Ваш урок получил новый статус, ознакомьтесь с ним.'
          │   │            └ 1399867473
          │   └ <function Bot.send_message at 0x0000023764B9D120>
          └ <aiogram.client.bot.Bot object at 0x0000023767A876F0>

  File "C:\Users\Chane\AppData\Local\Programs\Python\Python313\Lib\site-packages\aiogram\client\bot.py", line 2850, in send_message
    return await self(call, request_timeout=request_timeout)
                 │    │                     └ None
                 │    └ SendMessage(chat_id=1399867473, text='Ваш урок получил новый статус, ознакомьтесь с ним.', business_connection_id=None, messa...
                 └ <aiogram.client.bot.Bot object at 0x0000023767A876F0>
  File "C:\Users\Chane\AppData\Local\Programs\Python\Python313\Lib\site-packages\aiogram\client\bot.py", line 478, in __call__
    return await self.session(self, method, timeout=request_timeout)
                 │    │       │     │               └ None
                 │    │       │     └ SendMessage(chat_id=1399867473, text='Ваш урок получил новый статус, ознакомьтесь с ним.', business_connection_id=None, messa...
                 │    │       └ <aiogram.client.bot.Bot object at 0x0000023767A876F0>
                 │    └ <aiogram.client.session.aiohttp.AiohttpSession object at 0x0000023767A87360>
                 └ <aiogram.client.bot.Bot object at 0x0000023767A876F0>
  File "C:\Users\Chane\AppData\Local\Programs\Python\Python313\Lib\site-packages\aiogram\client\session\base.py", line 254, in __call__
    return cast(TelegramType, await middleware(bot, method))
           │    │                   │          │    └ SendMessage(chat_id=1399867473, text='Ваш урок получил новый статус, ознакомьтесь с ним.', business_connection_id=None, messa...
           │    │                   │          └ <aiogram.client.bot.Bot object at 0x0000023767A876F0>
           │    │                   └ functools.partial(<bound method AiohttpSession.make_request of <aiogram.client.session.aiohttp.AiohttpSession object at 0x000...
           │    └ ~TelegramType
           └ <function cast at 0x000002375B14CD60>
  File "C:\Users\Chane\AppData\Local\Programs\Python\Python313\Lib\site-packages\aiogram\client\session\aiohttp.py", line 185, in make_request
    response = self.check_response(
               │    └ <function BaseSession.check_response at 0x0000023764C40900>
               └ <aiogram.client.session.aiohttp.AiohttpSession object at 0x0000023767A87360>
  File "C:\Users\Chane\AppData\Local\Programs\Python\Python313\Lib\site-packages\aiogram\client\session\base.py", line 120, in check_response
    raise TelegramBadRequest(method=method, message=description)
          │                         │               └ "Bad Request: inline keyboard button URL 'exp://10.171.36.68:8081/--/lesson/54' is invalid: Unsupported URL protocol"
          │                         └ SendMessage(chat_id=1399867473, text='Ваш урок получил новый статус, ознакомьтесь с ним.', business_connection_id=None, messa...
          └ <class 'aiogram.exceptions.TelegramBadRequest'>

aiogram.exceptions.TelegramBadRequest: Telegram server says - Bad Request: inline keyboard button URL 'exp://10.171.36.68:8081/--/lesson/54' is invalid: Unsupported URL protocol
2026-05-09 13:03:57 | INFO     | routers.auth_router:request_challenge:33 - Challenge generated for PK: 0xa6769d3b6D682...
2026-05-09 13:03:57 | INFO     | routers.auth_router:verify_challenge:75 - User 102 logged in via ZKP
2026-05-09 13:09:15 | INFO     | routers.auth_router:request_challenge:33 - Challenge generated for PK: 0xa6769d3b6D682...
2026-05-09 13:09:15 | INFO     | routers.auth_router:verify_challenge:75 - User 102 logged in via ZKP
2026-05-09 13:11:19 | INFO     | routers.auth_router:request_challenge:33 - Challenge generated for PK: 0xa6769d3b6D682...
2026-05-09 13:11:19 | INFO     | routers.auth_router:verify_challenge:75 - User 102 logged in via ZKP
2026-05-09 13:14:37 | INFO     | routers.auth_router:request_challenge:33 - Challenge generated for PK: 0xa6769d3b6D682...
2026-05-09 13:14:37 | INFO     | routers.auth_router:verify_challenge:75 - User 102 logged in via ZKP
2026-05-09 13:18:22 | INFO     | routers.auth_router:request_challenge:33 - Challenge generated for PK: 0xa6769d3b6D682...
2026-05-09 13:18:22 | INFO     | routers.auth_router:verify_challenge:75 - User 102 logged in via ZKP
2026-05-09 13:22:17 | INFO     | routers.auth_router:request_challenge:33 - Challenge generated for PK: 0xa6769d3b6D682...
2026-05-09 13:22:17 | INFO     | routers.auth_router:verify_challenge:75 - User 102 logged in via ZKP
2026-05-09 13:22:40 | INFO     | routers.auth_router:request_challenge:33 - Challenge generated for PK: 0xa6769d3b6D682...
2026-05-09 13:22:40 | INFO     | routers.auth_router:verify_challenge:75 - User 102 logged in via ZKP
2026-05-09 13:24:45 | INFO     | routers.auth_router:request_challenge:33 - Challenge generated for PK: 0xa6769d3b6D682...
2026-05-09 13:24:45 | INFO     | routers.auth_router:verify_challenge:75 - User 102 logged in via ZKP
2026-05-09 13:25:25 | INFO     | routers.auth_router:request_challenge:33 - Challenge generated for PK: 0xa6769d3b6D682...
2026-05-09 13:25:25 | INFO     | routers.auth_router:verify_challenge:75 - User 102 logged in via ZKP
2026-05-09 13:27:49 | INFO     | routers.auth_router:request_challenge:33 - Challenge generated for PK: 0xa6769d3b6D682...
2026-05-09 13:27:49 | INFO     | routers.auth_router:verify_challenge:75 - User 102 logged in via ZKP
2026-05-09 13:30:07 | INFO     | routers.auth_router:request_challenge:33 - Challenge generated for PK: 0xa6769d3b6D682...
2026-05-09 13:30:07 | INFO     | routers.auth_router:verify_challenge:75 - User 102 logged in via ZKP
2026-05-09 13:33:47 | INFO     | routers.auth_router:request_challenge:33 - Challenge generated for PK: 0xa6769d3b6D682...
2026-05-09 13:33:47 | INFO     | routers.auth_router:verify_challenge:75 - User 102 logged in via ZKP
2026-05-09 13:36:12 | INFO     | routers.auth_router:request_challenge:33 - Challenge generated for PK: 0xa6769d3b6D682...
2026-05-09 13:36:12 | INFO     | routers.auth_router:request_challenge:33 - Challenge generated for PK: 0xa6769d3b6D682...
2026-05-09 13:36:12 | INFO     | routers.auth_router:verify_challenge:75 - User 102 logged in via ZKP
